t_s,ws_bytes,peak_ws_bytes,private_bytes
0.0,13406208,13410304,3256320
1.1,114266112,114270208,101220352
2.1,195850240,195854336,185929728
3.1,251334656,251338752,244969472
4.1,360599552,360603648,357146624
5.1,412774400,412778496,412598272
6.1,469282816,469286912,472805376
7.1,510521344,510525440,516636672
8.2,552116224,552120320,560939008
9.2,697204736,697208832,706977792
10.2,734195712,734199808,746360832
11.2,783536128,783540224,798851072
12.2,837013504,837017600,855711744
13.2,890040320,890044416,912179200
14.2,945881088,945885184,971534336
15.3,1003163648,1003167744,1032445952
16.3,1058865152,1058869248,1091727360
17.3,1370583040,1370587136,1406791680
18.3,1370583040,1370587136,1406791680
19.3,1372323840,1372327936,1408585728
20.3,1420902400,1420906496,1460289536
21.3,1448579072,1448583168,1489772544
22.4,1449066496,1449070592,1490239488
23.4,1449553920,1449558016,1490788352
24.4,1449832448,1449836544,1491099648
25.4,1450041344,1450045440,1491255296
26.4,1450041344,1450045440,1491255296
27.4,1450041344,1450045440,1491255296
28.5,1450041344,1450045440,1491255296
29.5,1450041344,1450045440,1491255296
30.5,1449979904,1450045440,1491152896
31.5,1449979904,1450045440,1491152896
32.6,1449979904,1450045440,1491152896
33.6,1449979904,1450045440,1491152896
34.7,1449979904,1450045440,1491152896
35.7,1449979904,1450045440,1491152896
36.8,1449979904,1450045440,1491152896
38.1,1449979904,1450045440,1491152896
39.3,1449979904,1450045440,1491152896
40.3,1449979904,1450045440,1491152896
41.3,1449979904,1450045440,1491152896
42.3,1449979904,1450045440,1491152896
43.4,1449979904,1450045440,1491152896
44.4,1449979904,1450045440,1491152896
45.4,1449979904,1450045440,1491152896
46.5,1449979904,1450045440,1491152896
47.5,1449979904,1450045440,1491152896
48.6,1449979904,1450045440,1491152896
49.6,1449979904,1450045440,1491152896
50.6,1449979904,1450045440,1491152896
51.7,1449979904,1450045440,1491152896
52.7,1449979904,1450045440,1491152896
53.8,1449979904,1450045440,1491152896
54.8,1449979904,1450045440,1491152896
55.9,1449979904,1450045440,1491152896
56.9,1449979904,1450045440,1491152896
57.9,1449979904,1450045440,1491152896
58.9,1449979904,1450045440,1491152896
59.9,1449979904,1450045440,1491152896
61.0,1449979904,1450045440,1491152896
62.0,1449979904,1450045440,1491152896
63.0,1449979904,1450045440,1491152896
64.1,1449979904,1450045440,1491152896
65.1,1449979904,1450045440,1491152896
66.1,1449979904,1450045440,1491152896
67.1,1449979904,1450045440,1491152896
68.1,1449979904,1450045440,1491152896
69.1,1449979904,1450045440,1491152896
70.1,1449979904,1450045440,1491152896
71.2,1449979904,1450045440,1491152896
72.2,1449979904,1450045440,1491152896
73.2,1449979904,1450045440,1491152896
74.2,1449979904,1450045440,1491152896
75.2,1449979904,1450045440,1491152896
76.2,1449979904,1450045440,1491152896
77.2,1449979904,1450045440,1491152896
78.3,1449979904,1450045440,1491152896
79.3,1449979904,1450045440,1491152896
80.3,1449979904,1450045440,1491152896
81.3,1449979904,1450045440,1491152896
82.3,1449979904,1450045440,1491152896
83.3,1449979904,1450045440,1491152896
84.3,1449979904,1450045440,1491152896
85.3,1449979904,1450045440,1491152896
86.4,1449979904,1450045440,1491152896
87.4,1449979904,1450045440,1491152896
88.4,1449979904,1450045440,1491152896
89.4,1449979904,1450045440,1491152896
90.4,1449979904,1450045440,1491152896
91.4,1449979904,1450045440,1491152896
92.4,1449979904,1450045440,1491152896
93.4,1449979904,1450045440,1491152896
94.5,1449979904,1450045440,1491152896
95.5,1449979904,1450045440,1491152896
96.5,1449979904,1450045440,1491152896
97.5,1449979904,1450045440,1491152896
98.5,1449979904,1450045440,1491152896
99.5,1449979904,1450045440,1491152896
100.5,1449979904,1450045440,1491152896
101.6,1449979904,1450045440,1491152896
102.6,1449979904,1450045440,1491152896
103.6,1449979904,1450045440,1491152896
104.6,1449979904,1450045440,1491152896
105.7,1449979904,1450045440,1491152896
106.7,1449979904,1450045440,1491152896
107.7,1449979904,1450045440,1491152896
108.8,1449979904,1450045440,1491152896
109.8,1449979904,1450045440,1491152896
110.8,1449979904,1450045440,1491152896
111.8,1449979904,1450045440,1491152896
112.8,1449979904,1450045440,1491152896
113.8,1449979904,1450045440,1491152896
114.8,1449979904,1450045440,1491152896
115.8,1449979904,1450045440,1491152896
116.8,1449979904,1450045440,1491152896
117.9,1449979904,1450045440,1491152896
118.9,1449979904,1450045440,1491152896
119.9,1449979904,1450045440,1491152896
120.9,1449979904,1450045440,1491152896
121.9,1449979904,1450045440,1491152896
122.9,1449979904,1450045440,1491152896
123.9,1449979904,1450045440,1491152896
124.9,1449979904,1450045440,1491152896
126.0,1449979904,1450045440,1491152896
127.0,1449979904,1450045440,1491152896
128.0,1449979904,1450045440,1491152896
129.0,1449979904,1450045440,1491152896
130.0,1449979904,1450045440,1491152896
131.0,1449979904,1450045440,1491152896
132.0,1449979904,1450045440,1491152896
133.1,1449979904,1450045440,1491152896
134.1,1449971712,1450045440,1491095552
135.1,1449971712,1450045440,1491095552
136.1,1449971712,1450045440,1491095552
137.2,1449971712,1450045440,1491095552
138.2,1449971712,1450045440,1491095552
139.2,1449971712,1450045440,1491095552
140.3,1449971712,1450045440,1491095552
141.3,1449971712,1450045440,1491095552
142.3,1449971712,1450045440,1491095552
143.4,1449971712,1450045440,1491095552
144.4,1449971712,1450045440,1491095552
145.4,1449971712,1450045440,1491095552
146.4,1449971712,1450045440,1491095552
147.5,1449971712,1450045440,1491095552
148.5,1449971712,1450045440,1491095552
149.5,1449971712,1450045440,1491095552
150.6,1449971712,1450045440,1491095552
151.6,1449971712,1450045440,1491095552
152.6,1449971712,1450045440,1491095552
153.6,1449971712,1450045440,1491095552
154.6,1449971712,1450045440,1491095552
155.6,1449971712,1450045440,1491095552
156.6,1449971712,1450045440,1491095552
157.7,1449971712,1450045440,1491095552
158.7,1449971712,1450045440,1491095552
159.7,1449971712,1450045440,1491095552
160.7,1449971712,1450045440,1491095552
161.7,1449971712,1450045440,1491095552
162.7,1449971712,1450045440,1491095552
163.8,1449971712,1450045440,1491095552
164.8,1449971712,1450045440,1491095552
165.8,1449971712,1450045440,1491095552
166.8,1449971712,1450045440,1491095552
167.9,1449971712,1450045440,1491095552
168.9,1449971712,1450045440,1491095552
169.9,1449971712,1450045440,1491095552
170.9,1449971712,1450045440,1491095552
171.9,1449971712,1450045440,1491095552
172.9,1449971712,1450045440,1491095552
173.9,1449971712,1450045440,1491095552
174.9,1449971712,1450045440,1491095552
176.0,1449971712,1450045440,1491095552
177.0,1449971712,1450045440,1491095552
178.0,1449971712,1450045440,1491095552
179.0,1449971712,1450045440,1491095552
180.0,1449971712,1450045440,1491095552
181.0,1449971712,1450045440,1491095552
182.0,1449971712,1450045440,1491095552
183.0,1449971712,1450045440,1491095552
184.0,1449971712,1450045440,1491095552
185.1,1449971712,1450045440,1491095552
186.1,1449971712,1450045440,1491095552
187.1,1449971712,1450045440,1491095552
188.1,1449971712,1450045440,1491095552
189.1,1449971712,1450045440,1491095552
190.2,1449971712,1450045440,1491095552
191.2,1449971712,1450045440,1491095552
192.2,1449971712,1450045440,1491095552
193.2,1449971712,1450045440,1491095552
194.3,1449971712,1450045440,1491095552
195.3,1449971712,1450045440,1491095552
196.3,1449971712,1450045440,1491095552
197.3,1449971712,1450045440,1491095552
198.4,1449971712,1450045440,1491095552
199.4,1449971712,1450045440,1491095552
200.4,1449971712,1450045440,1491095552
201.4,1449971712,1450045440,1491095552
202.4,1449971712,1450045440,1491095552
203.4,1449971712,1450045440,1491095552
204.5,1449971712,1450045440,1491095552
205.5,1449971712,1450045440,1491095552
206.5,1449971712,1450045440,1491095552
207.5,1449971712,1450045440,1491095552
208.6,1449971712,1450045440,1491095552
209.6,1449971712,1450045440,1491095552
210.6,1449971712,1450045440,1491095552
211.6,1449971712,1450045440,1491095552
212.6,1449971712,1450045440,1491095552
213.6,1449971712,1450045440,1491095552
214.6,1449971712,1450045440,1491095552
215.6,1449971712,1450045440,1491095552
216.7,1449971712,1450045440,1491095552
217.7,1449971712,1450045440,1491095552
218.7,1449971712,1450045440,1491095552
219.7,1449971712,1450045440,1491095552
220.8,1449971712,1450045440,1491095552
221.8,1449971712,1450045440,1491095552
222.8,1449971712,1450045440,1491095552
223.8,1449971712,1450045440,1491095552
224.9,1449971712,1450045440,1491095552
225.9,1449971712,1450045440,1491095552
226.9,1449971712,1450045440,1491095552
227.9,1449971712,1450045440,1491095552
228.9,1449971712,1450045440,1491095552
229.9,1449971712,1450045440,1491095552
231.0,1449971712,1450045440,1491095552
232.0,1449971712,1450045440,1491095552
233.0,1449971712,1450045440,1491095552
234.0,1449971712,1450045440,1491095552
235.1,1449971712,1450045440,1491095552
236.1,1449971712,1450045440,1491095552
237.1,1449971712,1450045440,1491095552
238.1,1449971712,1450045440,1491095552
239.2,1449971712,1450045440,1491095552
240.2,1449971712,1450045440,1491095552
241.2,1449971712,1450045440,1491095552
242.3,1449971712,1450045440,1491095552
243.3,1449971712,1450045440,1491095552
244.3,1449971712,1450045440,1491095552
245.4,1449971712,1450045440,1491095552
246.4,1449971712,1450045440,1491095552
247.4,1449971712,1450045440,1491095552
248.4,1449971712,1450045440,1491095552
249.4,1449971712,1450045440,1491095552
250.5,1449971712,1450045440,1491095552
251.5,1449971712,1450045440,1491095552
252.5,1449971712,1450045440,1491095552
253.5,1449971712,1450045440,1491095552
254.6,1449971712,1450045440,1491095552
255.6,1449971712,1450045440,1491095552
256.8,1449979904,1450045440,1491095552
257.9,1449979904,1450045440,1491095552
259.0,1449979904,1450045440,1491095552
260.0,1449979904,1450045440,1491095552
261.0,1449979904,1450045440,1491095552
262.1,1449979904,1450045440,1491095552
263.1,1449979904,1450045440,1491095552
264.1,1449979904,1450045440,1491095552
265.1,1449979904,1450045440,1491095552
266.2,1449979904,1450045440,1491095552
267.2,1449979904,1450045440,1491095552
268.2,1449979904,1450045440,1491095552
269.2,1449979904,1450045440,1491095552
270.3,1449979904,1450045440,1491095552
271.3,1449979904,1450045440,1491095552
272.3,1449979904,1450045440,1491095552
273.3,1449979904,1450045440,1491095552
274.3,1449979904,1450045440,1491095552
275.4,1449979904,1450045440,1491095552
276.4,1449979904,1450045440,1491095552
277.4,1449979904,1450045440,1491095552
278.4,1449979904,1450045440,1491095552
279.5,1449979904,1450045440,1491095552
280.5,1449979904,1450045440,1491095552
281.6,1449979904,1450045440,1491095552
282.6,1449979904,1450045440,1491095552
283.6,1449979904,1450045440,1491095552
284.6,1449979904,1450045440,1491095552
285.7,1449979904,1450045440,1491095552
286.7,1449979904,1450045440,1491095552
287.7,1449979904,1450045440,1491095552
288.8,1449979904,1450045440,1491095552
289.8,1449979904,1450045440,1491095552
290.9,1449979904,1450045440,1491095552
291.9,1449979904,1450045440,1491095552
292.9,1449979904,1450045440,1491095552
294.0,1449979904,1450045440,1491095552
295.0,1449979904,1450045440,1491095552
296.0,1449979904,1450045440,1491095552
297.1,1449979904,1450045440,1491095552
298.1,1449979904,1450045440,1491095552
299.1,1449979904,1450045440,1491095552
300.2,1450094592,1450098688,1491161088
301.2,1450094592,1450098688,1491161088
302.2,1450094592,1450098688,1491161088
303.2,1450094592,1450098688,1491161088
304.2,1450094592,1450098688,1491161088
305.2,1450094592,1450098688,1491161088
306.3,1450094592,1450098688,1491161088
307.3,1450094592,1450098688,1491161088
308.3,1450094592,1450098688,1491161088
309.4,1450094592,1450098688,1491161088
310.4,1450094592,1450098688,1491161088
311.5,1450094592,1450098688,1491161088
312.5,1450094592,1450098688,1491161088
313.5,1450094592,1450098688,1491161088
314.6,1450094592,1450098688,1491161088
315.6,1450094592,1450098688,1491161088
316.7,1450094592,1450098688,1491161088
317.7,1450094592,1450098688,1491161088
318.7,1450094592,1450098688,1491161088
319.7,1450094592,1450098688,1491161088
320.8,1450094592,1450098688,1491161088
321.8,1450094592,1450098688,1491161088
322.8,1450094592,1450098688,1491161088
323.9,1450094592,1450098688,1491161088
324.9,1450094592,1450098688,1491161088
325.9,1450094592,1450098688,1491161088
327.0,1450094592,1450098688,1491161088
328.0,1450094592,1450098688,1491161088
329.0,1450094592,1450098688,1491161088
330.1,1450094592,1450098688,1491161088
331.1,1450094592,1450098688,1491161088
332.1,1450094592,1450098688,1491161088
333.1,1450094592,1450098688,1491161088
334.2,1450094592,1450098688,1491161088
335.2,1450094592,1450098688,1491161088
336.2,1450094592,1450098688,1491161088
337.2,1450094592,1450098688,1491161088
338.2,1450094592,1450098688,1491161088
339.2,1450094592,1450098688,1491161088
340.3,1450094592,1450098688,1491161088
341.3,1450094592,1450098688,1491161088
342.3,1450094592,1450098688,1491161088
343.4,1450094592,1450098688,1491161088
344.4,1450094592,1450098688,1491161088
345.4,1450094592,1450098688,1491161088
346.5,1450094592,1450098688,1491161088
347.5,1450094592,1450098688,1491161088
348.6,1450094592,1450098688,1491161088
349.6,1450094592,1450098688,1491161088
350.7,1450094592,1450098688,1491161088
351.7,1450094592,1450098688,1491161088
352.8,1450094592,1450098688,1491161088
353.9,1450094592,1450098688,1491161088
354.9,1450094592,1450098688,1491161088
356.0,1450094592,1450098688,1491161088
357.0,1450094592,1450098688,1491161088
358.0,1450094592,1450098688,1491161088
359.0,1450094592,1450098688,1491161088
360.1,1450094592,1450098688,1491161088
361.1,1450094592,1450098688,1491161088
362.1,1450094592,1450098688,1491161088
363.2,1450094592,1450098688,1491161088
364.2,1450094592,1450098688,1491161088
365.3,1450094592,1450098688,1491161088
366.3,1450094592,1450098688,1491161088
367.4,1450094592,1450098688,1491161088
368.4,1450094592,1450098688,1491161088
369.4,1450094592,1450098688,1491161088
370.5,1450094592,1450098688,1491161088
371.5,1450094592,1450098688,1491161088
372.5,1450094592,1450098688,1491161088
373.5,1450094592,1450098688,1491161088
374.6,1450094592,1450098688,1491161088
375.6,1450094592,1450098688,1491161088
376.6,1450094592,1450098688,1491161088
377.6,1450094592,1450098688,1491161088
378.7,1450094592,1450098688,1491161088
379.7,1450094592,1450098688,1491161088
380.7,1450094592,1450098688,1491161088
381.7,1450094592,1450098688,1491161088
382.7,1450094592,1450098688,1491161088
383.8,1450094592,1450098688,1491161088
384.8,1450094592,1450098688,1491161088
385.8,1450094592,1450098688,1491161088
386.8,1450094592,1450098688,1491161088
387.8,1450094592,1450098688,1491161088
388.8,1450094592,1450098688,1491161088
389.9,1450094592,1450098688,1491161088
390.9,1450094592,1450098688,1491161088
391.9,1450094592,1450098688,1491161088
392.9,1450094592,1450098688,1491161088
394.0,1450094592,1450098688,1491161088
395.0,1450094592,1450098688,1491161088
396.0,1450094592,1450098688,1491161088
397.0,1450094592,1450098688,1491161088
398.1,1450094592,1450098688,1491161088
399.1,1450094592,1450098688,1491161088
400.2,1450094592,1450098688,1491161088
401.2,1450094592,1450098688,1491161088
402.3,1450061824,1450102784,1491095552
403.5,1450061824,1450102784,1491095552
404.5,1450061824,1450102784,1491095552
405.6,1450061824,1450102784,1491095552
406.6,1450061824,1450102784,1491095552
407.6,1450061824,1450102784,1491095552
408.7,1450061824,1450102784,1491095552
409.7,1450061824,1450102784,1491095552
410.7,1450061824,1450102784,1491095552
411.7,1450061824,1450102784,1491095552
412.8,1450061824,1450102784,1491095552
413.8,1450061824,1450102784,1491095552
414.8,1450061824,1450102784,1491095552
415.9,1450061824,1450102784,1491095552
417.0,1450061824,1450102784,1491095552
418.0,1450061824,1450102784,1491095552
419.0,1450061824,1450102784,1491095552
420.1,1450061824,1450102784,1491095552
421.1,1450061824,1450102784,1491095552
422.1,1450061824,1450102784,1491095552
423.2,1450061824,1450102784,1491095552
424.2,1450061824,1450102784,1491095552
425.2,1450061824,1450102784,1491095552
426.3,1450061824,1450102784,1491095552
427.3,1450061824,1450102784,1491095552
428.3,1450061824,1450102784,1491095552
429.3,1450061824,1450102784,1491095552
430.4,1450061824,1450102784,1491095552
431.4,1450061824,1450102784,1491095552
432.5,1450061824,1450102784,1491095552
433.6,1450061824,1450102784,1491095552
434.6,1450061824,1450102784,1491095552
435.7,1450061824,1450102784,1491095552
436.8,1450061824,1450102784,1491095552
437.8,1450061824,1450102784,1491095552
438.8,1450061824,1450102784,1491095552
439.9,1450061824,1450102784,1491095552
440.9,1450061824,1450102784,1491095552
442.0,1450061824,1450102784,1491095552
443.0,1450061824,1450102784,1491095552
444.0,1450061824,1450102784,1491095552
445.1,1450061824,1450102784,1491095552
446.1,1450061824,1450102784,1491095552
447.1,1450061824,1450102784,1491095552
448.2,1450061824,1450102784,1491095552
449.2,1450061824,1450102784,1491095552
450.3,1450061824,1450102784,1491095552
451.3,1450061824,1450102784,1491095552
452.3,1450061824,1450102784,1491095552
453.4,1450061824,1450102784,1491095552
454.4,1450061824,1450102784,1491095552
455.5,1450061824,1450102784,1491095552
456.6,1450061824,1450102784,1491095552
457.6,1450061824,1450102784,1491095552
458.7,1450061824,1450102784,1491095552
459.8,1450061824,1450102784,1491095552
460.8,1450061824,1450102784,1491095552
461.8,1450061824,1450102784,1491095552
462.9,1450061824,1450102784,1491095552
463.9,1450061824,1450102784,1491095552
464.9,1450061824,1450102784,1491095552
466.0,1450061824,1450102784,1491095552
467.0,1450061824,1450102784,1491095552
468.0,1450061824,1450102784,1491095552
469.1,1450061824,1450102784,1491095552
470.1,1450061824,1450102784,1491095552
471.1,1450061824,1450102784,1491095552
472.1,1450061824,1450102784,1491095552
473.2,1450061824,1450102784,1491095552
474.2,1450061824,1450102784,1491095552
475.2,1450061824,1450102784,1491095552
476.3,1450061824,1450102784,1491095552
477.3,1450061824,1450102784,1491095552
478.3,1450061824,1450102784,1491095552
479.4,1450061824,1450102784,1491095552
480.4,1450061824,1450102784,1491095552
481.5,1450061824,1450102784,1491095552
482.6,1450061824,1450102784,1491095552
483.7,1450061824,1450102784,1491095552
484.7,1450061824,1450102784,1491095552
485.8,1450061824,1450102784,1491095552
486.8,1450061824,1450102784,1491095552
487.9,1450061824,1450102784,1491095552
488.9,1450061824,1450102784,1491095552
489.9,1450061824,1450102784,1491095552
491.0,1450061824,1450102784,1491095552
492.0,1450061824,1450102784,1491095552
493.0,1450061824,1450102784,1491095552
494.0,1450061824,1450102784,1491095552
495.1,1450061824,1450102784,1491095552
496.1,1450061824,1450102784,1491095552
497.1,1450061824,1450102784,1491095552
498.1,1450061824,1450102784,1491095552
499.1,1450061824,1450102784,1491095552
500.1,1450061824,1450102784,1491095552
501.1,1450061824,1450102784,1491095552
502.1,1450061824,1450102784,1491095552
503.2,1450061824,1450102784,1491095552
504.2,1450061824,1450102784,1491095552
505.2,1450061824,1450102784,1491095552
506.3,1450061824,1450102784,1491095552
507.3,1450061824,1450102784,1491095552
508.3,1450061824,1450102784,1491095552
509.3,1450061824,1450102784,1491095552
510.4,1450061824,1450102784,1491095552
511.4,1450061824,1450102784,1491095552
512.4,1450061824,1450102784,1491095552
513.5,1450061824,1450102784,1491095552
514.5,1450061824,1450102784,1491095552
515.5,1450061824,1450102784,1491095552
516.5,1450061824,1450102784,1491095552
517.6,1450061824,1450102784,1491095552
518.6,1450061824,1450102784,1491095552
519.6,1450061824,1450102784,1491095552
520.6,1450061824,1450102784,1491095552
521.7,1450061824,1450102784,1491095552
522.7,1450061824,1450102784,1491095552
523.7,1450061824,1450102784,1491095552
524.7,1450061824,1450102784,1491095552
525.8,1450061824,1450102784,1491095552
526.8,1450061824,1450102784,1491095552
527.8,1450061824,1450102784,1491095552
528.8,1450061824,1450102784,1491095552
529.9,1450061824,1450102784,1491095552
530.9,1450061824,1450102784,1491095552
531.9,1450061824,1450102784,1491095552
532.9,1450061824,1450102784,1491095552
534.0,1450061824,1450102784,1491095552
535.0,1450061824,1450102784,1491095552
536.0,1450061824,1450102784,1491095552
537.0,1450061824,1450102784,1491095552
538.1,1450061824,1450102784,1491095552
539.1,1450061824,1450102784,1491095552
540.1,1450061824,1450102784,1491095552
541.1,1450061824,1450102784,1491095552
542.2,1450061824,1450102784,1491095552
543.2,1450061824,1450102784,1491095552
544.2,1450061824,1450102784,1491095552
545.3,1450061824,1450102784,1491095552
546.3,1450061824,1450102784,1491095552
547.4,1450061824,1450102784,1491095552
548.4,1450061824,1450102784,1491095552
549.5,1450061824,1450102784,1491095552
550.5,1450061824,1450102784,1491095552
551.6,1450061824,1450102784,1491095552
552.7,1450061824,1450102784,1491095552
553.8,1450061824,1450102784,1491095552
554.8,1450061824,1450102784,1491095552
555.8,1450061824,1450102784,1491095552
556.9,1450061824,1450102784,1491095552
557.9,1450061824,1450102784,1491095552
558.9,1450061824,1450102784,1491095552
560.0,1450061824,1450102784,1491095552
561.0,1450061824,1450102784,1491095552
562.0,1450061824,1450102784,1491095552
563.0,1450061824,1450102784,1491095552
564.1,1450061824,1450102784,1491095552
565.1,1450061824,1450102784,1491095552
566.1,1450061824,1450102784,1491095552
567.2,1450061824,1450102784,1491095552
568.2,1450061824,1450102784,1491095552
569.2,1450061824,1450102784,1491095552
570.2,1450061824,1450102784,1491095552
571.2,1450061824,1450102784,1491095552
572.3,1450061824,1450102784,1491095552
573.3,1450061824,1450102784,1491095552
574.3,1450061824,1450102784,1491095552
575.3,1450061824,1450102784,1491095552
576.3,1450061824,1450102784,1491095552
577.4,1450061824,1450102784,1491095552
578.4,1450061824,1450102784,1491095552
579.4,1450061824,1450102784,1491095552
580.4,1450061824,1450102784,1491095552
581.4,1450061824,1450102784,1491095552
582.5,1450061824,1450102784,1491095552
583.5,1450061824,1450102784,1491095552
584.5,1450061824,1450102784,1491095552
585.5,1450061824,1450102784,1491095552
586.6,1450061824,1450102784,1491095552
587.6,1450061824,1450102784,1491095552
588.6,1450061824,1450102784,1491095552
589.6,1450061824,1450102784,1491095552
590.6,1450061824,1450102784,1491095552
591.6,1450061824,1450102784,1491095552
592.6,1450061824,1450102784,1491095552
593.7,1450061824,1450102784,1491095552
594.7,1450061824,1450102784,1491095552
595.7,1450061824,1450102784,1491095552
596.7,1450061824,1450102784,1491095552
597.7,1450061824,1450102784,1491095552
598.7,1450061824,1450102784,1491095552
599.8,1450061824,1450102784,1491095552
600.8,1450098688,1450102784,1491148800
601.8,1450098688,1450102784,1491148800
602.8,1450098688,1450102784,1491148800
603.8,1450098688,1450102784,1491148800
604.8,1450098688,1450102784,1491148800
605.8,1450098688,1450102784,1491148800
606.9,1450098688,1450102784,1491148800
607.9,1450098688,1450102784,1491148800
609.0,1450098688,1450102784,1491148800
610.0,1450098688,1450102784,1491148800
611.0,1450098688,1450102784,1491148800
612.1,1450098688,1450102784,1491148800
613.1,1450098688,1450102784,1491148800
614.2,1450098688,1450102784,1491148800
615.3,1450098688,1450102784,1491148800
616.3,1450098688,1450102784,1491148800
617.4,1450098688,1450102784,1491148800
618.4,1450098688,1450102784,1491148800
619.5,1450098688,1450102784,1491148800
620.5,1450098688,1450102784,1491148800
621.5,1450098688,1450102784,1491148800
622.6,1450098688,1450102784,1491148800
623.6,1450098688,1450102784,1491148800
624.6,1450098688,1450102784,1491148800
625.7,1450098688,1450102784,1491148800
626.7,1450098688,1450102784,1491148800
627.7,1450098688,1450102784,1491148800
628.8,1450098688,1450102784,1491148800
629.8,1450098688,1450102784,1491148800
630.8,1450098688,1450102784,1491148800
631.9,1450098688,1450102784,1491148800
632.9,1450098688,1450102784,1491148800
633.9,1450098688,1450102784,1491148800
639.6,1450098688,1450102784,1491148800
640.6,1450098688,1450102784,1491148800
641.7,1450098688,1450102784,1491148800
642.7,1450098688,1450102784,1491148800
643.8,1450098688,1450102784,1491148800
644.8,1450098688,1450102784,1491148800
645.9,1450098688,1450102784,1491148800
646.9,1450098688,1450102784,1491148800
648.0,1450098688,1450102784,1491148800
649.0,1450098688,1450102784,1491148800
650.1,1450098688,1450102784,1491148800
651.1,1450098688,1450102784,1491148800
652.1,1450098688,1450102784,1491148800
653.2,1450098688,1450102784,1491148800
654.2,1450098688,1450102784,1491148800
655.3,1450098688,1450102784,1491148800
656.3,1450098688,1450102784,1491148800
657.4,1450098688,1450102784,1491148800
658.7,1450098688,1450102784,1491148800
659.8,1450098688,1450102784,1491148800
660.9,1450098688,1450102784,1491148800
662.0,1450098688,1450102784,1491148800
663.0,1450098688,1450102784,1491148800
664.1,1450098688,1450102784,1491148800
665.2,1450098688,1450102784,1491148800
667.0,1450098688,1450102784,1491148800
668.0,1450098688,1450102784,1491148800
669.1,1450098688,1450102784,1491148800
670.1,1450074112,1450102784,1491095552
671.1,1450074112,1450102784,1491095552
672.2,1450074112,1450102784,1491095552
673.2,1450074112,1450102784,1491095552
674.2,1450074112,1450102784,1491095552
675.3,1450074112,1450102784,1491095552
676.3,1450074112,1450102784,1491095552
677.4,1450074112,1450102784,1491095552
678.4,1450074112,1450102784,1491095552
679.4,1450074112,1450102784,1491095552
680.5,1450074112,1450102784,1491095552
681.5,1450074112,1450102784,1491095552
682.5,1450074112,1450102784,1491095552
683.6,1450074112,1450102784,1491095552
684.6,1450074112,1450102784,1491095552
685.7,1450074112,1450102784,1491095552
686.7,1450074112,1450102784,1491095552
687.8,1450074112,1450102784,1491095552
688.8,1450074112,1450102784,1491095552
689.9,1450074112,1450102784,1491095552
690.9,1450074112,1450102784,1491095552
691.9,1450074112,1450102784,1491095552
693.0,1450074112,1450102784,1491095552
694.0,1450074112,1450102784,1491095552
695.0,1450074112,1450102784,1491095552
696.1,1450074112,1450102784,1491095552
697.1,1450074112,1450102784,1491095552
698.1,1450074112,1450102784,1491095552
699.2,1450074112,1450102784,1491095552
700.2,1450074112,1450102784,1491095552
701.3,1450074112,1450102784,1491095552
702.3,1450074112,1450102784,1491095552
703.4,1450074112,1450102784,1491095552
704.4,1450074112,1450102784,1491095552
705.5,1450074112,1450102784,1491095552
706.5,1450074112,1450102784,1491095552
707.5,1450074112,1450102784,1491095552
708.6,1450074112,1450102784,1491095552
709.6,1450074112,1450102784,1491095552
710.6,1450074112,1450102784,1491095552
711.7,1450074112,1450102784,1491095552
712.7,1450074112,1450102784,1491095552
713.8,1450074112,1450102784,1491095552
714.8,1450074112,1450102784,1491095552
715.8,1450074112,1450102784,1491095552
716.9,1450074112,1450102784,1491095552
717.9,1450074112,1450102784,1491095552
719.0,1450074112,1450102784,1491095552
720.0,1450074112,1450102784,1491095552
721.0,1450074112,1450102784,1491095552
722.0,1450074112,1450102784,1491095552
723.1,1450074112,1450102784,1491095552
724.2,1450074112,1450102784,1491095552
725.2,1450074112,1450102784,1491095552
726.2,1450074112,1450102784,1491095552
727.3,1450074112,1450102784,1491095552
728.3,1450074112,1450102784,1491095552
729.4,1450074112,1450102784,1491095552
730.4,1450074112,1450102784,1491095552
731.5,1450074112,1450102784,1491095552
732.6,1450074112,1450102784,1491095552
733.6,1450074112,1450102784,1491095552
734.6,1450074112,1450102784,1491095552
735.7,1450074112,1450102784,1491095552
736.7,1450074112,1450102784,1491095552
737.7,1450074112,1450102784,1491095552
738.8,1450074112,1450102784,1491095552
739.8,1450074112,1450102784,1491095552
740.9,1450074112,1450102784,1491095552
741.9,1450074112,1450102784,1491095552
742.9,1450074112,1450102784,1491095552
744.0,1450074112,1450102784,1491095552
745.0,1450074112,1450102784,1491095552
746.1,1450074112,1450102784,1491095552
747.1,1450074112,1450102784,1491095552
748.1,1450074112,1450102784,1491095552
749.2,1450074112,1450102784,1491095552
750.2,1450074112,1450102784,1491095552
751.2,1450074112,1450102784,1491095552
752.3,1450074112,1450102784,1491095552
753.3,1450074112,1450102784,1491095552
754.3,1450074112,1450102784,1491095552
755.4,1450074112,1450102784,1491095552
756.4,1450074112,1450102784,1491095552
757.5,1450074112,1450102784,1491095552
758.5,1450074112,1450102784,1491095552
759.5,1450074112,1450102784,1491095552
760.6,1450074112,1450102784,1491095552
761.6,1450074112,1450102784,1491095552
762.6,1450074112,1450102784,1491095552
763.6,1450074112,1450102784,1491095552
764.7,1450074112,1450102784,1491095552
765.7,1450074112,1450102784,1491095552
766.8,1450074112,1450102784,1491095552
767.8,1450074112,1450102784,1491095552
768.8,1450074112,1450102784,1491095552
769.9,1450074112,1450102784,1491095552
770.9,1450074112,1450102784,1491095552
771.9,1450074112,1450102784,1491095552
773.0,1450074112,1450102784,1491095552
774.0,1450074112,1450102784,1491095552
775.0,1450074112,1450102784,1491095552
776.0,1450074112,1450102784,1491095552
777.1,1450074112,1450102784,1491095552
778.1,1450074112,1450102784,1491095552
779.1,1450074112,1450102784,1491095552
780.1,1450074112,1450102784,1491095552
781.2,1450074112,1450102784,1491095552
782.2,1450074112,1450102784,1491095552
783.2,1450074112,1450102784,1491095552
784.3,1450074112,1450102784,1491095552
785.3,1450074112,1450102784,1491095552
786.3,1450074112,1450102784,1491095552
787.4,1450074112,1450102784,1491095552
788.4,1450074112,1450102784,1491095552
789.4,1450074112,1450102784,1491095552
790.4,1450074112,1450102784,1491095552
791.5,1450074112,1450102784,1491095552
792.5,1450074112,1450102784,1491095552
793.5,1450074112,1450102784,1491095552
794.6,1450074112,1450102784,1491095552
795.6,1450074112,1450102784,1491095552
796.6,1450074112,1450102784,1491095552
797.7,1450074112,1450102784,1491095552
798.7,1450074112,1450102784,1491095552
799.7,1450074112,1450102784,1491095552
800.8,1450074112,1450102784,1491095552
801.8,1450074112,1450102784,1491095552
802.8,1450074112,1450102784,1491095552
803.9,1450074112,1450102784,1491095552
804.9,1450074112,1450102784,1491095552
806.0,1450074112,1450102784,1491095552
807.0,1450074112,1450102784,1491095552
808.0,1450074112,1450102784,1491095552
809.1,1450074112,1450102784,1491095552
810.1,1450074112,1450102784,1491095552
811.1,1450074112,1450102784,1491095552
812.1,1450074112,1450102784,1491095552
813.2,1450074112,1450102784,1491095552
814.2,1450074112,1450102784,1491095552
815.2,1450074112,1450102784,1491095552
816.2,1450074112,1450102784,1491095552
817.3,1450074112,1450102784,1491095552
818.3,1450074112,1450102784,1491095552
819.3,1450074112,1450102784,1491095552
820.3,1450074112,1450102784,1491095552
821.4,1450074112,1450102784,1491095552
822.4,1450074112,1450102784,1491095552
823.4,1450074112,1450102784,1491095552
824.4,1450074112,1450102784,1491095552
825.4,1450074112,1450102784,1491095552
826.5,1450074112,1450102784,1491095552
827.5,1450074112,1450102784,1491095552
828.5,1450074112,1450102784,1491095552
829.5,1450074112,1450102784,1491095552
830.5,1450074112,1450102784,1491095552
831.6,1450074112,1450102784,1491095552
832.6,1450074112,1450102784,1491095552
833.6,1450074112,1450102784,1491095552
834.6,1450074112,1450102784,1491095552
835.6,1450074112,1450102784,1491095552
836.6,1450074112,1450102784,1491095552
837.6,1450074112,1450102784,1491095552
838.6,1450074112,1450102784,1491095552
839.7,1450074112,1450102784,1491095552
840.7,1450074112,1450102784,1491095552
841.7,1450074112,1450102784,1491095552
842.7,1450074112,1450102784,1491095552
843.7,1450074112,1450102784,1491095552
844.7,1450074112,1450102784,1491095552
845.8,1450074112,1450102784,1491095552
846.8,1450074112,1450102784,1491095552
847.8,1450074112,1450102784,1491095552
848.8,1450074112,1450102784,1491095552
849.8,1450074112,1450102784,1491095552
850.8,1450074112,1450102784,1491095552
851.8,1450074112,1450102784,1491095552
852.9,1450074112,1450102784,1491095552
853.9,1450074112,1450102784,1491095552
854.9,1450074112,1450102784,1491095552
855.9,1450074112,1450102784,1491095552
856.9,1450074112,1450102784,1491095552
857.9,1450188800,1450192896,1491189760
858.9,1450188800,1450192896,1491189760
860.0,1450188800,1450192896,1491189760
861.0,1450188800,1450192896,1491189760
862.0,1450188800,1450192896,1491189760
863.0,1450188800,1450192896,1491189760
864.0,1450188800,1450192896,1491189760
865.0,1450188800,1450192896,1491189760
866.0,1450188800,1450192896,1491189760
867.1,1450188800,1450192896,1491189760
868.1,1450188800,1450192896,1491189760
869.1,1450188800,1450192896,1491189760
870.1,1450188800,1450192896,1491189760
871.1,1450188800,1450192896,1491189760
872.2,1450188800,1450192896,1491189760
873.2,1450188800,1450192896,1491189760
874.2,1450188800,1450192896,1491189760
875.2,1450188800,1450192896,1491189760
876.2,1450188800,1450192896,1491189760
877.3,1450188800,1450192896,1491189760
878.3,1450188800,1450192896,1491189760
879.4,1450188800,1450192896,1491189760
880.4,1450188800,1450192896,1491189760
881.4,1450188800,1450192896,1491189760
882.5,1450188800,1450192896,1491189760
883.5,1450188800,1450192896,1491189760
884.5,1450188800,1450192896,1491189760
885.5,1450188800,1450192896,1491189760
886.5,1450188800,1450192896,1491189760
887.6,1450156032,1450205184,1491095552
888.6,1450156032,1450205184,1491095552
889.6,1450156032,1450205184,1491095552
890.6,1450156032,1450205184,1491095552
891.6,1450156032,1450205184,1491095552
892.7,1450156032,1450205184,1491095552
893.7,1450156032,1450205184,1491095552
894.7,1450156032,1450205184,1491095552
895.7,1450156032,1450205184,1491095552
896.7,1450156032,1450205184,1491095552
897.8,1450156032,1450205184,1491095552
898.8,1450156032,1450205184,1491095552
899.8,1450156032,1450205184,1491095552
900.8,1450156032,1450205184,1491095552
901.8,1450156032,1450205184,1491095552
902.9,1450156032,1450205184,1491095552
903.9,1450156032,1450205184,1491095552
904.9,1450156032,1450205184,1491095552
906.0,1450156032,1450205184,1491095552
907.0,1450156032,1450205184,1491095552
908.0,1450156032,1450205184,1491095552
909.1,1450156032,1450205184,1491095552
910.1,1450156032,1450205184,1491095552
911.1,1450156032,1450205184,1491095552
912.1,1450156032,1450205184,1491095552
913.1,1450156032,1450205184,1491095552
914.1,1450156032,1450205184,1491095552
915.2,1450156032,1450205184,1491095552
916.2,1450156032,1450205184,1491095552
917.2,1450156032,1450205184,1491095552
918.2,1450156032,1450205184,1491095552
919.2,1450156032,1450205184,1491095552
920.2,1450156032,1450205184,1491095552
921.2,1450156032,1450205184,1491095552
922.2,1450156032,1450205184,1491095552
923.2,1450156032,1450205184,1491095552
924.3,1450156032,1450205184,1491095552
925.3,1450156032,1450205184,1491095552
926.3,1450156032,1450205184,1491095552
927.3,1450156032,1450205184,1491095552
928.3,1450156032,1450205184,1491095552
929.3,1450156032,1450205184,1491095552
930.3,1450156032,1450205184,1491095552
931.4,1450156032,1450205184,1491095552
932.4,1450156032,1450205184,1491095552
933.4,1450156032,1450205184,1491095552
934.4,1450156032,1450205184,1491095552
935.4,1450156032,1450205184,1491095552
936.5,1450156032,1450205184,1491095552
937.5,1450156032,1450205184,1491095552
938.5,1450156032,1450205184,1491095552
939.5,1450156032,1450205184,1491095552
940.6,1450156032,1450205184,1491095552
941.6,1450156032,1450205184,1491095552
942.6,1450156032,1450205184,1491095552
943.6,1450156032,1450205184,1491095552
944.7,1450156032,1450205184,1491095552
945.7,1450156032,1450205184,1491095552
946.7,1450156032,1450205184,1491095552
947.8,1450156032,1450205184,1491095552
948.8,1450156032,1450205184,1491095552
949.8,1450156032,1450205184,1491095552
950.8,1450156032,1450205184,1491095552
951.9,1450156032,1450205184,1491095552
952.9,1450156032,1450205184,1491095552
953.9,1450156032,1450205184,1491095552
954.9,1450156032,1450205184,1491095552
956.0,1450156032,1450205184,1491095552
957.0,1450156032,1450205184,1491095552
958.0,1450156032,1450205184,1491095552
959.0,1450156032,1450205184,1491095552
960.0,1450156032,1450205184,1491095552
961.1,1450156032,1450205184,1491095552
962.1,1450156032,1450205184,1491095552
963.1,1450156032,1450205184,1491095552
964.1,1450156032,1450205184,1491095552
965.1,1450156032,1450205184,1491095552
966.1,1450156032,1450205184,1491095552
967.1,1450156032,1450205184,1491095552
968.2,1450156032,1450205184,1491095552
969.2,1450156032,1450205184,1491095552
970.2,1450156032,1450205184,1491095552
971.2,1450156032,1450205184,1491095552
972.2,1450156032,1450205184,1491095552
973.2,1450156032,1450205184,1491095552
974.2,1450156032,1450205184,1491095552
975.2,1450156032,1450205184,1491095552
976.3,1450156032,1450205184,1491095552
977.3,1450156032,1450205184,1491095552
978.3,1450156032,1450205184,1491095552
979.3,1450156032,1450205184,1491095552
980.3,1450156032,1450205184,1491095552
981.3,1450156032,1450205184,1491095552
982.3,1450156032,1450205184,1491095552
983.4,1450156032,1450205184,1491095552
984.4,1450156032,1450205184,1491095552
985.4,1450156032,1450205184,1491095552
986.4,1450156032,1450205184,1491095552
987.5,1450156032,1450205184,1491095552
988.5,1450156032,1450205184,1491095552
989.5,1450156032,1450205184,1491095552
990.5,1450156032,1450205184,1491095552
991.6,1450156032,1450205184,1491095552
992.6,1450156032,1450205184,1491095552
993.6,1450156032,1450205184,1491095552
994.6,1450156032,1450205184,1491095552
995.6,1450156032,1450205184,1491095552
996.6,1450156032,1450205184,1491095552
997.6,1450156032,1450205184,1491095552
998.7,1450156032,1450205184,1491095552
999.7,1450156032,1450205184,1491095552
1000.7,1450156032,1450205184,1491095552
1001.7,1450156032,1450205184,1491095552
1002.7,1450156032,1450205184,1491095552
1003.7,1450156032,1450205184,1491095552
1004.7,1450156032,1450205184,1491095552
1005.7,1450156032,1450205184,1491095552
1006.8,1450156032,1450205184,1491095552
1007.8,1450156032,1450205184,1491095552
1008.8,1450156032,1450205184,1491095552
1009.8,1450156032,1450205184,1491095552
1010.8,1450156032,1450205184,1491095552
1011.8,1450156032,1450205184,1491095552
1012.8,1450156032,1450205184,1491095552
1013.9,1450156032,1450205184,1491095552
1014.9,1450156032,1450205184,1491095552
1015.9,1450156032,1450205184,1491095552
1016.9,1450156032,1450205184,1491095552
1017.9,1450156032,1450205184,1491095552
1018.9,1450156032,1450205184,1491095552
1019.9,1450156032,1450205184,1491095552
1021.0,1450156032,1450205184,1491095552
1022.0,1450156032,1450205184,1491095552
1023.0,1450156032,1450205184,1491095552
1024.0,1450156032,1450205184,1491095552
1025.0,1450156032,1450205184,1491095552
1026.1,1450156032,1450205184,1491095552
1027.1,1450156032,1450205184,1491095552
1028.1,1450156032,1450205184,1491095552
1029.2,1450156032,1450205184,1491095552
1030.2,1450156032,1450205184,1491095552
1031.2,1450156032,1450205184,1491095552
1032.2,1450156032,1450205184,1491095552
1033.2,1450156032,1450205184,1491095552
1034.3,1450156032,1450205184,1491095552
1035.3,1450156032,1450205184,1491095552
1036.3,1450156032,1450205184,1491095552
1037.3,1450156032,1450205184,1491095552
1038.4,1450156032,1450205184,1491095552
1039.4,1450156032,1450205184,1491095552
1040.4,1450156032,1450205184,1491095552
1041.4,1450156032,1450205184,1491095552
1042.5,1450156032,1450205184,1491095552
1043.5,1450156032,1450205184,1491095552
1044.5,1450156032,1450205184,1491095552
1045.5,1450156032,1450205184,1491095552
1046.5,1450156032,1450205184,1491095552
1047.6,1450156032,1450205184,1491095552
1048.6,1450156032,1450205184,1491095552
1049.6,1450156032,1450205184,1491095552
1050.6,1450156032,1450205184,1491095552
1051.6,1450156032,1450205184,1491095552
1052.6,1450156032,1450205184,1491095552
1053.7,1450156032,1450205184,1491095552
1054.7,1450156032,1450205184,1491095552
1055.7,1450156032,1450205184,1491095552
1056.7,1450156032,1450205184,1491095552
1057.7,1450156032,1450205184,1491095552
1058.8,1450156032,1450205184,1491095552
1059.8,1450156032,1450205184,1491095552
1060.8,1450156032,1450205184,1491095552
1061.8,1450156032,1450205184,1491095552
1062.8,1450156032,1450205184,1491095552
1063.8,1450156032,1450205184,1491095552
1064.8,1450156032,1450205184,1491095552
1065.9,1450156032,1450205184,1491095552
1066.9,1450156032,1450205184,1491095552
1067.9,1450156032,1450205184,1491095552
1068.9,1450156032,1450205184,1491095552
1069.9,1450156032,1450205184,1491095552
1071.0,1450156032,1450205184,1491095552
1072.0,1450156032,1450205184,1491095552
1073.0,1450156032,1450205184,1491095552
1074.0,1450156032,1450205184,1491095552
1075.0,1450156032,1450205184,1491095552
1076.1,1450156032,1450205184,1491095552
1077.1,1450156032,1450205184,1491095552
1078.1,1450156032,1450205184,1491095552
1079.1,1450156032,1450205184,1491095552
1080.1,1450156032,1450205184,1491095552
1081.1,1450156032,1450205184,1491095552
1082.1,1450156032,1450205184,1491095552
1083.1,1450156032,1450205184,1491095552
1084.2,1450156032,1450205184,1491095552
1085.2,1450156032,1450205184,1491095552
1086.2,1450156032,1450205184,1491095552
1087.2,1450156032,1450205184,1491095552
1088.2,1450156032,1450205184,1491095552
1089.3,1450156032,1450205184,1491095552
1090.3,1450156032,1450205184,1491095552
1091.3,1450156032,1450205184,1491095552
1092.4,1450156032,1450205184,1491095552
1093.4,1450156032,1450205184,1491095552
1094.4,1450156032,1450205184,1491095552
1095.4,1450156032,1450205184,1491095552
1096.5,1450156032,1450205184,1491095552
1097.5,1450156032,1450205184,1491095552
1098.5,1450156032,1450205184,1491095552
1099.5,1450156032,1450205184,1491095552
1100.5,1450156032,1450205184,1491095552
1101.6,1450156032,1450205184,1491095552
1102.6,1450156032,1450205184,1491095552
1103.6,1450156032,1450205184,1491095552
1104.7,1450156032,1450205184,1491095552
1105.7,1450156032,1450205184,1491095552
1106.7,1450156032,1450205184,1491095552
1107.8,1450156032,1450205184,1491095552
1108.8,1450156032,1450205184,1491095552
1109.8,1450156032,1450205184,1491095552
1110.8,1450156032,1450205184,1491095552
1111.9,1450156032,1450205184,1491095552
1112.9,1450156032,1450205184,1491095552
1113.9,1450156032,1450205184,1491095552
1114.9,1450156032,1450205184,1491095552
1116.0,1450156032,1450205184,1491095552
1117.1,1450156032,1450205184,1491095552
1118.1,1450156032,1450205184,1491095552
1119.2,1450156032,1450205184,1491095552
1120.2,1450156032,1450205184,1491095552
1121.2,1450156032,1450205184,1491095552
1122.2,1450156032,1450205184,1491095552
1123.2,1450156032,1450205184,1491095552
1124.2,1450156032,1450205184,1491095552
1125.2,1450156032,1450205184,1491095552
1126.2,1450156032,1450205184,1491095552
1127.3,1450156032,1450205184,1491095552
1128.3,1450156032,1450205184,1491095552
1129.3,1450156032,1450205184,1491095552
1130.3,1450156032,1450205184,1491095552
1131.3,1450156032,1450205184,1491095552
1132.3,1450156032,1450205184,1491095552
1133.3,1450156032,1450205184,1491095552
1134.4,1450156032,1450205184,1491095552
1135.4,1450156032,1450205184,1491095552
1136.4,1450156032,1450205184,1491095552
1137.4,1450156032,1450205184,1491095552
1138.5,1450156032,1450205184,1491095552
1139.5,1450156032,1450205184,1491095552
1140.5,1450156032,1450205184,1491095552
1141.5,1450156032,1450205184,1491095552
1142.5,1450156032,1450205184,1491095552
1143.5,1450156032,1450205184,1491095552
1144.5,1450156032,1450205184,1491095552
1145.5,1450156032,1450205184,1491095552
1146.6,1450156032,1450205184,1491095552
1147.6,1450156032,1450205184,1491095552
1148.6,1450156032,1450205184,1491095552
1149.6,1450156032,1450205184,1491095552
1150.6,1450156032,1450205184,1491095552
1151.6,1450156032,1450205184,1491095552
1152.6,1450156032,1450205184,1491095552
1153.7,1450156032,1450205184,1491095552
1154.7,1450156032,1450205184,1491095552
1155.7,1450156032,1450205184,1491095552
1156.7,1450156032,1450205184,1491095552
1157.7,1450156032,1450205184,1491095552
1158.7,1450156032,1450205184,1491095552
1159.7,1450156032,1450205184,1491095552
1160.8,1450156032,1450205184,1491095552
1161.8,1450156032,1450205184,1491095552
1162.8,1450156032,1450205184,1491095552
1163.8,1450156032,1450205184,1491095552
1164.8,1450156032,1450205184,1491095552
1165.8,1450156032,1450205184,1491095552
1166.8,1450156032,1450205184,1491095552
1167.8,1450156032,1450205184,1491095552
1168.8,1450156032,1450205184,1491095552
1169.9,1450156032,1450205184,1491095552
1170.9,1450156032,1450205184,1491095552
1171.9,1450156032,1450205184,1491095552
1172.9,1450156032,1450205184,1491095552
1173.9,1450156032,1450205184,1491095552
1174.9,1450156032,1450205184,1491095552
1175.9,1450156032,1450205184,1491095552
1177.0,1450156032,1450205184,1491095552
1178.0,1450156032,1450205184,1491095552
1179.0,1450156032,1450205184,1491095552
1180.0,1450156032,1450205184,1491095552
1181.0,1450156032,1450205184,1491095552
1182.0,1450156032,1450205184,1491095552
1183.0,1450156032,1450205184,1491095552
1184.1,1450156032,1450205184,1491095552
1185.1,1450156032,1450205184,1491095552
1186.1,1450156032,1450205184,1491095552
1187.1,1450156032,1450205184,1491095552
1188.1,1450156032,1450205184,1491095552
1189.1,1450156032,1450205184,1491095552
1190.1,1450156032,1450205184,1491095552
1191.2,1450156032,1450205184,1491095552
1192.2,1450156032,1450205184,1491095552
1193.2,1450156032,1450205184,1491095552
1194.2,1450156032,1450205184,1491095552
1195.2,1450156032,1450205184,1491095552
1196.2,1450156032,1450205184,1491095552
1197.2,1450156032,1450205184,1491095552
1198.2,1450156032,1450205184,1491095552
1199.3,1450156032,1450205184,1491095552
1200.3,1450156032,1450205184,1491095552
1201.3,1450156032,1450205184,1491095552
1202.3,1450156032,1450205184,1491095552
1203.3,1450156032,1450205184,1491095552
1204.3,1450156032,1450205184,1491095552
1205.3,1450156032,1450205184,1491095552
1206.4,1450156032,1450205184,1491095552
1207.4,1450156032,1450205184,1491095552
1208.4,1450156032,1450205184,1491095552
1209.4,1450156032,1450205184,1491095552
1210.4,1450156032,1450205184,1491095552
1211.4,1450156032,1450205184,1491095552
1212.4,1450156032,1450205184,1491095552
1213.5,1450156032,1450205184,1491095552
1214.5,1450156032,1450205184,1491095552
1215.5,1450156032,1450205184,1491095552
1216.5,1450156032,1450205184,1491095552
1217.5,1450156032,1450205184,1491095552
1218.5,1450156032,1450205184,1491095552
1219.5,1450156032,1450205184,1491095552
1220.6,1450156032,1450205184,1491095552
1221.6,1450156032,1450205184,1491095552
1222.6,1450156032,1450205184,1491095552
1223.6,1450156032,1450205184,1491095552
1224.6,1450156032,1450205184,1491095552
1225.6,1450156032,1450205184,1491095552
1226.6,1450156032,1450205184,1491095552
1227.7,1450156032,1450205184,1491095552
1228.7,1450156032,1450205184,1491095552
1229.7,1450156032,1450205184,1491095552
1230.7,1450156032,1450205184,1491095552
1231.7,1450156032,1450205184,1491095552
1232.7,1450156032,1450205184,1491095552
1233.8,1450156032,1450205184,1491095552
1234.8,1450156032,1450205184,1491095552
1235.8,1450156032,1450205184,1491095552
1236.8,1450156032,1450205184,1491095552
1237.8,1450156032,1450205184,1491095552
1238.8,1450156032,1450205184,1491095552
1239.8,1450156032,1450205184,1491095552
1240.8,1450156032,1450205184,1491095552
1241.9,1450156032,1450205184,1491095552
1242.9,1450156032,1450205184,1491095552
1243.9,1450156032,1450205184,1491095552
1244.9,1450156032,1450205184,1491095552
1245.9,1450156032,1450205184,1491095552
1246.9,1450156032,1450205184,1491095552
1248.0,1450156032,1450205184,1491095552
1249.0,1450156032,1450205184,1491095552
1250.0,1450156032,1450205184,1491095552
1251.0,1450156032,1450205184,1491095552
1252.0,1450156032,1450205184,1491095552
1253.0,1450156032,1450205184,1491095552
1254.0,1450156032,1450205184,1491095552
1255.1,1450156032,1450205184,1491095552
1256.1,1450156032,1450205184,1491095552
1257.1,1450156032,1450205184,1491095552
1258.1,1450156032,1450205184,1491095552
1259.1,1450156032,1450205184,1491095552
1260.1,1450156032,1450205184,1491095552
1261.1,1450156032,1450205184,1491095552
1262.2,1450156032,1450205184,1491095552
1263.2,1450156032,1450205184,1491095552
1264.2,1450156032,1450205184,1491095552
1265.2,1450156032,1450205184,1491095552
1266.2,1450156032,1450205184,1491095552
1267.2,1450156032,1450205184,1491095552
1268.2,1450156032,1450205184,1491095552
1269.3,1450156032,1450205184,1491095552
1270.3,1450156032,1450205184,1491095552
1271.3,1450156032,1450205184,1491095552
1272.3,1450156032,1450205184,1491095552
1273.3,1450156032,1450205184,1491095552
1274.3,1450156032,1450205184,1491095552
1275.3,1450156032,1450205184,1491095552
1276.4,1450156032,1450205184,1491095552
1277.4,1450156032,1450205184,1491095552
1278.4,1450156032,1450205184,1491095552
1279.4,1450156032,1450205184,1491095552
1280.4,1450156032,1450205184,1491095552
1281.4,1450156032,1450205184,1491095552
1282.4,1450156032,1450205184,1491095552
1283.5,1450156032,1450205184,1491095552
1284.5,1450156032,1450205184,1491095552
1285.5,1450156032,1450205184,1491095552
1286.5,1450156032,1450205184,1491095552
1287.5,1450156032,1450205184,1491095552
1288.5,1450156032,1450205184,1491095552
1289.5,1450156032,1450205184,1491095552
1290.5,1450156032,1450205184,1491095552
1291.6,1450156032,1450205184,1491095552
1292.6,1450156032,1450205184,1491095552
1293.6,1450156032,1450205184,1491095552
1294.6,1450156032,1450205184,1491095552
1295.6,1450156032,1450205184,1491095552
1296.6,1450156032,1450205184,1491095552
1297.6,1450156032,1450205184,1491095552
1298.7,1450156032,1450205184,1491095552
1299.7,1450156032,1450205184,1491095552
1300.7,1450156032,1450205184,1491095552
1301.7,1450156032,1450205184,1491095552
1302.7,1450156032,1450205184,1491095552
1303.7,1450156032,1450205184,1491095552
1304.7,1450156032,1450205184,1491095552
1305.8,1450156032,1450205184,1491095552
1306.8,1450156032,1450205184,1491095552
1307.8,1450156032,1450205184,1491095552
1308.8,1450156032,1450205184,1491095552
1309.8,1450156032,1450205184,1491095552
1310.8,1450156032,1450205184,1491095552
1311.9,1450156032,1450205184,1491095552
1312.9,1450156032,1450205184,1491095552
1313.9,1450156032,1450205184,1491095552
1314.9,1450156032,1450205184,1491095552
1315.9,1450156032,1450205184,1491095552
1316.9,1450156032,1450205184,1491095552
1317.9,1450156032,1450205184,1491095552
1319.0,1450156032,1450205184,1491095552
1320.0,1450156032,1450205184,1491095552
1321.0,1450156032,1450205184,1491095552
1322.0,1450156032,1450205184,1491095552
1323.0,1450156032,1450205184,1491095552
1324.0,1450156032,1450205184,1491095552
1325.0,1450156032,1450205184,1491095552
1326.1,1450156032,1450205184,1491095552
1327.1,1450156032,1450205184,1491095552
1328.1,1450156032,1450205184,1491095552
1329.1,1450156032,1450205184,1491095552
1330.1,1450156032,1450205184,1491095552
1331.1,1450156032,1450205184,1491095552
1332.1,1450156032,1450205184,1491095552
1333.2,1450156032,1450205184,1491095552
1334.2,1450156032,1450205184,1491095552
1335.2,1450156032,1450205184,1491095552
1336.2,1450156032,1450205184,1491095552
1337.2,1450156032,1450205184,1491095552
1338.2,1450156032,1450205184,1491095552
1339.2,1450156032,1450205184,1491095552
1340.3,1450156032,1450205184,1491095552
1341.3,1450156032,1450205184,1491095552
1342.3,1450156032,1450205184,1491095552
1343.3,1450156032,1450205184,1491095552
1344.3,1450156032,1450205184,1491095552
1345.3,1450156032,1450205184,1491095552
1346.3,1450156032,1450205184,1491095552
1347.4,1450156032,1450205184,1491095552
1348.4,1450156032,1450205184,1491095552
1349.4,1450156032,1450205184,1491095552
1350.4,1450156032,1450205184,1491095552
1351.4,1450156032,1450205184,1491095552
1352.4,1450156032,1450205184,1491095552
1353.4,1450156032,1450205184,1491095552
1354.5,1450156032,1450205184,1491095552
1355.5,1450156032,1450205184,1491095552
1356.5,1450156032,1450205184,1491095552
1357.5,1450156032,1450205184,1491095552
1358.5,1450156032,1450205184,1491095552
1359.5,1450156032,1450205184,1491095552
1360.6,1450156032,1450205184,1491095552
1361.6,1450156032,1450205184,1491095552
1362.6,1450156032,1450205184,1491095552
1363.6,1450156032,1450205184,1491095552
1364.6,1450156032,1450205184,1491095552
1365.6,1450156032,1450205184,1491095552
1366.6,1450156032,1450205184,1491095552
1367.6,1450156032,1450205184,1491095552
1368.7,1450156032,1450205184,1491095552
1369.7,1450156032,1450205184,1491095552
1370.7,1450156032,1450205184,1491095552
1371.7,1450156032,1450205184,1491095552
1372.7,1450156032,1450205184,1491095552
1373.7,1450156032,1450205184,1491095552
1374.7,1450156032,1450205184,1491095552
1375.8,1450156032,1450205184,1491095552
1376.8,1450156032,1450205184,1491095552
1377.8,1450156032,1450205184,1491095552
1378.8,1450156032,1450205184,1491095552
1379.8,1450156032,1450205184,1491095552
1380.8,1450156032,1450205184,1491095552
1381.8,1450156032,1450205184,1491095552
1382.8,1450156032,1450205184,1491095552
1383.8,1450156032,1450205184,1491095552
1384.9,1450156032,1450205184,1491095552
1385.9,1450156032,1450205184,1491095552
1386.9,1450156032,1450205184,1491095552
1387.9,1450156032,1450205184,1491095552
1388.9,1450156032,1450205184,1491095552
1389.9,1450156032,1450205184,1491095552
1390.9,1450156032,1450205184,1491095552
1392.0,1450156032,1450205184,1491095552
1393.0,1450156032,1450205184,1491095552
1394.0,1450156032,1450205184,1491095552
1395.0,1450156032,1450205184,1491095552
1396.0,1450156032,1450205184,1491095552
1397.0,1450156032,1450205184,1491095552
1398.0,1450156032,1450205184,1491095552
1399.0,1450156032,1450205184,1491095552
1400.1,1450156032,1450205184,1491095552
1401.1,1450156032,1450205184,1491095552
1402.1,1450156032,1450205184,1491095552
1403.1,1450156032,1450205184,1491095552
1404.1,1450156032,1450205184,1491095552
1405.1,1450156032,1450205184,1491095552
1406.1,1450156032,1450205184,1491095552
1407.2,1450156032,1450205184,1491095552
1408.2,1450156032,1450205184,1491095552
1409.2,1450156032,1450205184,1491095552
1410.2,1450156032,1450205184,1491095552
1411.2,1450156032,1450205184,1491095552
1412.2,1450156032,1450205184,1491095552
1413.2,1450156032,1450205184,1491095552
1414.2,1450156032,1450205184,1491095552
1415.3,1450156032,1450205184,1491095552
1416.3,1450156032,1450205184,1491095552
1417.3,1450156032,1450205184,1491095552
1418.3,1450156032,1450205184,1491095552
1419.3,1450156032,1450205184,1491095552
1420.3,1450156032,1450205184,1491095552
1421.3,1450156032,1450205184,1491095552
1422.3,1450156032,1450205184,1491095552
1423.3,1450156032,1450205184,1491095552
1424.3,1450156032,1450205184,1491095552
1425.4,1450156032,1450205184,1491095552
1426.4,1450156032,1450205184,1491095552
1427.4,1450156032,1450205184,1491095552
1428.4,1450156032,1450205184,1491095552
1429.4,1450156032,1450205184,1491095552
1430.4,1450156032,1450205184,1491095552
1431.4,1450156032,1450205184,1491095552
1432.4,1450156032,1450205184,1491095552
1433.5,1450156032,1450205184,1491095552
1434.5,1450156032,1450205184,1491095552
1435.5,1450156032,1450205184,1491095552
1436.5,1450156032,1450205184,1491095552
1437.5,1450156032,1450205184,1491095552
1438.5,1450156032,1450205184,1491095552
1439.5,1450156032,1450205184,1491095552
1440.5,1450156032,1450205184,1491095552
1441.5,1450156032,1450205184,1491095552
1442.6,1450156032,1450205184,1491095552
1443.6,1450156032,1450205184,1491095552
1444.6,1450156032,1450205184,1491095552
1445.6,1450156032,1450205184,1491095552
1446.6,1450156032,1450205184,1491095552
1447.6,1450156032,1450205184,1491095552
1448.6,1450156032,1450205184,1491095552
1449.7,1450156032,1450205184,1491095552
1450.7,1450156032,1450205184,1491095552
1451.7,1450156032,1450205184,1491095552
1452.7,1450156032,1450205184,1491095552
1453.7,1450156032,1450205184,1491095552
1454.7,1450156032,1450205184,1491095552
1455.7,1450156032,1450205184,1491095552
1456.8,1450156032,1450205184,1491095552
1457.8,1450156032,1450205184,1491095552
1458.8,1450156032,1450205184,1491095552
1459.8,1450156032,1450205184,1491095552
1460.8,1450156032,1450205184,1491095552
1461.8,1450156032,1450205184,1491095552
1462.8,1450156032,1450205184,1491095552
1463.9,1450156032,1450205184,1491095552
1464.9,1450156032,1450205184,1491095552
1465.9,1450156032,1450205184,1491095552
1466.9,1450156032,1450205184,1491095552
1467.9,1450156032,1450205184,1491095552
1468.9,1450156032,1450205184,1491095552
1469.9,1450156032,1450205184,1491095552
1470.9,1450156032,1450205184,1491095552
1471.9,1450156032,1450205184,1491095552
1473.0,1450156032,1450205184,1491095552
1474.0,1450156032,1450205184,1491095552
1475.0,1450156032,1450205184,1491095552
1476.0,1450156032,1450205184,1491095552
1477.0,1450156032,1450205184,1491095552
1478.0,1450156032,1450205184,1491095552
1479.0,1450156032,1450205184,1491095552
1480.1,1450156032,1450205184,1491095552
1481.1,1450156032,1450205184,1491095552
1482.1,1450156032,1450205184,1491095552
1483.1,1450156032,1450205184,1491095552
1484.1,1450156032,1450205184,1491095552
1485.1,1450156032,1450205184,1491095552
1486.2,1450156032,1450205184,1491095552
1487.2,1450156032,1450205184,1491095552
1488.2,1450156032,1450205184,1491095552
1489.2,1450156032,1450205184,1491095552
1490.2,1450156032,1450205184,1491095552
1491.2,1450156032,1450205184,1491095552
1492.2,1450156032,1450205184,1491095552
1493.2,1450156032,1450205184,1491095552
1494.3,1450156032,1450205184,1491095552
1495.3,1450156032,1450205184,1491095552
1496.3,1450156032,1450205184,1491095552
1497.3,1450156032,1450205184,1491095552
1498.3,1450156032,1450205184,1491095552
1499.3,1450156032,1450205184,1491095552
1500.3,1450156032,1450205184,1491095552
1501.4,1450156032,1450205184,1491095552
1502.4,1450156032,1450205184,1491095552
1503.4,1450156032,1450205184,1491095552
1504.4,1450156032,1450205184,1491095552
1505.4,1450156032,1450205184,1491095552
1506.4,1450156032,1450205184,1491095552
1507.4,1450156032,1450205184,1491095552
1508.5,1450156032,1450205184,1491095552
1509.5,1450156032,1450205184,1491095552
1510.5,1450156032,1450205184,1491095552
1511.5,1450156032,1450205184,1491095552
1512.5,1450156032,1450205184,1491095552
1513.5,1450156032,1450205184,1491095552
1514.5,1450156032,1450205184,1491095552
1515.5,1450156032,1450205184,1491095552
1516.6,1450156032,1450205184,1491095552
1517.6,1450156032,1450205184,1491095552
1518.6,1450156032,1450205184,1491095552
1519.6,1450156032,1450205184,1491095552
1520.6,1450156032,1450205184,1491095552
1521.6,1450156032,1450205184,1491095552
1522.6,1450156032,1450205184,1491095552
1523.6,1450156032,1450205184,1491095552
1524.6,1450156032,1450205184,1491095552
1525.7,1450156032,1450205184,1491095552
1526.7,1450156032,1450205184,1491095552
1527.7,1450156032,1450205184,1491095552
1528.7,1450156032,1450205184,1491095552
1529.7,1450156032,1450205184,1491095552
1530.7,1450156032,1450205184,1491095552
1531.7,1450156032,1450205184,1491095552
1532.8,1450156032,1450205184,1491095552
1533.8,1450156032,1450205184,1491095552
1534.8,1450156032,1450205184,1491095552
1535.8,1450156032,1450205184,1491095552
1536.8,1450156032,1450205184,1491095552
1537.8,1450156032,1450205184,1491095552
1538.8,1450156032,1450205184,1491095552
1539.8,1450156032,1450205184,1491095552
1540.9,1450156032,1450205184,1491095552
1541.9,1450156032,1450205184,1491095552
1542.9,1450156032,1450205184,1491095552
1543.9,1450156032,1450205184,1491095552
1544.9,1450156032,1450205184,1491095552
1545.9,1450156032,1450205184,1491095552
1546.9,1450156032,1450205184,1491095552
1547.9,1450156032,1450205184,1491095552
1549.0,1450156032,1450205184,1491095552
1550.0,1450156032,1450205184,1491095552
1551.0,1450156032,1450205184,1491095552
1552.0,1450156032,1450205184,1491095552
1553.0,1450156032,1450205184,1491095552
1554.0,1450156032,1450205184,1491095552
1555.1,1450156032,1450205184,1491095552
1556.1,1450156032,1450205184,1491095552
1557.1,1450156032,1450205184,1491095552
1558.1,1450156032,1450205184,1491095552
1559.1,1450156032,1450205184,1491095552
1560.1,1450156032,1450205184,1491095552
1561.1,1450156032,1450205184,1491095552
1562.1,1450156032,1450205184,1491095552
1563.2,1450156032,1450205184,1491095552
1564.2,1450156032,1450205184,1491095552
1565.2,1450156032,1450205184,1491095552
1566.2,1450156032,1450205184,1491095552
1567.2,1450156032,1450205184,1491095552
1568.2,1450156032,1450205184,1491095552
1569.2,1450156032,1450205184,1491095552
1570.2,1450156032,1450205184,1491095552
1571.3,1450156032,1450205184,1491095552
1572.3,1450156032,1450205184,1491095552
1573.3,1450156032,1450205184,1491095552
1574.3,1450156032,1450205184,1491095552
1575.3,1450156032,1450205184,1491095552
1576.3,1450156032,1450205184,1491095552
1577.4,1450156032,1450205184,1491095552
1578.4,1450156032,1450205184,1491095552
1579.4,1450156032,1450205184,1491095552
1580.4,1450156032,1450205184,1491095552
1581.4,1450156032,1450205184,1491095552
1582.4,1450156032,1450205184,1491095552
1583.4,1450156032,1450205184,1491095552
1584.4,1450156032,1450205184,1491095552
1585.5,1450156032,1450205184,1491095552
1586.5,1450156032,1450205184,1491095552
1587.5,1450156032,1450205184,1491095552
1588.5,1450156032,1450205184,1491095552
1589.5,1450156032,1450205184,1491095552
1590.5,1450156032,1450205184,1491095552
1591.5,1450156032,1450205184,1491095552
1592.5,1450156032,1450205184,1491095552
1593.6,1450156032,1450205184,1491095552
1594.6,1450156032,1450205184,1491095552
1595.6,1450156032,1450205184,1491095552
1596.6,1450156032,1450205184,1491095552
1597.6,1450156032,1450205184,1491095552
1598.6,1450156032,1450205184,1491095552
1599.6,1450156032,1450205184,1491095552
1600.7,1450156032,1450205184,1491095552
1601.7,1450156032,1450205184,1491095552
1602.7,1450156032,1450205184,1491095552
1603.7,1450156032,1450205184,1491095552
1604.8,1450156032,1450205184,1491095552
1605.8,1450156032,1450205184,1491095552
1606.8,1450156032,1450205184,1491095552
1607.8,1450156032,1450205184,1491095552
1608.9,1450156032,1450205184,1491095552
1609.9,1450156032,1450205184,1491095552
1610.9,1450156032,1450205184,1491095552
1611.9,1450156032,1450205184,1491095552
1613.0,1450156032,1450205184,1491095552
1614.0,1450156032,1450205184,1491095552
1615.0,1450070016,1450205184,1491095552
1616.0,1450070016,1450205184,1491095552
1617.0,1450070016,1450205184,1491095552
1618.0,1450070016,1450205184,1491095552
1619.0,1450070016,1450205184,1491095552
1620.0,1450070016,1450205184,1491095552
1621.1,1450070016,1450205184,1491095552
1622.1,1450070016,1450205184,1491095552
1623.1,1450070016,1450205184,1491095552
1624.1,1450070016,1450205184,1491095552
1625.1,1450070016,1450205184,1491095552
1626.1,1450070016,1450205184,1491095552
1627.1,1450070016,1450205184,1491095552
1628.1,1450070016,1450205184,1491095552
1629.2,1450070016,1450205184,1491095552
1630.2,1450070016,1450205184,1491095552
1631.2,1450070016,1450205184,1491095552
1632.2,1450070016,1450205184,1491095552
1633.2,1450070016,1450205184,1491095552
1634.2,1450070016,1450205184,1491095552
1635.2,1450070016,1450205184,1491095552
1636.3,1450070016,1450205184,1491095552
1637.3,1450070016,1450205184,1491095552
1638.3,1450070016,1450205184,1491095552
1639.3,1450070016,1450205184,1491095552
1640.3,1450070016,1450205184,1491095552
1641.3,1450070016,1450205184,1491095552
1642.3,1450070016,1450205184,1491095552
1643.3,1450070016,1450205184,1491095552
1644.4,1450070016,1450205184,1491095552
1645.4,1450070016,1450205184,1491095552
1646.4,1450070016,1450205184,1491095552
1647.4,1450070016,1450205184,1491095552
1648.4,1450070016,1450205184,1491095552
1649.4,1450070016,1450205184,1491095552
1650.4,1450070016,1450205184,1491095552
1651.4,1450070016,1450205184,1491095552
1652.5,1450070016,1450205184,1491095552
1653.5,1450070016,1450205184,1491095552
1654.5,1450070016,1450205184,1491095552
1655.5,1450070016,1450205184,1491095552
1656.5,1450070016,1450205184,1491095552
1657.5,1450070016,1450205184,1491095552
1658.5,1450070016,1450205184,1491095552
1659.6,1450070016,1450205184,1491095552
1660.6,1450070016,1450205184,1491095552
1661.6,1450070016,1450205184,1491095552
1662.6,1450070016,1450205184,1491095552
1663.6,1450070016,1450205184,1491095552
1664.6,1450070016,1450205184,1491095552
1665.6,1450070016,1450205184,1491095552
1666.6,1450070016,1450205184,1491095552
1667.7,1450070016,1450205184,1491095552
1668.7,1450070016,1450205184,1491095552
1669.7,1450070016,1450205184,1491095552
1670.7,1450070016,1450205184,1491095552
1671.7,1450070016,1450205184,1491095552
1672.7,1450070016,1450205184,1491095552
1673.7,1450070016,1450205184,1491095552
1674.8,1450070016,1450205184,1491095552
1675.8,1450070016,1450205184,1491095552
1676.8,1450070016,1450205184,1491095552
1677.8,1450070016,1450205184,1491095552
1678.8,1450070016,1450205184,1491095552
1679.8,1450070016,1450205184,1491095552
1680.8,1450070016,1450205184,1491095552
1681.9,1450070016,1450205184,1491095552
1682.9,1450070016,1450205184,1491095552
1683.9,1450070016,1450205184,1491095552
1684.9,1450070016,1450205184,1491095552
1685.9,1450070016,1450205184,1491095552
1686.9,1450070016,1450205184,1491095552
1687.9,1450070016,1450205184,1491095552
1689.0,1450070016,1450205184,1491095552
1690.0,1450070016,1450205184,1491095552
1691.0,1450070016,1450205184,1491095552
1692.0,1450070016,1450205184,1491095552
1693.0,1450070016,1450205184,1491095552
1694.0,1450070016,1450205184,1491095552
1695.0,1450070016,1450205184,1491095552
1696.0,1450070016,1450205184,1491095552
1697.1,1450070016,1450205184,1491095552
1698.1,1450070016,1450205184,1491095552
1699.1,1450070016,1450205184,1491095552
1700.1,1450070016,1450205184,1491095552
1701.1,1450070016,1450205184,1491095552
1702.1,1450070016,1450205184,1491095552
1703.1,1450070016,1450205184,1491095552
1704.1,1447309312,1450205184,1491095552
1705.2,1447309312,1450205184,1491095552
1706.2,1447309312,1450205184,1491095552
1707.2,1447309312,1450205184,1491095552
1708.2,1447309312,1450205184,1491095552
1709.2,1447309312,1450205184,1491095552
1710.2,1447309312,1450205184,1491095552
1711.2,1447309312,1450205184,1491095552
1712.3,1447309312,1450205184,1491095552
1713.3,1447309312,1450205184,1491095552
1714.3,1447309312,1450205184,1491095552
1715.3,1447309312,1450205184,1491095552
1716.3,1447309312,1450205184,1491095552
1717.3,1447309312,1450205184,1491095552
1718.3,1447309312,1450205184,1491095552
1719.3,1447309312,1450205184,1491095552
1720.4,1447309312,1450205184,1491095552
1721.4,1447309312,1450205184,1491095552
1722.4,1447309312,1450205184,1491095552
1723.4,1447309312,1450205184,1491095552
1724.4,1447309312,1450205184,1491095552
1725.4,1447309312,1450205184,1491095552
1726.4,1447309312,1450205184,1491095552
1727.4,1447309312,1450205184,1491095552
1728.5,1447309312,1450205184,1491095552
1729.5,1447309312,1450205184,1491095552
1730.5,1447309312,1450205184,1491095552
1731.5,1447309312,1450205184,1491095552
1732.5,1447309312,1450205184,1491095552
1733.5,1447309312,1450205184,1491095552
1734.5,1447309312,1450205184,1491095552
1735.6,1447309312,1450205184,1491095552
1736.6,1447309312,1450205184,1491095552
1737.6,1447309312,1450205184,1491095552
1738.6,1447309312,1450205184,1491095552
1739.6,1447309312,1450205184,1491095552
1740.6,1447309312,1450205184,1491095552
1741.6,1447309312,1450205184,1491095552
1742.6,1447309312,1450205184,1491095552
1743.7,1447309312,1450205184,1491095552
1744.7,1447309312,1450205184,1491095552
1745.7,1447309312,1450205184,1491095552
1746.7,1447309312,1450205184,1491095552
1747.7,1447309312,1450205184,1491095552
1748.7,1447309312,1450205184,1491095552
1749.7,1447309312,1450205184,1491095552
1750.8,1447309312,1450205184,1491095552
1751.8,1447309312,1450205184,1491095552
1752.8,1447309312,1450205184,1491095552
1753.8,1447309312,1450205184,1491095552
1754.8,1447309312,1450205184,1491095552
1755.8,1447309312,1450205184,1491095552
1756.8,1447309312,1450205184,1491095552
1757.8,1447309312,1450205184,1491095552
1758.9,1447309312,1450205184,1491095552
1759.9,1447309312,1450205184,1491095552
1760.9,1447309312,1450205184,1491095552
1761.9,1447309312,1450205184,1491095552
1762.9,1447309312,1450205184,1491095552
1763.9,1447309312,1450205184,1491095552
1764.9,1447309312,1450205184,1491095552
1765.9,1447309312,1450205184,1491095552
1767.0,1447309312,1450205184,1491095552
1768.0,1447309312,1450205184,1491095552
1769.0,1447309312,1450205184,1491095552
1770.0,1447309312,1450205184,1491095552
1771.0,1447309312,1450205184,1491095552
1772.0,1447309312,1450205184,1491095552
1773.0,1447309312,1450205184,1491095552
1774.1,1447309312,1450205184,1491095552
1775.1,1447309312,1450205184,1491095552
1776.1,1447309312,1450205184,1491095552
1777.1,1447309312,1450205184,1491095552
1778.1,1447309312,1450205184,1491095552
1779.1,1447309312,1450205184,1491095552
1780.1,1447309312,1450205184,1491095552
1781.1,1447309312,1450205184,1491095552
1782.2,1447309312,1450205184,1491095552
1783.2,1447309312,1450205184,1491095552
1784.2,1447309312,1450205184,1491095552
1785.2,1447309312,1450205184,1491095552
1786.2,1447309312,1450205184,1491095552
1787.2,1447309312,1450205184,1491095552
1788.2,1447309312,1450205184,1491095552
1789.3,1447309312,1450205184,1491095552
1790.3,1447309312,1450205184,1491095552
1791.3,1447309312,1450205184,1491095552
1792.3,1447309312,1450205184,1491095552
1793.3,1447309312,1450205184,1491095552
1794.3,1447309312,1450205184,1491095552
1795.3,1447309312,1450205184,1491095552
1796.4,1447309312,1450205184,1491095552
1797.4,1447309312,1450205184,1491095552
1798.4,1447309312,1450205184,1491095552
1799.4,1447309312,1450205184,1491095552
1800.4,1447309312,1450205184,1491095552
1801.4,1447309312,1450205184,1491095552
1802.4,1447309312,1450205184,1491095552
1803.5,1447309312,1450205184,1491095552
1804.5,1447309312,1450205184,1491095552
1805.5,1447309312,1450205184,1491095552
1806.5,1447309312,1450205184,1491095552
1807.5,1447309312,1450205184,1491095552
1808.5,1447309312,1450205184,1491095552
1809.5,1447309312,1450205184,1491095552
1810.6,1447309312,1450205184,1491095552
1811.6,1447309312,1450205184,1491095552
1812.6,1447309312,1450205184,1491095552
1813.6,1447309312,1450205184,1491095552
1814.6,1447309312,1450205184,1491095552
1815.6,1447309312,1450205184,1491095552
1816.6,1447309312,1450205184,1491095552
1817.6,1447309312,1450205184,1491095552
1818.7,1447309312,1450205184,1491095552
1819.7,1447309312,1450205184,1491095552
1820.7,1447309312,1450205184,1491095552
1821.7,1447309312,1450205184,1491095552
1822.7,1447309312,1450205184,1491095552
1823.7,1447309312,1450205184,1491095552
1824.7,1447309312,1450205184,1491095552
1825.8,1447309312,1450205184,1491095552
1826.8,1447309312,1450205184,1491095552
1827.8,1447309312,1450205184,1491095552
1828.8,1447309312,1450205184,1491095552
1829.8,1447309312,1450205184,1491095552
1830.8,1447309312,1450205184,1491095552
1831.8,1447309312,1450205184,1491095552
1832.9,1447309312,1450205184,1491095552
1833.9,1447309312,1450205184,1491095552
1834.9,1447309312,1450205184,1491095552
1835.9,1447309312,1450205184,1491095552
1836.9,1447309312,1450205184,1491095552
1837.9,1447309312,1450205184,1491095552
1838.9,1447309312,1450205184,1491095552
1840.0,1447309312,1450205184,1491095552
1841.0,1447309312,1450205184,1491095552
1842.0,1447309312,1450205184,1491095552
1843.0,1447309312,1450205184,1491095552
1844.0,1447309312,1450205184,1491095552
1845.1,1447309312,1450205184,1491095552
1846.1,1447309312,1450205184,1491095552
1847.1,1447309312,1450205184,1491095552
1848.1,1447309312,1450205184,1491095552
1849.1,1447309312,1450205184,1491095552
1850.1,1447309312,1450205184,1491095552
1851.1,1447309312,1450205184,1491095552
1852.1,1447309312,1450205184,1491095552
1853.2,1447309312,1450205184,1491095552
1854.2,1447309312,1450205184,1491095552
1855.2,1447309312,1450205184,1491095552
1856.2,1447309312,1450205184,1491095552
1857.2,1447309312,1450205184,1491095552
1858.2,1447309312,1450205184,1491095552
1859.2,1447309312,1450205184,1491095552
1860.3,1447309312,1450205184,1491095552
1861.3,1447309312,1450205184,1491095552
1862.3,1447309312,1450205184,1491095552
1863.3,1447309312,1450205184,1491095552
1864.3,1447309312,1450205184,1491095552
1865.3,1447309312,1450205184,1491095552
1866.3,1447309312,1450205184,1491095552
1867.4,1447309312,1450205184,1491095552
1868.4,1447309312,1450205184,1491095552
1869.4,1447309312,1450205184,1491095552
1870.4,1447309312,1450205184,1491095552
1871.4,1447309312,1450205184,1491095552
1872.4,1447309312,1450205184,1491095552
1873.4,1447309312,1450205184,1491095552
1874.5,1447309312,1450205184,1491095552
1875.5,1447309312,1450205184,1491095552
1876.5,1447309312,1450205184,1491095552
1877.5,1447309312,1450205184,1491095552
1878.5,1447309312,1450205184,1491095552
1879.5,1447309312,1450205184,1491095552
1880.5,1447309312,1450205184,1491095552
1881.5,1447309312,1450205184,1491095552
1882.6,1447309312,1450205184,1491095552
1883.6,1447309312,1450205184,1491095552
1884.6,1447309312,1450205184,1491095552
1885.6,1447309312,1450205184,1491095552
1886.6,1447309312,1450205184,1491095552
1887.6,1447309312,1450205184,1491095552
1888.6,1447309312,1450205184,1491095552
1889.6,1447309312,1450205184,1491095552
1890.7,1447309312,1450205184,1491095552
1891.7,1447309312,1450205184,1491095552
1892.7,1447309312,1450205184,1491095552
1893.7,1447309312,1450205184,1491095552
1894.7,1447309312,1450205184,1491095552
1895.7,1447309312,1450205184,1491095552
1896.8,1447309312,1450205184,1491095552
1897.8,1447309312,1450205184,1491095552
1898.8,1447309312,1450205184,1491095552
1899.8,1447309312,1450205184,1491095552
1900.8,1447309312,1450205184,1491095552
1901.9,1447309312,1450205184,1491095552
1902.9,1447309312,1450205184,1491095552
1903.9,1447309312,1450205184,1491095552
1904.9,1447309312,1450205184,1491095552
1905.9,1447309312,1450205184,1491095552
1906.9,1447309312,1450205184,1491095552
1908.0,1447309312,1450205184,1491095552
1909.0,1447309312,1450205184,1491095552
1910.0,1447309312,1450205184,1491095552
1911.0,1447309312,1450205184,1491095552
1912.0,1447309312,1450205184,1491095552
1913.0,1447309312,1450205184,1491095552
1914.0,1447309312,1450205184,1491095552
1915.0,1447309312,1450205184,1491095552
1916.0,1447309312,1450205184,1491095552
1917.1,1447309312,1450205184,1491095552
1918.1,1447309312,1450205184,1491095552
1919.1,1447309312,1450205184,1491095552
1920.1,1447309312,1450205184,1491095552
1921.1,1447309312,1450205184,1491095552
1922.1,1447309312,1450205184,1491095552
1923.1,1447309312,1450205184,1491095552
1924.2,1447309312,1450205184,1491095552
1925.2,1447309312,1450205184,1491095552
1926.2,1447309312,1450205184,1491095552
1927.2,1447309312,1450205184,1491095552
1928.2,1447309312,1450205184,1491095552
1929.2,1447309312,1450205184,1491095552
1930.2,1447309312,1450205184,1491095552
1931.3,1447309312,1450205184,1491095552
1932.3,1447309312,1450205184,1491095552
1933.3,1447309312,1450205184,1491095552
1934.3,1447309312,1450205184,1491095552
1935.3,1447309312,1450205184,1491095552
1936.3,1447309312,1450205184,1491095552
1937.3,1447309312,1450205184,1491095552
1938.4,1447309312,1450205184,1491095552
1939.4,1447309312,1450205184,1491095552
1940.4,1447309312,1450205184,1491095552
1941.4,1447309312,1450205184,1491095552
1942.4,1447309312,1450205184,1491095552
1943.4,1447309312,1450205184,1491095552
1944.4,1447309312,1450205184,1491095552
1945.4,1447309312,1450205184,1491095552
1946.4,1447309312,1450205184,1491095552
1947.5,1447309312,1450205184,1491095552
1948.5,1447309312,1450205184,1491095552
1949.5,1447309312,1450205184,1491095552
1950.5,1447309312,1450205184,1491095552
1951.5,1447309312,1450205184,1491095552
1952.5,1447309312,1450205184,1491095552
1953.5,1447309312,1450205184,1491095552
1954.6,1447309312,1450205184,1491095552
1955.6,1447309312,1450205184,1491095552
1956.6,1447309312,1450205184,1491095552
1957.6,1447309312,1450205184,1491095552
1958.6,1447309312,1450205184,1491095552
1959.6,1447309312,1450205184,1491095552
1960.6,1447309312,1450205184,1491095552
1961.7,1447309312,1450205184,1491095552
1962.7,1447309312,1450205184,1491095552
1963.7,1447309312,1450205184,1491095552
1964.7,1447309312,1450205184,1491095552
1965.7,1447309312,1450205184,1491095552
1966.7,1447309312,1450205184,1491095552
1967.7,1447309312,1450205184,1491095552
1968.8,1447309312,1450205184,1491095552
1969.8,1447309312,1450205184,1491095552
1970.8,1447309312,1450205184,1491095552
1971.8,1447309312,1450205184,1491095552
1972.8,1447309312,1450205184,1491095552
1973.8,1447309312,1450205184,1491095552
1974.8,1447309312,1450205184,1491095552
1975.8,1447309312,1450205184,1491095552
1976.9,1447309312,1450205184,1491095552
1977.9,1447309312,1450205184,1491095552
1978.9,1447309312,1450205184,1491095552
1979.9,1447309312,1450205184,1491095552
1980.9,1447309312,1450205184,1491095552
1981.9,1447309312,1450205184,1491095552
1982.9,1447309312,1450205184,1491095552
1983.9,1447309312,1450205184,1491095552
1985.0,1447309312,1450205184,1491095552
1986.0,1447309312,1450205184,1491095552
1987.0,1447309312,1450205184,1491095552
1988.0,1447309312,1450205184,1491095552
1989.0,1447309312,1450205184,1491095552
1990.0,1447309312,1450205184,1491095552
1991.0,1447309312,1450205184,1491095552
1992.0,1447309312,1450205184,1491095552
1993.1,1447309312,1450205184,1491095552
1994.1,1447309312,1450205184,1491095552
1995.1,1447309312,1450205184,1491095552
1996.1,1447309312,1450205184,1491095552
1997.1,1447309312,1450205184,1491095552
1998.1,1447309312,1450205184,1491095552
1999.1,1447309312,1450205184,1491095552
2000.1,1447309312,1450205184,1491095552
2001.2,1447309312,1450205184,1491095552
2002.2,1447309312,1450205184,1491095552
2003.2,1447309312,1450205184,1491095552
2004.2,1447309312,1450205184,1491095552
2005.2,1447309312,1450205184,1491095552
2006.2,1447309312,1450205184,1491095552
2007.2,1447309312,1450205184,1491095552
2008.3,1447309312,1450205184,1491095552
2009.3,1447309312,1450205184,1491095552
2010.3,1447309312,1450205184,1491095552
2011.3,1447309312,1450205184,1491095552
2012.3,1447309312,1450205184,1491095552
2013.3,1447309312,1450205184,1491095552
2014.3,1447309312,1450205184,1491095552
2015.4,1447309312,1450205184,1491095552
2016.4,1447309312,1450205184,1491095552
2017.4,1447309312,1450205184,1491095552
2018.4,1447309312,1450205184,1491095552
2019.4,1447309312,1450205184,1491095552
2020.4,1447309312,1450205184,1491095552
2021.4,1447309312,1450205184,1491095552
2022.5,1447309312,1450205184,1491095552
2023.5,1447309312,1450205184,1491095552
2024.5,1447309312,1450205184,1491095552
2025.5,1447309312,1450205184,1491095552
2026.5,1447309312,1450205184,1491095552
2027.5,1447309312,1450205184,1491095552
2028.5,1447309312,1450205184,1491095552
2029.5,1447309312,1450205184,1491095552
2030.5,1447309312,1450205184,1491095552
2031.6,1447309312,1450205184,1491095552
2032.6,1447309312,1450205184,1491095552
2033.6,1447309312,1450205184,1491095552
2034.6,1447309312,1450205184,1491095552
2035.6,1447309312,1450205184,1491095552
2036.6,1447309312,1450205184,1491095552
2037.6,1447309312,1450205184,1491095552
2038.6,1447309312,1450205184,1491095552
2039.7,1447309312,1450205184,1491095552
2040.7,1447309312,1450205184,1491095552
2041.7,1447309312,1450205184,1491095552
2042.7,1447309312,1450205184,1491095552
2043.7,1447309312,1450205184,1491095552
2044.7,1447309312,1450205184,1491095552
2045.7,1447309312,1450205184,1491095552
2046.7,1447309312,1450205184,1491095552
2047.7,1447309312,1450205184,1491095552
2048.7,1447309312,1450205184,1491095552
2049.8,1447309312,1450205184,1491095552
2050.8,1447309312,1450205184,1491095552
2051.8,1447309312,1450205184,1491095552
2052.8,1447309312,1450205184,1491095552
2053.8,1447309312,1450205184,1491095552
2054.8,1447309312,1450205184,1491095552
2055.8,1447309312,1450205184,1491095552
2056.8,1447309312,1450205184,1491095552
2057.9,1447309312,1450205184,1491095552
2058.9,1447309312,1450205184,1491095552
2059.9,1447309312,1450205184,1491095552
2060.9,1447309312,1450205184,1491095552
2061.9,1447309312,1450205184,1491095552
2062.9,1447309312,1450205184,1491095552
2064.0,1447309312,1450205184,1491095552
2065.0,1447309312,1450205184,1491095552
2066.0,1447309312,1450205184,1491095552
2067.0,1447309312,1450205184,1491095552
2068.0,1447309312,1450205184,1491095552
2069.0,1447309312,1450205184,1491095552
2070.0,1447309312,1450205184,1491095552
2071.1,1447309312,1450205184,1491095552
2072.1,1447309312,1450205184,1491095552
2073.1,1447309312,1450205184,1491095552
2074.1,1447309312,1450205184,1491095552
2075.1,1447309312,1450205184,1491095552
2076.1,1447309312,1450205184,1491095552
2077.1,1447309312,1450205184,1491095552
2078.1,1447309312,1450205184,1491095552
2079.1,1447309312,1450205184,1491095552
2080.2,1447309312,1450205184,1491095552
2081.2,1447309312,1450205184,1491095552
2082.2,1447309312,1450205184,1491095552
2083.2,1447309312,1450205184,1491095552
2084.2,1447309312,1450205184,1491095552
2085.2,1447309312,1450205184,1491095552
2086.2,1447309312,1450205184,1491095552
2087.2,1447309312,1450205184,1491095552
2088.3,1447309312,1450205184,1491095552
2089.3,1447309312,1450205184,1491095552
2090.3,1447309312,1450205184,1491095552
2091.3,1447309312,1450205184,1491095552
2092.3,1447309312,1450205184,1491095552
2093.3,1447309312,1450205184,1491095552
2094.3,1447309312,1450205184,1491095552
2095.3,1447309312,1450205184,1491095552
2096.4,1447309312,1450205184,1491095552
2097.4,1447309312,1450205184,1491095552
2098.4,1447309312,1450205184,1491095552
2099.4,1447309312,1450205184,1491095552
2100.4,1447309312,1450205184,1491095552
2101.4,1447309312,1450205184,1491095552
2102.4,1447309312,1450205184,1491095552
2103.5,1447309312,1450205184,1491095552
2104.5,1447309312,1450205184,1491095552
2105.5,1447309312,1450205184,1491095552
2106.5,1447309312,1450205184,1491095552
2107.5,1447309312,1450205184,1491095552
2108.5,1447309312,1450205184,1491095552
2109.6,1447309312,1450205184,1491095552
2110.6,1447309312,1450205184,1491095552
2111.6,1447309312,1450205184,1491095552
2112.6,1447309312,1450205184,1491095552
2113.6,1447309312,1450205184,1491095552
2114.6,1447309312,1450205184,1491095552
2115.6,1447309312,1450205184,1491095552
2116.7,1447309312,1450205184,1491095552
2117.7,1447309312,1450205184,1491095552
2118.7,1447309312,1450205184,1491095552
2119.7,1447309312,1450205184,1491095552
2120.7,1447309312,1450205184,1491095552
2121.7,1447309312,1450205184,1491095552
2122.7,1447309312,1450205184,1491095552
2123.8,1447309312,1450205184,1491095552
2124.8,1447309312,1450205184,1491095552
2125.8,1447309312,1450205184,1491095552
2126.8,1447309312,1450205184,1491095552
2127.8,1447309312,1450205184,1491095552
2128.8,1447309312,1450205184,1491095552
2129.8,1447309312,1450205184,1491095552
2130.8,1447309312,1450205184,1491095552
2131.9,1447309312,1450205184,1491095552
2132.9,1447309312,1450205184,1491095552
2133.9,1447309312,1450205184,1491095552
2134.9,1447309312,1450205184,1491095552
2135.9,1447309312,1450205184,1491095552
2136.9,1447309312,1450205184,1491095552
2137.9,1447309312,1450205184,1491095552
2138.9,1447309312,1450205184,1491095552
2139.9,1447309312,1450205184,1491095552
2141.0,1447309312,1450205184,1491095552
2142.0,1447309312,1450205184,1491095552
2143.0,1447309312,1450205184,1491095552
2144.0,1447309312,1450205184,1491095552
2145.0,1447309312,1450205184,1491095552
2146.0,1447309312,1450205184,1491095552
2147.0,1447309312,1450205184,1491095552
2148.0,1447309312,1450205184,1491095552
2149.1,1447309312,1450205184,1491095552
2150.1,1447309312,1450205184,1491095552
2151.1,1447309312,1450205184,1491095552
2152.1,1447309312,1450205184,1491095552
2153.1,1447309312,1450205184,1491095552
2154.1,1447309312,1450205184,1491095552
2155.1,1447309312,1450205184,1491095552
2156.1,1447309312,1450205184,1491095552
2157.2,1447309312,1450205184,1491095552
2158.2,1447309312,1450205184,1491095552
2159.2,1447309312,1450205184,1491095552
2160.2,1447309312,1450205184,1491095552
2161.2,1447309312,1450205184,1491095552
2162.2,1447309312,1450205184,1491095552
2163.2,1447309312,1450205184,1491095552
2164.2,1447309312,1450205184,1491095552
2165.2,1447309312,1450205184,1491095552
2166.3,1447309312,1450205184,1491095552
2167.3,1447309312,1450205184,1491095552
2168.3,1447309312,1450205184,1491095552
2169.3,1447309312,1450205184,1491095552
2170.3,1447309312,1450205184,1491095552
2171.3,1447309312,1450205184,1491095552
2172.3,1447309312,1450205184,1491095552
2173.4,1447309312,1450205184,1491095552
2174.4,1447309312,1450205184,1491095552
2175.4,1447309312,1450205184,1491095552
2176.4,1447309312,1450205184,1491095552
2177.4,1447309312,1450205184,1491095552
2178.4,1447309312,1450205184,1491095552
2179.4,1447309312,1450205184,1491095552
2180.4,1447309312,1450205184,1491095552
2181.5,1447309312,1450205184,1491095552
2182.5,1447309312,1450205184,1491095552
2183.5,1447309312,1450205184,1491095552
2184.5,1447309312,1450205184,1491095552
2185.5,1447309312,1450205184,1491095552
2186.5,1447309312,1450205184,1491095552
2187.5,1447309312,1450205184,1491095552
2188.5,1447309312,1450205184,1491095552
2189.6,1447309312,1450205184,1491095552
2190.6,1447309312,1450205184,1491095552
2191.6,1447309312,1450205184,1491095552
2192.6,1447309312,1450205184,1491095552
2193.6,1447309312,1450205184,1491095552
2194.6,1447309312,1450205184,1491095552
2195.6,1447309312,1450205184,1491095552
2196.6,1447309312,1450205184,1491095552
2197.7,1447309312,1450205184,1491095552
2198.7,1447309312,1450205184,1491095552
2199.7,1447309312,1450205184,1491095552
2200.7,1447309312,1450205184,1491095552
2201.7,1447309312,1450205184,1491095552
2202.7,1447309312,1450205184,1491095552
2203.7,1447309312,1450205184,1491095552
2204.8,1447309312,1450205184,1491095552
2205.8,1447309312,1450205184,1491095552
2206.8,1447309312,1450205184,1491095552
2207.8,1447309312,1450205184,1491095552
2208.8,1447309312,1450205184,1491095552
2209.8,1447309312,1450205184,1491095552
2210.8,1447309312,1450205184,1491095552
2211.8,1447309312,1450205184,1491095552
2212.9,1447309312,1450205184,1491095552
2213.9,1447309312,1450205184,1491095552
2214.9,1447309312,1450205184,1491095552
2215.9,1447309312,1450205184,1491095552
2216.9,1447309312,1450205184,1491095552
2217.9,1447309312,1450205184,1491095552
2218.9,1447309312,1450205184,1491095552
2219.9,1447309312,1450205184,1491095552
2221.0,1447309312,1450205184,1491095552
2222.0,1447309312,1450205184,1491095552
2223.0,1447309312,1450205184,1491095552
2224.0,1447309312,1450205184,1491095552
2225.0,1447309312,1450205184,1491095552
2226.0,1447309312,1450205184,1491095552
2227.0,1447309312,1450205184,1491095552
2228.0,1447309312,1450205184,1491095552
2229.1,1447309312,1450205184,1491095552
2230.1,1447309312,1450205184,1491095552
2231.1,1447309312,1450205184,1491095552
2232.1,1447309312,1450205184,1491095552
2233.2,1447309312,1450205184,1491095552
2234.2,1447309312,1450205184,1491095552
2235.2,1447309312,1450205184,1491095552
2236.2,1447309312,1450205184,1491095552
2237.2,1447309312,1450205184,1491095552
2238.2,1447309312,1450205184,1491095552
2239.3,1447309312,1450205184,1491095552
2240.3,1447309312,1450205184,1491095552
2241.3,1447309312,1450205184,1491095552
2242.3,1447309312,1450205184,1491095552
2243.3,1447309312,1450205184,1491095552
2244.3,1447309312,1450205184,1491095552
2245.3,1447309312,1450205184,1491095552
2246.3,1447309312,1450205184,1491095552
2247.4,1447309312,1450205184,1491095552
2248.4,1447309312,1450205184,1491095552
2249.4,1447309312,1450205184,1491095552
2250.4,1447309312,1450205184,1491095552
2251.4,1447309312,1450205184,1491095552
2252.4,1447309312,1450205184,1491095552
2253.4,1447309312,1450205184,1491095552
2254.5,1447309312,1450205184,1491095552
2255.5,1447309312,1450205184,1491095552
2256.5,1447309312,1450205184,1491095552
2257.5,1447309312,1450205184,1491095552
2258.5,1447309312,1450205184,1491095552
2259.5,1447309312,1450205184,1491095552
2260.5,1447309312,1450205184,1491095552
2261.6,1447309312,1450205184,1491095552
2262.6,1447309312,1450205184,1491095552
2263.6,1447309312,1450205184,1491095552
2264.6,1447309312,1450205184,1491095552
2265.6,1447309312,1450205184,1491095552
2266.6,1447309312,1450205184,1491095552
2267.6,1447309312,1450205184,1491095552
2268.6,1447309312,1450205184,1491095552
2269.6,1447309312,1450205184,1491095552
2270.7,1447309312,1450205184,1491095552
2271.7,1447309312,1450205184,1491095552
2272.7,1447309312,1450205184,1491095552
2273.7,1447309312,1450205184,1491095552
2274.7,1447309312,1450205184,1491095552
2275.7,1447309312,1450205184,1491095552
2276.7,1447309312,1450205184,1491095552
2277.7,1447309312,1450205184,1491095552
2278.8,1447309312,1450205184,1491095552
2279.8,1447309312,1450205184,1491095552
2280.8,1447309312,1450205184,1491095552
2281.8,1447309312,1450205184,1491095552
2282.8,1447309312,1450205184,1491095552
2283.8,1447309312,1450205184,1491095552
2284.8,1447309312,1450205184,1491095552
2285.9,1447309312,1450205184,1491095552
2286.9,1447309312,1450205184,1491095552
2287.9,1447309312,1450205184,1491095552
2288.9,1447309312,1450205184,1491095552
2289.9,1447309312,1450205184,1491095552
2290.9,1447309312,1450205184,1491095552
2291.9,1447309312,1450205184,1491095552
2292.9,1447309312,1450205184,1491095552
2294.0,1447309312,1450205184,1491095552
2295.0,1447309312,1450205184,1491095552
2296.0,1447309312,1450205184,1491095552
2297.0,1447309312,1450205184,1491095552
2298.0,1447309312,1450205184,1491095552
2299.0,1447309312,1450205184,1491095552
2300.0,1447309312,1450205184,1491095552
2301.1,1447309312,1450205184,1491095552
2302.1,1447309312,1450205184,1491095552
2303.1,1447309312,1450205184,1491095552
2304.1,1447309312,1450205184,1491095552
2305.1,1447309312,1450205184,1491095552
2306.1,1447309312,1450205184,1491095552
2307.1,1447309312,1450205184,1491095552
2308.1,1447309312,1450205184,1491095552
2309.2,1447309312,1450205184,1491095552
2310.2,1447309312,1450205184,1491095552
2311.2,1447309312,1450205184,1491095552
2312.2,1447309312,1450205184,1491095552
2313.2,1447309312,1450205184,1491095552
2314.2,1447309312,1450205184,1491095552
2315.2,1447309312,1450205184,1491095552
2316.2,1447309312,1450205184,1491095552
2317.3,1447309312,1450205184,1491095552
2318.3,1447309312,1450205184,1491095552
2319.3,1447309312,1450205184,1491095552
2320.3,1447309312,1450205184,1491095552
2321.3,1447309312,1450205184,1491095552
2322.3,1447309312,1450205184,1491095552
2323.3,1447309312,1450205184,1491095552
2324.3,1447309312,1450205184,1491095552
2325.4,1447309312,1450205184,1491095552
2326.4,1447309312,1450205184,1491095552
2327.4,1447309312,1450205184,1491095552
2328.4,1447309312,1450205184,1491095552
2329.4,1447309312,1450205184,1491095552
2330.4,1447309312,1450205184,1491095552
2331.4,1447309312,1450205184,1491095552
2332.4,1447309312,1450205184,1491095552
2333.5,1447309312,1450205184,1491095552
2334.5,1447309312,1450205184,1491095552
2335.5,1447309312,1450205184,1491095552
2336.5,1447309312,1450205184,1491095552
2337.5,1447309312,1450205184,1491095552
2338.5,1447309312,1450205184,1491095552
2339.5,1447309312,1450205184,1491095552
2340.5,1447309312,1450205184,1491095552
2341.6,1447309312,1450205184,1491095552
2342.6,1447309312,1450205184,1491095552
2343.6,1447309312,1450205184,1491095552
2344.6,1447309312,1450205184,1491095552
2345.6,1447309312,1450205184,1491095552
2346.6,1447309312,1450205184,1491095552
2347.6,1447309312,1450205184,1491095552
2348.6,1447309312,1450205184,1491095552
2349.7,1447309312,1450205184,1491095552
2350.7,1447309312,1450205184,1491095552
2351.7,1447309312,1450205184,1491095552
2352.7,1447309312,1450205184,1491095552
2353.7,1447309312,1450205184,1491095552
2354.7,1447309312,1450205184,1491095552
2355.7,1447309312,1450205184,1491095552
2356.8,1447309312,1450205184,1491095552
2357.8,1447309312,1450205184,1491095552
2358.8,1447309312,1450205184,1491095552
2359.8,1447309312,1450205184,1491095552
2360.8,1447309312,1450205184,1491095552
2361.8,1447309312,1450205184,1491095552
2362.8,1447309312,1450205184,1491095552
2363.9,1447309312,1450205184,1491095552
2364.9,1447309312,1450205184,1491095552
2365.9,1447309312,1450205184,1491095552
2366.9,1447309312,1450205184,1491095552
2367.9,1447309312,1450205184,1491095552
2368.9,1447309312,1450205184,1491095552
2369.9,1447309312,1450205184,1491095552
2371.0,1447309312,1450205184,1491095552
2372.0,1447309312,1450205184,1491095552
2373.0,1447309312,1450205184,1491095552
2374.0,1447309312,1450205184,1491095552
2375.0,1447309312,1450205184,1491095552
2376.0,1447309312,1450205184,1491095552
2377.0,1447309312,1450205184,1491095552
2378.1,1447309312,1450205184,1491095552
2379.1,1447309312,1450205184,1491095552
2380.1,1447309312,1450205184,1491095552
2381.1,1447309312,1450205184,1491095552
2382.1,1447309312,1450205184,1491095552
2383.1,1447309312,1450205184,1491095552
2384.1,1447309312,1450205184,1491095552
2385.2,1447309312,1450205184,1491095552
2386.2,1447309312,1450205184,1491095552
2387.2,1447309312,1450205184,1491095552
2388.2,1447309312,1450205184,1491095552
2389.2,1447309312,1450205184,1491095552
2390.2,1447309312,1450205184,1491095552
2391.2,1447309312,1450205184,1491095552
2392.2,1447309312,1450205184,1491095552
2393.3,1447309312,1450205184,1491095552
2394.3,1447309312,1450205184,1491095552
2395.3,1447309312,1450205184,1491095552
2396.3,1447309312,1450205184,1491095552
2397.3,1447309312,1450205184,1491095552
2398.3,1447309312,1450205184,1491095552
2399.3,1447309312,1450205184,1491095552
2400.3,1447309312,1450205184,1491095552
2401.4,1447309312,1450205184,1491095552
2402.4,1447309312,1450205184,1491095552
2403.4,1447309312,1450205184,1491095552
2404.4,1447309312,1450205184,1491095552
2405.4,1447309312,1450205184,1491095552
2406.4,1447309312,1450205184,1491095552
2407.4,1447309312,1450205184,1491095552
2408.5,1447309312,1450205184,1491095552
2409.5,1447309312,1450205184,1491095552
2410.5,1447309312,1450205184,1491095552
2411.5,1447309312,1450205184,1491095552
2412.5,1447309312,1450205184,1491095552
2413.5,1447309312,1450205184,1491095552
2414.5,1447309312,1450205184,1491095552
2415.6,1447309312,1450205184,1491095552
2416.6,1447309312,1450205184,1491095552
2417.6,1447309312,1450205184,1491095552
2418.6,1447309312,1450205184,1491095552
2419.6,1447309312,1450205184,1491095552
2420.6,1447309312,1450205184,1491095552
2421.6,1447309312,1450205184,1491095552
2422.7,1447309312,1450205184,1491095552
2423.7,1447309312,1450205184,1491095552
2424.7,1447309312,1450205184,1491095552
2425.7,1447309312,1450205184,1491095552
2426.7,1447309312,1450205184,1491095552
2427.7,1447309312,1450205184,1491095552
2428.7,1447309312,1450205184,1491095552
2429.8,1447309312,1450205184,1491095552
2430.8,1447309312,1450205184,1491095552
2431.8,1447309312,1450205184,1491095552
2432.8,1447309312,1450205184,1491095552
2433.8,1447309312,1450205184,1491095552
2434.8,1447309312,1450205184,1491095552
2435.9,1447309312,1450205184,1491095552
2436.9,1447309312,1450205184,1491095552
2437.9,1447309312,1450205184,1491095552
2438.9,1447309312,1450205184,1491095552
2439.9,1447309312,1450205184,1491095552
2440.9,1447309312,1450205184,1491095552
2442.0,1447309312,1450205184,1491095552
2443.0,1447309312,1450205184,1491095552
2444.0,1447309312,1450205184,1491095552
2445.0,1447309312,1450205184,1491095552
2446.0,1447309312,1450205184,1491095552
2447.0,1447309312,1450205184,1491095552
2448.0,1447309312,1450205184,1491095552
2449.0,1447309312,1450205184,1491095552
2450.1,1447309312,1450205184,1491095552
2451.1,1447309312,1450205184,1491095552
2452.1,1447309312,1450205184,1491095552
2453.1,1447309312,1450205184,1491095552
2454.1,1447309312,1450205184,1491095552
2455.1,1447309312,1450205184,1491095552
2456.1,1447309312,1450205184,1491095552
2457.2,1447309312,1450205184,1491095552
2458.2,1447309312,1450205184,1491095552
2459.2,1447309312,1450205184,1491095552
2460.2,1447309312,1450205184,1491095552
2461.2,1447309312,1450205184,1491095552
2462.2,1447309312,1450205184,1491095552
2463.2,1447309312,1450205184,1491095552
2464.3,1447309312,1450205184,1491095552
2465.3,1447309312,1450205184,1491095552
2466.3,1447309312,1450205184,1491095552
2467.3,1447309312,1450205184,1491095552
2468.3,1447309312,1450205184,1491095552
2469.3,1447309312,1450205184,1491095552
2470.3,1447309312,1450205184,1491095552
2471.4,1447309312,1450205184,1491095552
2472.4,1447309312,1450205184,1491095552
2473.4,1447309312,1450205184,1491095552
2474.4,1447309312,1450205184,1491095552
2475.4,1447309312,1450205184,1491095552
2476.4,1447309312,1450205184,1491095552
2477.4,1447309312,1450205184,1491095552
2478.5,1447309312,1450205184,1491095552
2479.5,1447309312,1450205184,1491095552
2480.5,1447309312,1450205184,1491095552
2481.5,1447309312,1450205184,1491095552
2482.5,1447309312,1450205184,1491095552
2483.5,1447309312,1450205184,1491095552
2484.5,1447309312,1450205184,1491095552
2485.5,1447309312,1450205184,1491095552
2486.6,1447309312,1450205184,1491095552
2487.6,1447309312,1450205184,1491095552
2488.6,1447309312,1450205184,1491095552
2489.6,1447309312,1450205184,1491095552
2490.6,1447309312,1450205184,1491095552
2491.6,1447309312,1450205184,1491095552
2492.6,1447309312,1450205184,1491095552
2493.7,1447309312,1450205184,1491095552
2494.7,1447309312,1450205184,1491095552
2495.7,1447309312,1450205184,1491095552
2496.7,1447309312,1450205184,1491095552
2497.7,1447309312,1450205184,1491095552
2498.7,1447309312,1450205184,1491095552
2499.7,1447309312,1450205184,1491095552
2500.7,1447309312,1450205184,1491095552
2501.8,1447309312,1450205184,1491095552
2502.8,1447309312,1450205184,1491095552
2503.8,1447309312,1450205184,1491095552
2504.8,1447309312,1450205184,1491095552
2505.8,1447309312,1450205184,1491095552
2506.8,1447309312,1450205184,1491095552
2507.8,1447309312,1450205184,1491095552
2508.9,1447309312,1450205184,1491095552
2509.9,1447309312,1450205184,1491095552
2510.9,1447309312,1450205184,1491095552
2511.9,1447309312,1450205184,1491095552
2512.9,1447309312,1450205184,1491095552
2513.9,1447309312,1450205184,1491095552
2514.9,1447309312,1450205184,1491095552
2516.0,1447309312,1450205184,1491095552
2517.0,1447309312,1450205184,1491095552
2518.0,1447309312,1450205184,1491095552
2519.0,1447309312,1450205184,1491095552
2520.0,1447309312,1450205184,1491095552
2521.0,1447309312,1450205184,1491095552
2522.0,1447309312,1450205184,1491095552
2523.1,1447309312,1450205184,1491095552
2524.1,1447309312,1450205184,1491095552
2525.1,1447309312,1450205184,1491095552
2526.1,1447309312,1450205184,1491095552
2527.1,1447309312,1450205184,1491095552
2528.1,1447309312,1450205184,1491095552
2529.1,1447309312,1450205184,1491095552
2530.2,1447309312,1450205184,1491095552
2531.2,1447309312,1450205184,1491095552
2532.2,1447309312,1450205184,1491095552
2533.2,1447309312,1450205184,1491095552
2534.2,1447309312,1450205184,1491095552
2535.2,1447309312,1450205184,1491095552
2536.2,1447309312,1450205184,1491095552
2537.3,1447309312,1450205184,1491095552
2538.3,1447309312,1450205184,1491095552
2539.3,1447309312,1450205184,1491095552
2540.3,1447309312,1450205184,1491095552
2541.3,1447309312,1450205184,1491095552
2542.3,1447309312,1450205184,1491095552
2543.3,1447309312,1450205184,1491095552
2544.3,1447309312,1450205184,1491095552
2545.4,1447309312,1450205184,1491095552
2546.4,1447309312,1450205184,1491095552
2547.4,1447309312,1450205184,1491095552
2548.4,1447309312,1450205184,1491095552
2549.4,1447309312,1450205184,1491095552
2550.4,1447309312,1450205184,1491095552
2551.4,1447309312,1450205184,1491095552
2552.5,1447309312,1450205184,1491095552
2553.5,1447309312,1450205184,1491095552
2554.5,1447309312,1450205184,1491095552
2555.5,1447309312,1450205184,1491095552
2556.5,1447309312,1450205184,1491095552
2557.5,1447309312,1450205184,1491095552
2558.5,1447309312,1450205184,1491095552
2559.6,1447309312,1450205184,1491095552
2560.6,1447309312,1450205184,1491095552
2561.6,1447309312,1450205184,1491095552
2562.6,1447309312,1450205184,1491095552
2563.6,1447309312,1450205184,1491095552
2564.6,1447309312,1450205184,1491095552
2565.6,1447309312,1450205184,1491095552
2566.7,1447309312,1450205184,1491095552
2567.7,1447309312,1450205184,1491095552
2568.7,1447309312,1450205184,1491095552
2569.7,1447309312,1450205184,1491095552
2570.7,1447309312,1450205184,1491095552
2571.7,1447309312,1450205184,1491095552
2572.7,1447309312,1450205184,1491095552
2573.8,1447309312,1450205184,1491095552
2574.8,1447309312,1450205184,1491095552
2575.8,1447309312,1450205184,1491095552
2576.8,1447309312,1450205184,1491095552
2577.8,1447309312,1450205184,1491095552
2578.8,1447309312,1450205184,1491095552
2579.8,1447309312,1450205184,1491095552
2580.9,1447309312,1450205184,1491095552
2581.9,1447309312,1450205184,1491095552
2582.9,1447309312,1450205184,1491095552
2583.9,1447309312,1450205184,1491095552
2584.9,1447309312,1450205184,1491095552
2585.9,1447309312,1450205184,1491095552
2586.9,1447309312,1450205184,1491095552
2587.9,1447309312,1450205184,1491095552
2589.0,1447309312,1450205184,1491095552
2590.0,1447309312,1450205184,1491095552
2591.0,1447309312,1450205184,1491095552
2592.0,1447309312,1450205184,1491095552
2593.0,1447309312,1450205184,1491095552
2594.0,1447309312,1450205184,1491095552
2595.0,1447309312,1450205184,1491095552
2596.0,1447309312,1450205184,1491095552
2597.1,1447309312,1450205184,1491095552
2598.1,1447309312,1450205184,1491095552
2599.1,1447309312,1450205184,1491095552
2600.1,1447309312,1450205184,1491095552
2601.1,1447309312,1450205184,1491095552
2602.1,1447309312,1450205184,1491095552
2603.1,1447309312,1450205184,1491095552
2604.1,1447309312,1450205184,1491095552
2605.2,1447309312,1450205184,1491095552
2606.2,1447309312,1450205184,1491095552
2607.2,1447309312,1450205184,1491095552
2608.2,1447309312,1450205184,1491095552
2609.2,1447309312,1450205184,1491095552
2610.2,1447309312,1450205184,1491095552
2611.2,1447309312,1450205184,1491095552
2612.2,1447309312,1450205184,1491095552
2613.3,1447309312,1450205184,1491095552
2614.3,1447309312,1450205184,1491095552
2615.3,1447309312,1450205184,1491095552
2616.3,1447309312,1450205184,1491095552
2617.3,1447309312,1450205184,1491095552
2618.3,1447309312,1450205184,1491095552
2619.3,1447309312,1450205184,1491095552
2620.3,1447309312,1450205184,1491095552
2621.4,1447309312,1450205184,1491095552
2622.4,1447309312,1450205184,1491095552
2623.4,1447309312,1450205184,1491095552
2624.4,1447309312,1450205184,1491095552
2625.4,1447309312,1450205184,1491095552
2626.4,1447309312,1450205184,1491095552
2627.4,1447309312,1450205184,1491095552
2628.4,1447309312,1450205184,1491095552
2629.5,1447309312,1450205184,1491095552
2630.5,1447309312,1450205184,1491095552
2631.5,1447309312,1450205184,1491095552
2632.5,1447309312,1450205184,1491095552
2633.5,1447309312,1450205184,1491095552
2634.5,1447309312,1450205184,1491095552
2635.5,1447309312,1450205184,1491095552
2636.5,1447309312,1450205184,1491095552
2637.6,1447309312,1450205184,1491095552
2638.6,1447309312,1450205184,1491095552
2639.6,1447309312,1450205184,1491095552
2640.6,1447309312,1450205184,1491095552
2641.6,1447309312,1450205184,1491095552
2642.6,1447309312,1450205184,1491095552
2643.6,1447309312,1450205184,1491095552
2644.6,1447309312,1450205184,1491095552
2645.7,1447309312,1450205184,1491095552
2646.7,1447309312,1450205184,1491095552
2647.7,1447309312,1450205184,1491095552
2648.7,1447309312,1450205184,1491095552
2649.7,1447309312,1450205184,1491095552
2650.7,1447309312,1450205184,1491095552
2651.7,1447309312,1450205184,1491095552
2652.8,1447309312,1450205184,1491095552
2653.8,1447309312,1450205184,1491095552
2654.8,1447309312,1450205184,1491095552
2655.8,1447309312,1450205184,1491095552
2656.8,1447309312,1450205184,1491095552
2657.8,1447309312,1450205184,1491095552
2658.8,1447309312,1450205184,1491095552
2659.8,1447309312,1450205184,1491095552
2660.9,1447309312,1450205184,1491095552
2661.9,1447309312,1450205184,1491095552
2662.9,1447309312,1450205184,1491095552
2663.9,1447309312,1450205184,1491095552
2664.9,1447309312,1450205184,1491095552
2665.9,1447309312,1450205184,1491095552
2666.9,1447309312,1450205184,1491095552
2668.0,1447309312,1450205184,1491095552
2669.0,1447309312,1450205184,1491095552
2670.0,1447309312,1450205184,1491095552
2671.0,1447309312,1450205184,1491095552
2672.0,1447309312,1450205184,1491095552
2673.0,1447309312,1450205184,1491095552
2674.0,1447309312,1450205184,1491095552
2675.1,1447309312,1450205184,1491095552
2676.1,1447309312,1450205184,1491095552
2677.1,1447309312,1450205184,1491095552
2678.1,1447309312,1450205184,1491095552
2679.1,1447309312,1450205184,1491095552
2680.1,1447309312,1450205184,1491095552
2681.1,1447309312,1450205184,1491095552
2682.1,1447309312,1450205184,1491095552
2683.2,1447309312,1450205184,1491095552
2684.2,1447309312,1450205184,1491095552
2685.2,1447309312,1450205184,1491095552
2686.2,1447309312,1450205184,1491095552
2687.2,1447309312,1450205184,1491095552
2688.2,1447309312,1450205184,1491095552
2689.2,1447309312,1450205184,1491095552
2690.3,1447309312,1450205184,1491095552
2691.3,1447309312,1450205184,1491095552
2692.3,1447309312,1450205184,1491095552
2693.3,1447309312,1450205184,1491095552
2694.3,1447309312,1450205184,1491095552
2695.3,1447309312,1450205184,1491095552
2696.3,1447309312,1450205184,1491095552
2697.3,1447309312,1450205184,1491095552
2698.4,1447309312,1450205184,1491095552
2699.4,1447309312,1450205184,1491095552
2700.4,1447309312,1450205184,1491095552
2701.4,1447309312,1450205184,1491095552
2702.4,1447309312,1450205184,1491095552
2703.4,1447309312,1450205184,1491095552
2704.5,1447309312,1450205184,1491095552
2705.5,1447309312,1450205184,1491095552
2706.5,1447309312,1450205184,1491095552
2707.5,1447309312,1450205184,1491095552
2708.5,1447309312,1450205184,1491095552
2709.5,1447309312,1450205184,1491095552
2710.5,1447309312,1450205184,1491095552
2711.6,1447309312,1450205184,1491095552
2712.6,1447309312,1450205184,1491095552
2713.6,1447309312,1450205184,1491095552
2714.6,1447309312,1450205184,1491095552
2715.6,1447309312,1450205184,1491095552
2716.6,1447309312,1450205184,1491095552
2717.6,1447309312,1450205184,1491095552
2718.6,1447309312,1450205184,1491095552
2719.7,1447309312,1450205184,1491095552
2720.7,1447309312,1450205184,1491095552
2721.7,1447309312,1450205184,1491095552
2722.7,1447309312,1450205184,1491095552
2723.7,1447309312,1450205184,1491095552
2724.7,1447309312,1450205184,1491095552
2725.7,1447309312,1450205184,1491095552
2726.8,1447309312,1450205184,1491095552
2727.8,1447309312,1450205184,1491095552
2728.8,1447309312,1450205184,1491095552
2729.8,1447309312,1450205184,1491095552
2730.8,1447309312,1450205184,1491095552
2731.8,1447309312,1450205184,1491095552
2732.8,1447309312,1450205184,1491095552
2733.9,1447309312,1450205184,1491095552
2734.9,1447309312,1450205184,1491095552
2735.9,1447309312,1450205184,1491095552
2736.9,1447309312,1450205184,1491095552
2737.9,1447309312,1450205184,1491095552
2738.9,1447309312,1450205184,1491095552
2739.9,1447309312,1450205184,1491095552
2740.9,1447309312,1450205184,1491095552
2742.0,1447309312,1450205184,1491095552
2743.0,1447309312,1450205184,1491095552
2744.1,1447309312,1450205184,1491095552
2745.1,1447309312,1450205184,1491095552
2746.1,1447309312,1450205184,1491095552
2747.1,1447309312,1450205184,1491095552
2748.1,1447309312,1450205184,1491095552
2749.1,1447309312,1450205184,1491095552
2750.2,1447309312,1450205184,1491095552
2751.2,1447309312,1450205184,1491095552
2752.2,1447309312,1450205184,1491095552
2753.2,1447309312,1450205184,1491095552
2754.2,1447309312,1450205184,1491095552
2755.2,1447309312,1450205184,1491095552
2756.2,1447309312,1450205184,1491095552
2757.2,1447309312,1450205184,1491095552
2758.3,1447309312,1450205184,1491095552
2759.3,1447309312,1450205184,1491095552
2760.3,1447309312,1450205184,1491095552
2761.3,1447309312,1450205184,1491095552
2762.3,1447309312,1450205184,1491095552
2763.3,1447309312,1450205184,1491095552
2764.3,1447309312,1450205184,1491095552
2765.4,1447309312,1450205184,1491095552
2766.4,1447309312,1450205184,1491095552
2767.4,1447309312,1450205184,1491095552
2768.4,1447309312,1450205184,1491095552
2769.4,1447309312,1450205184,1491095552
2770.4,1447309312,1450205184,1491095552
2771.4,1447309312,1450205184,1491095552
2772.4,1447309312,1450205184,1491095552
2773.5,1447309312,1450205184,1491095552
2774.5,1447309312,1450205184,1491095552
2775.5,1447309312,1450205184,1491095552
2776.5,1447309312,1450205184,1491095552
2777.5,1447309312,1450205184,1491095552
2778.5,1447309312,1450205184,1491095552
2779.5,1447309312,1450205184,1491095552
2780.6,1447309312,1450205184,1491095552
2781.6,1447309312,1450205184,1491095552
2782.6,1447309312,1450205184,1491095552
2783.6,1447309312,1450205184,1491095552
2784.6,1447309312,1450205184,1491095552
2785.6,1447309312,1450205184,1491095552
2786.6,1447309312,1450205184,1491095552
2787.7,1447309312,1450205184,1491095552
2788.7,1447309312,1450205184,1491095552
2789.7,1447309312,1450205184,1491095552
2790.7,1447309312,1450205184,1491095552
2791.7,1447309312,1450205184,1491095552
2792.7,1447309312,1450205184,1491095552
2793.7,1447309312,1450205184,1491095552
2794.8,1447309312,1450205184,1491095552
2795.8,1447309312,1450205184,1491095552
2796.8,1447309312,1450205184,1491095552
2797.8,1447309312,1450205184,1491095552
2798.8,1447309312,1450205184,1491095552
2799.8,1447309312,1450205184,1491095552
2800.8,1447309312,1450205184,1491095552
2801.8,1447309312,1450205184,1491095552
2802.9,1447309312,1450205184,1491095552
2803.9,1447309312,1450205184,1491095552
2804.9,1447309312,1450205184,1491095552
2805.9,1447309312,1450205184,1491095552
2806.9,1447309312,1450205184,1491095552
2807.9,1447309312,1450205184,1491095552
2808.9,1447309312,1450205184,1491095552
2810.0,1447309312,1450205184,1491095552
2811.0,1447309312,1450205184,1491095552
2812.0,1447309312,1450205184,1491095552
2813.0,1447309312,1450205184,1491095552
2814.0,1447309312,1450205184,1491095552
2815.0,1447309312,1450205184,1491095552
2816.0,1447309312,1450205184,1491095552
2817.0,1447309312,1450205184,1491095552
2818.1,1447309312,1450205184,1491095552
2819.1,1447309312,1450205184,1491095552
2820.1,1447309312,1450205184,1491095552
2821.1,1447309312,1450205184,1491095552
2822.1,1447309312,1450205184,1491095552
2823.1,1447309312,1450205184,1491095552
2824.1,1447309312,1450205184,1491095552
2825.2,1447309312,1450205184,1491095552
2826.2,1447309312,1450205184,1491095552
2827.2,1447309312,1450205184,1491095552
2828.2,1447309312,1450205184,1491095552
2829.2,1447309312,1450205184,1491095552
2830.2,1447309312,1450205184,1491095552
2831.2,1447309312,1450205184,1491095552
2832.2,1447309312,1450205184,1491095552
2833.3,1447309312,1450205184,1491095552
2834.3,1447309312,1450205184,1491095552
2835.3,1447309312,1450205184,1491095552
2836.3,1447309312,1450205184,1491095552
2837.3,1447309312,1450205184,1491095552
2838.3,1447309312,1450205184,1491095552
2839.3,1447309312,1450205184,1491095552
2840.4,1447309312,1450205184,1491095552
2841.4,1447309312,1450205184,1491095552
2842.4,1447309312,1450205184,1491095552
2843.4,1447309312,1450205184,1491095552
2844.4,1447309312,1450205184,1491095552
2845.4,1447309312,1450205184,1491095552
2846.4,1447309312,1450205184,1491095552
2847.5,1447309312,1450205184,1491095552
2848.5,1447309312,1450205184,1491095552
2849.5,1447309312,1450205184,1491095552
2850.5,1447309312,1450205184,1491095552
2851.5,1447309312,1450205184,1491095552
2852.5,1447309312,1450205184,1491095552
2853.5,1447309312,1450205184,1491095552
2854.5,1447309312,1450205184,1491095552
2855.6,1447309312,1450205184,1491095552
2856.6,1447309312,1450205184,1491095552
2857.6,1447309312,1450205184,1491095552
2858.6,1447309312,1450205184,1491095552
2859.6,1447309312,1450205184,1491095552
2860.6,1447309312,1450205184,1491095552
2861.6,1447309312,1450205184,1491095552
2862.6,1447309312,1450205184,1491095552
2863.7,1447309312,1450205184,1491095552
2864.7,1447309312,1450205184,1491095552
2865.7,1447309312,1450205184,1491095552
2866.7,1447309312,1450205184,1491095552
2867.7,1447309312,1450205184,1491095552
2868.7,1447309312,1450205184,1491095552
2869.7,1447309312,1450205184,1491095552
2870.7,1447309312,1450205184,1491095552
2871.8,1447309312,1450205184,1491095552
2872.8,1447309312,1450205184,1491095552
2873.8,1447309312,1450205184,1491095552
2874.8,1447309312,1450205184,1491095552
2875.8,1447309312,1450205184,1491095552
2876.8,1447309312,1450205184,1491095552
2877.8,1447309312,1450205184,1491095552
2878.8,1447309312,1450205184,1491095552
2879.9,1447309312,1450205184,1491095552
2880.9,1447309312,1450205184,1491095552
2881.9,1447309312,1450205184,1491095552
2882.9,1447309312,1450205184,1491095552
2883.9,1447309312,1450205184,1491095552
2884.9,1447309312,1450205184,1491095552
2885.9,1447309312,1450205184,1491095552
2887.0,1447309312,1450205184,1491095552
2888.0,1447309312,1450205184,1491095552
2889.0,1447309312,1450205184,1491095552
2890.0,1447309312,1450205184,1491095552
2891.0,1447309312,1450205184,1491095552
2892.0,1447309312,1450205184,1491095552
2893.1,1447309312,1450205184,1491095552
2894.1,1447309312,1450205184,1491095552
2895.1,1447309312,1450205184,1491095552
2896.1,1447309312,1450205184,1491095552
2897.1,1447309312,1450205184,1491095552
2898.1,1447309312,1450205184,1491095552
2899.1,1447309312,1450205184,1491095552
2900.1,1447309312,1450205184,1491095552
2901.2,1447309312,1450205184,1491095552
2902.2,1447309312,1450205184,1491095552
2903.2,1447309312,1450205184,1491095552
2904.2,1447309312,1450205184,1491095552
2905.2,1447309312,1450205184,1491095552
2906.2,1438408704,1450205184,1491095552
2907.2,1438408704,1450205184,1491095552
2908.3,1438408704,1450205184,1491095552
2909.3,1438408704,1450205184,1491095552
2910.3,1438408704,1450205184,1491095552
2911.3,1438408704,1450205184,1491095552
2912.3,1438408704,1450205184,1491095552
2913.3,1438408704,1450205184,1491095552
2914.3,1438408704,1450205184,1491095552
2915.3,1438408704,1450205184,1491095552
2916.4,1438408704,1450205184,1491095552
2917.4,1438408704,1450205184,1491095552
2918.4,1438408704,1450205184,1491095552
2919.4,1438408704,1450205184,1491095552
2920.4,1438408704,1450205184,1491095552
2921.4,1438408704,1450205184,1491095552
2922.5,1438408704,1450205184,1491095552
2923.5,1438408704,1450205184,1491095552
2924.5,1438408704,1450205184,1491095552
2925.5,1438408704,1450205184,1491095552
2926.5,1438408704,1450205184,1491095552
2927.5,1438408704,1450205184,1491095552
2928.5,1438408704,1450205184,1491095552
2929.6,1438408704,1450205184,1491095552
2930.6,1438408704,1450205184,1491095552
2931.6,1438408704,1450205184,1491095552
2932.6,1438408704,1450205184,1491095552
2933.6,1438408704,1450205184,1491095552
2934.6,1438408704,1450205184,1491095552
2935.6,1438408704,1450205184,1491095552
2936.7,1438408704,1450205184,1491095552
2937.7,1438408704,1450205184,1491095552
2938.7,1438408704,1450205184,1491095552
2939.7,1438408704,1450205184,1491095552
2940.7,1438408704,1450205184,1491095552
2941.7,1438408704,1450205184,1491095552
2942.7,1438408704,1450205184,1491095552
2943.7,1438408704,1450205184,1491095552
2944.8,1438408704,1450205184,1491095552
2945.8,1438408704,1450205184,1491095552
2946.8,1438408704,1450205184,1491095552
2947.8,1438408704,1450205184,1491095552
2948.8,1438408704,1450205184,1491095552
2949.8,1438408704,1450205184,1491095552
2950.9,1438408704,1450205184,1491095552
2951.9,1438408704,1450205184,1491095552
2952.9,1438408704,1450205184,1491095552
2953.9,1438408704,1450205184,1491095552
2955.0,1438408704,1450205184,1491095552
2956.0,1438408704,1450205184,1491095552
2957.0,1438408704,1450205184,1491095552
2958.0,1438408704,1450205184,1491095552
2959.0,1438408704,1450205184,1491095552
2960.1,1438408704,1450205184,1491095552
2961.1,1438408704,1450205184,1491095552
2962.1,1438408704,1450205184,1491095552
2963.1,1438408704,1450205184,1491095552
2964.1,1438408704,1450205184,1491095552
2965.1,1438408704,1450205184,1491095552
2966.2,1438408704,1450205184,1491095552
2967.2,1438408704,1450205184,1491095552
2968.2,1438408704,1450205184,1491095552
2969.2,1438408704,1450205184,1491095552
2970.2,1438408704,1450205184,1491095552
2971.2,1438408704,1450205184,1491095552
2972.2,1438408704,1450205184,1491095552
2973.2,1438408704,1450205184,1491095552
2974.3,1438408704,1450205184,1491095552
2975.3,1438408704,1450205184,1491095552
2976.3,1438408704,1450205184,1491095552
2977.3,1438408704,1450205184,1491095552
2978.3,1438408704,1450205184,1491095552
2979.3,1438408704,1450205184,1491095552
2980.3,1438408704,1450205184,1491095552
2981.4,1438408704,1450205184,1491095552
2982.4,1438408704,1450205184,1491095552
2983.4,1438408704,1450205184,1491095552
2984.4,1438408704,1450205184,1491095552
2985.4,1438408704,1450205184,1491095552
2986.4,1438408704,1450205184,1491095552
2987.4,1438408704,1450205184,1491095552
2988.5,1438408704,1450205184,1491095552
2989.5,1438408704,1450205184,1491095552
2990.5,1438408704,1450205184,1491095552
2991.5,1438408704,1450205184,1491095552
2992.5,1438408704,1450205184,1491095552
2993.5,1438408704,1450205184,1491095552
2994.5,1438408704,1450205184,1491095552
2995.5,1438408704,1450205184,1491095552
2996.6,1438408704,1450205184,1491095552
2997.6,1438408704,1450205184,1491095552
2998.6,1438408704,1450205184,1491095552
2999.6,1438408704,1450205184,1491095552
3000.6,1438408704,1450205184,1491095552
3001.6,1438408704,1450205184,1491095552
3002.6,1438408704,1450205184,1491095552
3003.7,1438408704,1450205184,1491095552
3004.7,1438408704,1450205184,1491095552
3005.7,1438408704,1450205184,1491095552
3006.7,1438408704,1450205184,1491095552
3007.7,1438408704,1450205184,1491095552
3008.7,1438408704,1450205184,1491095552
3009.8,1438408704,1450205184,1491095552
3010.8,1438408704,1450205184,1491095552
3011.8,1438408704,1450205184,1491095552
3012.8,1438408704,1450205184,1491095552
3013.8,1438408704,1450205184,1491095552
3014.8,1438408704,1450205184,1491095552
3015.8,1438408704,1450205184,1491095552
3016.8,1438408704,1450205184,1491095552
3017.9,1438408704,1450205184,1491095552
3018.9,1438408704,1450205184,1491095552
3019.9,1438408704,1450205184,1491095552
3020.9,1438408704,1450205184,1491095552
3021.9,1438408704,1450205184,1491095552
3022.9,1438408704,1450205184,1491095552
3023.9,1438408704,1450205184,1491095552
3025.0,1438408704,1450205184,1491095552
3026.0,1438408704,1450205184,1491095552
3027.0,1438408704,1450205184,1491095552
3028.0,1438408704,1450205184,1491095552
3029.0,1438408704,1450205184,1491095552
3030.0,1438408704,1450205184,1491095552
3031.0,1438408704,1450205184,1491095552
3032.1,1438408704,1450205184,1491095552
3033.1,1438408704,1450205184,1491095552
3034.1,1438408704,1450205184,1491095552
3035.1,1438408704,1450205184,1491095552
3036.1,1438408704,1450205184,1491095552
3037.1,1438408704,1450205184,1491095552
3038.1,1438408704,1450205184,1491095552
3039.2,1438408704,1450205184,1491095552
3040.2,1438408704,1450205184,1491095552
3041.2,1438408704,1450205184,1491095552
3042.2,1438408704,1450205184,1491095552
3043.2,1438408704,1450205184,1491095552
3044.2,1438408704,1450205184,1491095552
3045.2,1438408704,1450205184,1491095552
3046.2,1438408704,1450205184,1491095552
3047.3,1438408704,1450205184,1491095552
3048.3,1438408704,1450205184,1491095552
3049.3,1438408704,1450205184,1491095552
3050.3,1438408704,1450205184,1491095552
3051.3,1438408704,1450205184,1491095552
3052.3,1438408704,1450205184,1491095552
3053.3,1438408704,1450205184,1491095552
3054.4,1438408704,1450205184,1491095552
3055.4,1438408704,1450205184,1491095552
3056.4,1438408704,1450205184,1491095552
3057.4,1438408704,1450205184,1491095552
3058.4,1438408704,1450205184,1491095552
3059.4,1438408704,1450205184,1491095552
3060.4,1438408704,1450205184,1491095552
3061.5,1438408704,1450205184,1491095552
3062.5,1438408704,1450205184,1491095552
3063.5,1438408704,1450205184,1491095552
3064.5,1438408704,1450205184,1491095552
3065.5,1438408704,1450205184,1491095552
3066.5,1438408704,1450205184,1491095552
3067.5,1438408704,1450205184,1491095552
3068.6,1438408704,1450205184,1491095552
3069.6,1438408704,1450205184,1491095552
3070.6,1438408704,1450205184,1491095552
3071.6,1438408704,1450205184,1491095552
3072.6,1438408704,1450205184,1491095552
3073.6,1438408704,1450205184,1491095552
3074.6,1438408704,1450205184,1491095552
3075.7,1438408704,1450205184,1491095552
3076.7,1438408704,1450205184,1491095552
3077.7,1438408704,1450205184,1491095552
3078.7,1438408704,1450205184,1491095552
3079.7,1438408704,1450205184,1491095552
3080.7,1438408704,1450205184,1491095552
3081.7,1438408704,1450205184,1491095552
3082.8,1438408704,1450205184,1491095552
3083.8,1438408704,1450205184,1491095552
3084.8,1438408704,1450205184,1491095552
3085.8,1438408704,1450205184,1491095552
3086.8,1438408704,1450205184,1491095552
3087.8,1438408704,1450205184,1491095552
3088.8,1438408704,1450205184,1491095552
3089.8,1438408704,1450205184,1491095552
3090.9,1438408704,1450205184,1491095552
3091.9,1438408704,1450205184,1491095552
3092.9,1438408704,1450205184,1491095552
3093.9,1438408704,1450205184,1491095552
3094.9,1438408704,1450205184,1491095552
3095.9,1438408704,1450205184,1491095552
3096.9,1438408704,1450205184,1491095552
3097.9,1438408704,1450205184,1491095552
3099.0,1438408704,1450205184,1491095552
3100.0,1438408704,1450205184,1491095552
3101.0,1438408704,1450205184,1491095552
3102.0,1438408704,1450205184,1491095552
3103.0,1438408704,1450205184,1491095552
3104.0,1438408704,1450205184,1491095552
3105.0,1438408704,1450205184,1491095552
3106.0,1438408704,1450205184,1491095552
3107.1,1438408704,1450205184,1491095552
3108.1,1438408704,1450205184,1491095552
3109.1,1438408704,1450205184,1491095552
3110.1,1438408704,1450205184,1491095552
3111.1,1438408704,1450205184,1491095552
3112.1,1438408704,1450205184,1491095552
3113.1,1438408704,1450205184,1491095552
3114.2,1438408704,1450205184,1491095552
3115.2,1438408704,1450205184,1491095552
3116.2,1438408704,1450205184,1491095552
3117.2,1438408704,1450205184,1491095552
3118.2,1438408704,1450205184,1491095552
3119.2,1438408704,1450205184,1491095552
3120.2,1438408704,1450205184,1491095552
3121.2,1438408704,1450205184,1491095552
3122.3,1438408704,1450205184,1491095552
3123.3,1438408704,1450205184,1491095552
3124.3,1438408704,1450205184,1491095552
3125.3,1438408704,1450205184,1491095552
3126.3,1438408704,1450205184,1491095552
3127.3,1438408704,1450205184,1491095552
3128.3,1438408704,1450205184,1491095552
3129.4,1438408704,1450205184,1491095552
3130.4,1438408704,1450205184,1491095552
3131.4,1438408704,1450205184,1491095552
3132.4,1438408704,1450205184,1491095552
3133.4,1438408704,1450205184,1491095552
3134.4,1438408704,1450205184,1491095552
3135.4,1438408704,1450205184,1491095552
3136.4,1438408704,1450205184,1491095552
3137.5,1438408704,1450205184,1491095552
3138.5,1438408704,1450205184,1491095552
3139.5,1438408704,1450205184,1491095552
3140.5,1438408704,1450205184,1491095552
3141.5,1438408704,1450205184,1491095552
3142.5,1438408704,1450205184,1491095552
3143.5,1438408704,1450205184,1491095552
3144.6,1438408704,1450205184,1491095552
3145.6,1438408704,1450205184,1491095552
3146.6,1438408704,1450205184,1491095552
3147.6,1438408704,1450205184,1491095552
3148.6,1438408704,1450205184,1491095552
3149.6,1438408704,1450205184,1491095552
3150.6,1438408704,1450205184,1491095552
3151.6,1438408704,1450205184,1491095552
3152.7,1438408704,1450205184,1491095552
3153.7,1438408704,1450205184,1491095552
3154.7,1438408704,1450205184,1491095552
3155.7,1438408704,1450205184,1491095552
3156.7,1438408704,1450205184,1491095552
3157.7,1438408704,1450205184,1491095552
3158.7,1438408704,1450205184,1491095552
3159.8,1438408704,1450205184,1491095552
3160.8,1438408704,1450205184,1491095552
3161.8,1438408704,1450205184,1491095552
3162.8,1438408704,1450205184,1491095552
3163.8,1438408704,1450205184,1491095552
3164.8,1438408704,1450205184,1491095552
3165.8,1438408704,1450205184,1491095552
3166.8,1438408704,1450205184,1491095552
3167.9,1438408704,1450205184,1491095552
3168.9,1438408704,1450205184,1491095552
3169.9,1438408704,1450205184,1491095552
3170.9,1438408704,1450205184,1491095552
3171.9,1438408704,1450205184,1491095552
3172.9,1438408704,1450205184,1491095552
3173.9,1438408704,1450205184,1491095552
3175.0,1438408704,1450205184,1491095552
3176.0,1438408704,1450205184,1491095552
3177.0,1438408704,1450205184,1491095552
3178.0,1438408704,1450205184,1491095552
3179.0,1438408704,1450205184,1491095552
3180.0,1438408704,1450205184,1491095552
3181.0,1438408704,1450205184,1491095552
3182.0,1438408704,1450205184,1491095552
3183.1,1438408704,1450205184,1491095552
3184.1,1438408704,1450205184,1491095552
3185.1,1438408704,1450205184,1491095552
3186.1,1438408704,1450205184,1491095552
3187.1,1438408704,1450205184,1491095552
3188.1,1438408704,1450205184,1491095552
3189.1,1438408704,1450205184,1491095552
3190.1,1438408704,1450205184,1491095552
3191.2,1438408704,1450205184,1491095552
3192.2,1438408704,1450205184,1491095552
3193.2,1438408704,1450205184,1491095552
3194.2,1438408704,1450205184,1491095552
3195.2,1438408704,1450205184,1491095552
3196.2,1438408704,1450205184,1491095552
3197.2,1438408704,1450205184,1491095552
3198.3,1438408704,1450205184,1491095552
3199.3,1438408704,1450205184,1491095552
3200.3,1438408704,1450205184,1491095552
3201.3,1438408704,1450205184,1491095552
3202.3,1438408704,1450205184,1491095552
3203.3,1438408704,1450205184,1491095552
3204.3,1438408704,1450205184,1491095552
3205.4,1438408704,1450205184,1491095552
3206.4,1438408704,1450205184,1491095552
3207.4,1438408704,1450205184,1491095552
3208.4,1438408704,1450205184,1491095552
3209.4,1438408704,1450205184,1491095552
3210.4,1438408704,1450205184,1491095552
3211.4,1438408704,1450205184,1491095552
3212.4,1438408704,1450205184,1491095552
3213.4,1438408704,1450205184,1491095552
3214.5,1438408704,1450205184,1491095552
3215.5,1438408704,1450205184,1491095552
3216.5,1438408704,1450205184,1491095552
3217.5,1438408704,1450205184,1491095552
3218.5,1438408704,1450205184,1491095552
3219.5,1438408704,1450205184,1491095552
3220.5,1438408704,1450205184,1491095552
3221.6,1438408704,1450205184,1491095552
3222.6,1438408704,1450205184,1491095552
3223.6,1438408704,1450205184,1491095552
3224.6,1438408704,1450205184,1491095552
3225.6,1438408704,1450205184,1491095552
3226.6,1438408704,1450205184,1491095552
3227.6,1438408704,1450205184,1491095552
3228.6,1438408704,1450205184,1491095552
3229.7,1438408704,1450205184,1491095552
3230.7,1438408704,1450205184,1491095552
3231.7,1438408704,1450205184,1491095552
3232.7,1438408704,1450205184,1491095552
3233.7,1438408704,1450205184,1491095552
3234.7,1438408704,1450205184,1491095552
3235.7,1438408704,1450205184,1491095552
3236.8,1438408704,1450205184,1491095552
3237.8,1438408704,1450205184,1491095552
3238.8,1438408704,1450205184,1491095552
3239.8,1438408704,1450205184,1491095552
3240.8,1438408704,1450205184,1491095552
3241.8,1438408704,1450205184,1491095552
3242.8,1438408704,1450205184,1491095552
3243.8,1438408704,1450205184,1491095552
3244.9,1438408704,1450205184,1491095552
3245.9,1438408704,1450205184,1491095552
3246.9,1438408704,1450205184,1491095552
3247.9,1438408704,1450205184,1491095552
3248.9,1438408704,1450205184,1491095552
3249.9,1438408704,1450205184,1491095552
3250.9,1438408704,1450205184,1491095552
3251.9,1438408704,1450205184,1491095552
3253.0,1438408704,1450205184,1491095552
3254.0,1438408704,1450205184,1491095552
3255.0,1438408704,1450205184,1491095552
3256.0,1438408704,1450205184,1491095552
3257.0,1438408704,1450205184,1491095552
3258.0,1438408704,1450205184,1491095552
3259.0,1438408704,1450205184,1491095552
3260.0,1438408704,1450205184,1491095552
3261.1,1438408704,1450205184,1491095552
3262.1,1438408704,1450205184,1491095552
3263.1,1438408704,1450205184,1491095552
3264.1,1438408704,1450205184,1491095552
3265.1,1438408704,1450205184,1491095552
3266.1,1438408704,1450205184,1491095552
3267.1,1438408704,1450205184,1491095552
3268.1,1438408704,1450205184,1491095552
3269.2,1438408704,1450205184,1491095552
3270.2,1438408704,1450205184,1491095552
3271.2,1438408704,1450205184,1491095552
3272.2,1438408704,1450205184,1491095552
3273.2,1438408704,1450205184,1491095552
3274.2,1438408704,1450205184,1491095552
3275.2,1438408704,1450205184,1491095552
3276.3,1438408704,1450205184,1491095552
3277.3,1438408704,1450205184,1491095552
3278.3,1438408704,1450205184,1491095552
3279.3,1438408704,1450205184,1491095552
3280.3,1438408704,1450205184,1491095552
3281.3,1438408704,1450205184,1491095552
3282.3,1438408704,1450205184,1491095552
3283.4,1438408704,1450205184,1491095552
3284.4,1438408704,1450205184,1491095552
3285.4,1438408704,1450205184,1491095552
3286.4,1438408704,1450205184,1491095552
3287.4,1438408704,1450205184,1491095552
3288.4,1438408704,1450205184,1491095552
3289.4,1438408704,1450205184,1491095552
3290.4,1438408704,1450205184,1491095552
3291.5,1438408704,1450205184,1491095552
3292.5,1438408704,1450205184,1491095552
3293.5,1438408704,1450205184,1491095552
3294.5,1438408704,1450205184,1491095552
3295.5,1438408704,1450205184,1491095552
3296.5,1438408704,1450205184,1491095552
3297.5,1438408704,1450205184,1491095552
3298.6,1438408704,1450205184,1491095552
3299.6,1438408704,1450205184,1491095552
3300.6,1438408704,1450205184,1491095552
3301.6,1438408704,1450205184,1491095552
3302.6,1438408704,1450205184,1491095552
3303.6,1438408704,1450205184,1491095552
3304.7,1438408704,1450205184,1491095552
3305.7,1438408704,1450205184,1491095552
3306.7,1438408704,1450205184,1491095552
3307.7,1438408704,1450205184,1491095552
3308.7,1438408704,1450205184,1491095552
3309.7,1438408704,1450205184,1491095552
3310.7,1438408704,1450205184,1491095552
3311.7,1438408704,1450205184,1491095552
3312.8,1438408704,1450205184,1491095552
3313.8,1438408704,1450205184,1491095552
3314.8,1438408704,1450205184,1491095552
3315.8,1438408704,1450205184,1491095552
3316.8,1438408704,1450205184,1491095552
3317.8,1438408704,1450205184,1491095552
3318.8,1438408704,1450205184,1491095552
3319.9,1438408704,1450205184,1491095552
3320.9,1438408704,1450205184,1491095552
3321.9,1438408704,1450205184,1491095552
3322.9,1438408704,1450205184,1491095552
3323.9,1438408704,1450205184,1491095552
3324.9,1438408704,1450205184,1491095552
3325.9,1438408704,1450205184,1491095552
3327.0,1438408704,1450205184,1491095552
3328.0,1438408704,1450205184,1491095552
3329.0,1438408704,1450205184,1491095552
3330.0,1438408704,1450205184,1491095552
3331.0,1438408704,1450205184,1491095552
3332.0,1438408704,1450205184,1491095552
3333.0,1438408704,1450205184,1491095552
3334.0,1438408704,1450205184,1491095552
3335.0,1438408704,1450205184,1491095552
3336.1,1438408704,1450205184,1491095552
3337.1,1438408704,1450205184,1491095552
3338.1,1438408704,1450205184,1491095552
3339.1,1438408704,1450205184,1491095552
3340.1,1438408704,1450205184,1491095552
3341.1,1438408704,1450205184,1491095552
3342.2,1438408704,1450205184,1491095552
3343.2,1438408704,1450205184,1491095552
3344.2,1438408704,1450205184,1491095552
3345.2,1438408704,1450205184,1491095552
3346.2,1438408704,1450205184,1491095552
3347.2,1438408704,1450205184,1491095552
3348.3,1438408704,1450205184,1491095552
3349.3,1438408704,1450205184,1491095552
3350.3,1438408704,1450205184,1491095552
3351.3,1438408704,1450205184,1491095552
3352.3,1438408704,1450205184,1491095552
3353.3,1438408704,1450205184,1491095552
3354.3,1438408704,1450205184,1491095552
3355.3,1438408704,1450205184,1491095552
3356.3,1438408704,1450205184,1491095552
3357.4,1438408704,1450205184,1491095552
3358.4,1438408704,1450205184,1491095552
3359.4,1438408704,1450205184,1491095552
3360.4,1438408704,1450205184,1491095552
3361.4,1438408704,1450205184,1491095552
3362.4,1438408704,1450205184,1491095552
3363.4,1438408704,1450205184,1491095552
3364.5,1438408704,1450205184,1491095552
3365.5,1438408704,1450205184,1491095552
3366.5,1438408704,1450205184,1491095552
3367.5,1438408704,1450205184,1491095552
3368.5,1438408704,1450205184,1491095552
3369.5,1438408704,1450205184,1491095552
3370.5,1438408704,1450205184,1491095552
3371.6,1438408704,1450205184,1491095552
3372.6,1438408704,1450205184,1491095552
3373.6,1438408704,1450205184,1491095552
3374.6,1438408704,1450205184,1491095552
3375.6,1438408704,1450205184,1491095552
3376.6,1438408704,1450205184,1491095552
3377.6,1438408704,1450205184,1491095552
3378.7,1438408704,1450205184,1491095552
3379.7,1438408704,1450205184,1491095552
3380.7,1438408704,1450205184,1491095552
3381.7,1438408704,1450205184,1491095552
3382.7,1438408704,1450205184,1491095552
3383.7,1438408704,1450205184,1491095552
3384.7,1438408704,1450205184,1491095552
3385.7,1438408704,1450205184,1491095552
3386.8,1438408704,1450205184,1491095552
3387.8,1438408704,1450205184,1491095552
3388.8,1438408704,1450205184,1491095552
3389.8,1438408704,1450205184,1491095552
3390.8,1438408704,1450205184,1491095552
3391.8,1438408704,1450205184,1491095552
3392.8,1438408704,1450205184,1491095552
3393.9,1438408704,1450205184,1491095552
3394.9,1438408704,1450205184,1491095552
3395.9,1438408704,1450205184,1491095552
3396.9,1438408704,1450205184,1491095552
3397.9,1438408704,1450205184,1491095552
3398.9,1438408704,1450205184,1491095552
3400.0,1438408704,1450205184,1491095552
3401.0,1438408704,1450205184,1491095552
3402.0,1438408704,1450205184,1491095552
3403.0,1438408704,1450205184,1491095552
3404.0,1438408704,1450205184,1491095552
3405.0,1438408704,1450205184,1491095552
3406.0,1438408704,1450205184,1491095552
3407.1,1438408704,1450205184,1491095552
3408.1,1438408704,1450205184,1491095552
3409.1,1438408704,1450205184,1491095552
3410.1,1438408704,1450205184,1491095552
3411.1,1438408704,1450205184,1491095552
3412.1,1438408704,1450205184,1491095552
3413.1,1438408704,1450205184,1491095552
3414.1,1438408704,1450205184,1491095552
3415.2,1438408704,1450205184,1491095552
3416.2,1438408704,1450205184,1491095552
3417.2,1438408704,1450205184,1491095552
3418.2,1438408704,1450205184,1491095552
3419.2,1438408704,1450205184,1491095552
3420.2,1438408704,1450205184,1491095552
3421.2,1438408704,1450205184,1491095552
3422.3,1438408704,1450205184,1491095552
3423.3,1438408704,1450205184,1491095552
3424.3,1438408704,1450205184,1491095552
3425.3,1438408704,1450205184,1491095552
3426.3,1438408704,1450205184,1491095552
3427.3,1438408704,1450205184,1491095552
3428.3,1438408704,1450205184,1491095552
3429.4,1438408704,1450205184,1491095552
3430.4,1438408704,1450205184,1491095552
3431.4,1438408704,1450205184,1491095552
3432.4,1438408704,1450205184,1491095552
3433.4,1438408704,1450205184,1491095552
3434.4,1438408704,1450205184,1491095552
3435.4,1438408704,1450205184,1491095552
3436.5,1438408704,1450205184,1491095552
3437.5,1438408704,1450205184,1491095552
3438.5,1438408704,1450205184,1491095552
3439.5,1438408704,1450205184,1491095552
3440.5,1438408704,1450205184,1491095552
3441.5,1438408704,1450205184,1491095552
3442.5,1438408704,1450205184,1491095552
3443.5,1438408704,1450205184,1491095552
3444.6,1438408704,1450205184,1491095552
3445.6,1438408704,1450205184,1491095552
3446.6,1438408704,1450205184,1491095552
3447.6,1438408704,1450205184,1491095552
3448.6,1438408704,1450205184,1491095552
3449.6,1438408704,1450205184,1491095552
3450.7,1438408704,1450205184,1491095552
3451.7,1438408704,1450205184,1491095552
3452.7,1438408704,1450205184,1491095552
3453.7,1438408704,1450205184,1491095552
3454.7,1438408704,1450205184,1491095552
3455.7,1438408704,1450205184,1491095552
3456.7,1438408704,1450205184,1491095552
3457.7,1438408704,1450205184,1491095552
3458.8,1438408704,1450205184,1491095552
3459.8,1438408704,1450205184,1491095552
3460.8,1438408704,1450205184,1491095552
3461.8,1438408704,1450205184,1491095552
3462.8,1438408704,1450205184,1491095552
3463.8,1438408704,1450205184,1491095552
3464.8,1438408704,1450205184,1491095552
3465.9,1438408704,1450205184,1491095552
3466.9,1438408704,1450205184,1491095552
3467.9,1438408704,1450205184,1491095552
3468.9,1438408704,1450205184,1491095552
3469.9,1438408704,1450205184,1491095552
3470.9,1438408704,1450205184,1491095552
3471.9,1438408704,1450205184,1491095552
3473.0,1438408704,1450205184,1491095552
3474.0,1438408704,1450205184,1491095552
3475.0,1438408704,1450205184,1491095552
3476.0,1438408704,1450205184,1491095552
3477.0,1438408704,1450205184,1491095552
3478.0,1438408704,1450205184,1491095552
3479.0,1438408704,1450205184,1491095552
3480.0,1438408704,1450205184,1491095552
3481.1,1438408704,1450205184,1491095552
3482.1,1438408704,1450205184,1491095552
3483.1,1438408704,1450205184,1491095552
3484.1,1438408704,1450205184,1491095552
3485.1,1438408704,1450205184,1491095552
3486.1,1438408704,1450205184,1491095552
3487.1,1438408704,1450205184,1491095552
3488.2,1438408704,1450205184,1491095552
3489.2,1438408704,1450205184,1491095552
3490.2,1438408704,1450205184,1491095552
3491.2,1438408704,1450205184,1491095552
3492.2,1438408704,1450205184,1491095552
3493.2,1438408704,1450205184,1491095552
3494.2,1438408704,1450205184,1491095552
3495.3,1438408704,1450205184,1491095552
3496.3,1438408704,1450205184,1491095552
3497.3,1438408704,1450205184,1491095552
3498.3,1438408704,1450205184,1491095552
3499.3,1438408704,1450205184,1491095552
3500.3,1438408704,1450205184,1491095552
3501.3,1438408704,1450205184,1491095552
3502.4,1438408704,1450205184,1491095552
3503.4,1438408704,1450205184,1491095552
3504.4,1438408704,1450205184,1491095552
3505.4,1438408704,1450205184,1491095552
3506.4,1438408704,1450205184,1491095552
3507.4,1438408704,1450205184,1491095552
3508.4,1438408704,1450205184,1491095552
3509.4,1438408704,1450205184,1491095552
3510.5,1438408704,1450205184,1491095552
3511.5,1438408704,1450205184,1491095552
3512.5,1438408704,1450205184,1491095552
3513.5,1438408704,1450205184,1491095552
3514.5,1438408704,1450205184,1491095552
3515.5,1438408704,1450205184,1491095552
3516.5,1438408704,1450205184,1491095552
3517.5,1438408704,1450205184,1491095552
3518.6,1438408704,1450205184,1491095552
3519.6,1438408704,1450205184,1491095552
3520.6,1438408704,1450205184,1491095552
3521.6,1438408704,1450205184,1491095552
3522.6,1438408704,1450205184,1491095552
3523.6,1438408704,1450205184,1491095552
3524.6,1438408704,1450205184,1491095552
3525.7,1438408704,1450205184,1491095552
3526.7,1438408704,1450205184,1491095552
3527.7,1438408704,1450205184,1491095552
3528.7,1438408704,1450205184,1491095552
3529.7,1438408704,1450205184,1491095552
3530.7,1438408704,1450205184,1491095552
3531.7,1438408704,1450205184,1491095552
3532.8,1438408704,1450205184,1491095552
3533.8,1438408704,1450205184,1491095552
3534.8,1438408704,1450205184,1491095552
3535.8,1438408704,1450205184,1491095552
3536.8,1438408704,1450205184,1491095552
3537.8,1438408704,1450205184,1491095552
3538.9,1438408704,1450205184,1491095552
3539.9,1438408704,1450205184,1491095552
3540.9,1438408704,1450205184,1491095552
3541.9,1438408704,1450205184,1491095552
3542.9,1438408704,1450205184,1491095552
3543.9,1438408704,1450205184,1491095552
3544.9,1438408704,1450205184,1491095552
3546.0,1438408704,1450205184,1491095552
3547.0,1438408704,1450205184,1491095552
3548.0,1438408704,1450205184,1491095552
3549.0,1438408704,1450205184,1491095552
3550.0,1438408704,1450205184,1491095552
3551.0,1438408704,1450205184,1491095552
3552.0,1438408704,1450205184,1491095552
3553.1,1438408704,1450205184,1491095552
3554.1,1438408704,1450205184,1491095552
3555.1,1438408704,1450205184,1491095552
3556.1,1438408704,1450205184,1491095552
3557.1,1438408704,1450205184,1491095552
3558.1,1438408704,1450205184,1491095552
3559.2,1438408704,1450205184,1491095552
3560.2,1438408704,1450205184,1491095552
3561.2,1438408704,1450205184,1491095552
3562.2,1438408704,1450205184,1491095552
3563.2,1438408704,1450205184,1491095552
3564.2,1438408704,1450205184,1491095552
3565.2,1438408704,1450205184,1491095552
3566.3,1438408704,1450205184,1491095552
3567.3,1438408704,1450205184,1491095552
3568.3,1438408704,1450205184,1491095552
3569.3,1438408704,1450205184,1491095552
3570.3,1438408704,1450205184,1491095552
3571.3,1438408704,1450205184,1491095552
3572.3,1438408704,1450205184,1491095552
3573.4,1438408704,1450205184,1491095552
3574.4,1438408704,1450205184,1491095552
3575.4,1438408704,1450205184,1491095552
3576.4,1438408704,1450205184,1491095552
3577.4,1438408704,1450205184,1491095552
3578.4,1438408704,1450205184,1491095552
3579.4,1438408704,1450205184,1491095552
3580.5,1438408704,1450205184,1491095552
3581.5,1438408704,1450205184,1491095552
3582.5,1438408704,1450205184,1491095552
3583.5,1438408704,1450205184,1491095552
3584.5,1438408704,1450205184,1491095552
3585.5,1438408704,1450205184,1491095552
3586.5,1438408704,1450205184,1491095552
3587.6,1438408704,1450205184,1491095552
3588.6,1438408704,1450205184,1491095552
3589.6,1438408704,1450205184,1491095552
3590.6,1438408704,1450205184,1491095552
3591.6,1438408704,1450205184,1491095552
3592.6,1438408704,1450205184,1491095552
3593.7,1438408704,1450205184,1491095552
3594.7,1438408704,1450205184,1491095552
3595.7,1438408704,1450205184,1491095552
3596.7,1438408704,1450205184,1491095552
3597.7,1438408704,1450205184,1491095552
3598.7,1438408704,1450205184,1491095552
3599.8,1438408704,1450205184,1491095552
3600.8,1438408704,1450205184,1491095552
3601.8,1438408704,1450205184,1491095552
3602.8,1438408704,1450205184,1491095552
3603.8,1438408704,1450205184,1491095552
3604.8,1438408704,1450205184,1491095552
3605.9,1438408704,1450205184,1491095552
3606.9,1438408704,1450205184,1491095552
3607.9,1438408704,1450205184,1491095552
3608.9,1438408704,1450205184,1491095552
3609.9,1438408704,1450205184,1491095552
3610.9,1438408704,1450205184,1491095552
3611.9,1438408704,1450205184,1491095552
3613.0,1438408704,1450205184,1491095552
3614.0,1438408704,1450205184,1491095552
3615.0,1438408704,1450205184,1491095552
3616.0,1438408704,1450205184,1491095552
3617.0,1438408704,1450205184,1491095552
3618.0,1438408704,1450205184,1491095552
3619.0,1438408704,1450205184,1491095552
3620.1,1438408704,1450205184,1491095552
3621.1,1438408704,1450205184,1491095552
3622.1,1438408704,1450205184,1491095552
3623.1,1438408704,1450205184,1491095552
3624.1,1438408704,1450205184,1491095552
3625.1,1438408704,1450205184,1491095552
3626.1,1438408704,1450205184,1491095552
3627.2,1438408704,1450205184,1491095552
3628.2,1438408704,1450205184,1491095552
3629.2,1438408704,1450205184,1491095552
3630.2,1438408704,1450205184,1491095552
3631.2,1438408704,1450205184,1491095552
3632.2,1438408704,1450205184,1491095552
3633.3,1438408704,1450205184,1491095552
3634.3,1438408704,1450205184,1491095552
3635.3,1438408704,1450205184,1491095552
3636.3,1438408704,1450205184,1491095552
3637.3,1438408704,1450205184,1491095552
3638.3,1438408704,1450205184,1491095552
3639.3,1438408704,1450205184,1491095552
3640.3,1438408704,1450205184,1491095552
3641.4,1438408704,1450205184,1491095552
3642.4,1438408704,1450205184,1491095552
3643.4,1438408704,1450205184,1491095552
3644.4,1438408704,1450205184,1491095552
3645.4,1438408704,1450205184,1491095552
3646.4,1438408704,1450205184,1491095552
3647.4,1438408704,1450205184,1491095552
3648.5,1438408704,1450205184,1491095552
3649.5,1438408704,1450205184,1491095552
3650.5,1438408704,1450205184,1491095552
3651.5,1438408704,1450205184,1491095552
3652.5,1438408704,1450205184,1491095552
3653.5,1438408704,1450205184,1491095552
3654.5,1438408704,1450205184,1491095552
3655.6,1438408704,1450205184,1491095552
3656.6,1438408704,1450205184,1491095552
3657.6,1438408704,1450205184,1491095552
3658.6,1438408704,1450205184,1491095552
3659.6,1438408704,1450205184,1491095552
3660.6,1438408704,1450205184,1491095552
3661.6,1438408704,1450205184,1491095552
3662.7,1438408704,1450205184,1491095552
3663.7,1438408704,1450205184,1491095552
3664.7,1438408704,1450205184,1491095552
3665.7,1438408704,1450205184,1491095552
3666.7,1438408704,1450205184,1491095552
3667.7,1438408704,1450205184,1491095552
3668.7,1438408704,1450205184,1491095552
3669.7,1438408704,1450205184,1491095552
3670.8,1438408704,1450205184,1491095552
3671.8,1438408704,1450205184,1491095552
3672.8,1438408704,1450205184,1491095552
3673.8,1438408704,1450205184,1491095552
3674.8,1438408704,1450205184,1491095552
3675.8,1438408704,1450205184,1491095552
3676.8,1438408704,1450205184,1491095552
3677.9,1438408704,1450205184,1491095552
3678.9,1438408704,1450205184,1491095552
3679.9,1438408704,1450205184,1491095552
3680.9,1438408704,1450205184,1491095552
3681.9,1438408704,1450205184,1491095552
3682.9,1438408704,1450205184,1491095552
3683.9,1438408704,1450205184,1491095552
3685.0,1438408704,1450205184,1491095552
3686.0,1438408704,1450205184,1491095552
3687.0,1438408704,1450205184,1491095552
3688.0,1438408704,1450205184,1491095552
3689.0,1438408704,1450205184,1491095552
3690.0,1438408704,1450205184,1491095552
3691.0,1438408704,1450205184,1491095552
3692.0,1438408704,1450205184,1491095552
3693.1,1438408704,1450205184,1491095552
3694.1,1438408704,1450205184,1491095552
3695.1,1438408704,1450205184,1491095552
3696.1,1438408704,1450205184,1491095552
3697.1,1438408704,1450205184,1491095552
3698.1,1438408704,1450205184,1491095552
3699.2,1438408704,1450205184,1491095552
3700.2,1438408704,1450205184,1491095552
3701.2,1438408704,1450205184,1491095552
3702.2,1438408704,1450205184,1491095552
3703.2,1438408704,1450205184,1491095552
3704.2,1438408704,1450205184,1491095552
3705.2,1438408704,1450205184,1491095552
3706.3,1438408704,1450205184,1491095552
3707.3,1438408704,1450205184,1491095552
3708.3,1438408704,1450205184,1491095552
3709.3,1438408704,1450205184,1491095552
3710.3,1438408704,1450205184,1491095552
3711.3,1438408704,1450205184,1491095552
3712.3,1438408704,1450205184,1491095552
3713.3,1438408704,1450205184,1491095552
3714.4,1438408704,1450205184,1491095552
3715.4,1438408704,1450205184,1491095552
3716.4,1438408704,1450205184,1491095552
3717.4,1438408704,1450205184,1491095552
3718.4,1438408704,1450205184,1491095552
3719.4,1438408704,1450205184,1491095552
3720.4,1438408704,1450205184,1491095552
3721.4,1438408704,1450205184,1491095552
3722.5,1438408704,1450205184,1491095552
3723.5,1438408704,1450205184,1491095552
3724.5,1438408704,1450205184,1491095552
3725.5,1438408704,1450205184,1491095552
3726.5,1438408704,1450205184,1491095552
3727.5,1438408704,1450205184,1491095552
3728.5,1438408704,1450205184,1491095552
3729.6,1438408704,1450205184,1491095552
3730.6,1438408704,1450205184,1491095552
3731.6,1438408704,1450205184,1491095552
3732.6,1438408704,1450205184,1491095552
3733.6,1438408704,1450205184,1491095552
3734.6,1438408704,1450205184,1491095552
3735.6,1438408704,1450205184,1491095552
3736.6,1438408704,1450205184,1491095552
3737.7,1438408704,1450205184,1491095552
3738.7,1438408704,1450205184,1491095552
3739.7,1438408704,1450205184,1491095552
3740.7,1438408704,1450205184,1491095552
3741.7,1438408704,1450205184,1491095552
3742.7,1438408704,1450205184,1491095552
3743.7,1438408704,1450205184,1491095552
3744.8,1438408704,1450205184,1491095552
3745.8,1438408704,1450205184,1491095552
3746.8,1438408704,1450205184,1491095552
3747.8,1438408704,1450205184,1491095552
3748.8,1438408704,1450205184,1491095552
3749.8,1438408704,1450205184,1491095552
3750.8,1438408704,1450205184,1491095552
3751.9,1438408704,1450205184,1491095552
3752.9,1438408704,1450205184,1491095552
3753.9,1438408704,1450205184,1491095552
3754.9,1438408704,1450205184,1491095552
3755.9,1438408704,1450205184,1491095552
3756.9,1438408704,1450205184,1491095552
3757.9,1438408704,1450205184,1491095552
3758.9,1438408704,1450205184,1491095552
3760.0,1438408704,1450205184,1491095552
3761.0,1438408704,1450205184,1491095552
3762.0,1438408704,1450205184,1491095552
3763.0,1438408704,1450205184,1491095552
3764.0,1438408704,1450205184,1491095552
3765.0,1438408704,1450205184,1491095552
3766.0,1438408704,1450205184,1491095552
3767.1,1438408704,1450205184,1491095552
3768.1,1438408704,1450205184,1491095552
3769.1,1438408704,1450205184,1491095552
3770.1,1438408704,1450205184,1491095552
3771.1,1438408704,1450205184,1491095552
3772.1,1438408704,1450205184,1491095552
3773.1,1438408704,1450205184,1491095552
3774.2,1438408704,1450205184,1491095552
3775.2,1438408704,1450205184,1491095552
3776.2,1438408704,1450205184,1491095552
3777.2,1438408704,1450205184,1491095552
3778.2,1438408704,1450205184,1491095552
3779.2,1438408704,1450205184,1491095552
3780.2,1438408704,1450205184,1491095552
3781.3,1438408704,1450205184,1491095552
3782.3,1438408704,1450205184,1491095552
3783.3,1438408704,1450205184,1491095552
3784.3,1438408704,1450205184,1491095552
3785.3,1438408704,1450205184,1491095552
3786.3,1438408704,1450205184,1491095552
3787.3,1438408704,1450205184,1491095552
3788.3,1438408704,1450205184,1491095552
3789.4,1438408704,1450205184,1491095552
3790.4,1438408704,1450205184,1491095552
3791.4,1438408704,1450205184,1491095552
3792.4,1438408704,1450205184,1491095552
3793.4,1438408704,1450205184,1491095552
3794.4,1438408704,1450205184,1491095552
3795.4,1438408704,1450205184,1491095552
3796.5,1438408704,1450205184,1491095552
3797.5,1438408704,1450205184,1491095552
3798.5,1438408704,1450205184,1491095552
3799.5,1438408704,1450205184,1491095552
3800.5,1438408704,1450205184,1491095552
3801.5,1438408704,1450205184,1491095552
3802.5,1438408704,1450205184,1491095552
3803.5,1438408704,1450205184,1491095552
3804.6,1438408704,1450205184,1491095552
3805.6,1438408704,1450205184,1491095552
3806.6,1438408704,1450205184,1491095552
3807.6,1438408704,1450205184,1491095552
3808.6,1438408704,1450205184,1491095552
3809.6,1438408704,1450205184,1491095552
3810.6,1438408704,1450205184,1491095552
3811.7,1438408704,1450205184,1491095552
3812.7,1438408704,1450205184,1491095552
3813.7,1438408704,1450205184,1491095552
3814.7,1438408704,1450205184,1491095552
3815.7,1438408704,1450205184,1491095552
3816.7,1438408704,1450205184,1491095552
3817.7,1438408704,1450205184,1491095552
3818.7,1438408704,1450205184,1491095552
3819.8,1438408704,1450205184,1491095552
3820.8,1438408704,1450205184,1491095552
3821.8,1438408704,1450205184,1491095552
3822.8,1438408704,1450205184,1491095552
3823.8,1438408704,1450205184,1491095552
3824.8,1438408704,1450205184,1491095552
3825.8,1438408704,1450205184,1491095552
3826.9,1438408704,1450205184,1491095552
3827.9,1438408704,1450205184,1491095552
3828.9,1438408704,1450205184,1491095552
3829.9,1438408704,1450205184,1491095552
3830.9,1438408704,1450205184,1491095552
3831.9,1438408704,1450205184,1491095552
3832.9,1438408704,1450205184,1491095552
3834.0,1438408704,1450205184,1491095552
3835.0,1438408704,1450205184,1491095552
3836.0,1438408704,1450205184,1491095552
3837.0,1438408704,1450205184,1491095552
3838.0,1438408704,1450205184,1491095552
3839.0,1438408704,1450205184,1491095552
3840.0,1438408704,1450205184,1491095552
3841.1,1438408704,1450205184,1491095552
3842.1,1438408704,1450205184,1491095552
3843.1,1438408704,1450205184,1491095552
3844.1,1438408704,1450205184,1491095552
3845.1,1438408704,1450205184,1491095552
3846.1,1438408704,1450205184,1491095552
3847.1,1438408704,1450205184,1491095552
3848.2,1438408704,1450205184,1491095552
3849.2,1438408704,1450205184,1491095552
3850.2,1438408704,1450205184,1491095552
3851.2,1438408704,1450205184,1491095552
3852.2,1438408704,1450205184,1491095552
3853.2,1438408704,1450205184,1491095552
3854.2,1438408704,1450205184,1491095552
3855.3,1438408704,1450205184,1491095552
3856.3,1438408704,1450205184,1491095552
3857.3,1438408704,1450205184,1491095552
3858.3,1438408704,1450205184,1491095552
3859.3,1438408704,1450205184,1491095552
3860.3,1438408704,1450205184,1491095552
3861.3,1438408704,1450205184,1491095552
3862.3,1438408704,1450205184,1491095552
3863.4,1438408704,1450205184,1491095552
3864.4,1438408704,1450205184,1491095552
3865.4,1438408704,1450205184,1491095552
3866.4,1438408704,1450205184,1491095552
3867.4,1438408704,1450205184,1491095552
3868.4,1438408704,1450205184,1491095552
3869.4,1438408704,1450205184,1491095552
3870.4,1438408704,1450205184,1491095552
3871.5,1438408704,1450205184,1491095552
3872.5,1438408704,1450205184,1491095552
3873.5,1438408704,1450205184,1491095552
3874.5,1438408704,1450205184,1491095552
3875.5,1438408704,1450205184,1491095552
3876.5,1438408704,1450205184,1491095552
3877.5,1438408704,1450205184,1491095552
3878.6,1438408704,1450205184,1491095552
3879.6,1438408704,1450205184,1491095552
3880.6,1438408704,1450205184,1491095552
3881.6,1438408704,1450205184,1491095552
3882.6,1438408704,1450205184,1491095552
3883.6,1438408704,1450205184,1491095552
3884.6,1438408704,1450205184,1491095552
3885.7,1438408704,1450205184,1491095552
3886.7,1438408704,1450205184,1491095552
3887.7,1438408704,1450205184,1491095552
3888.7,1438408704,1450205184,1491095552
3889.7,1438408704,1450205184,1491095552
3890.7,1438408704,1450205184,1491095552
3891.7,1438408704,1450205184,1491095552
3892.8,1438408704,1450205184,1491095552
3893.8,1438408704,1450205184,1491095552
3894.8,1438408704,1450205184,1491095552
3895.8,1438408704,1450205184,1491095552
3896.8,1438408704,1450205184,1491095552
3897.8,1438408704,1450205184,1491095552
3898.8,1438408704,1450205184,1491095552
3899.8,1438408704,1450205184,1491095552
3900.9,1438408704,1450205184,1491095552
3901.9,1438408704,1450205184,1491095552
3902.9,1438408704,1450205184,1491095552
3903.9,1438408704,1450205184,1491095552
3904.9,1438408704,1450205184,1491095552
3905.9,1438408704,1450205184,1491095552
3906.9,1438408704,1450205184,1491095552
3908.0,1438408704,1450205184,1491095552
3909.0,1438408704,1450205184,1491095552
3910.0,1438408704,1450205184,1491095552
3911.0,1438408704,1450205184,1491095552
3912.0,1438408704,1450205184,1491095552
3913.0,1438408704,1450205184,1491095552
3914.0,1438408704,1450205184,1491095552
3915.0,1438408704,1450205184,1491095552
3916.1,1438408704,1450205184,1491095552
3917.1,1438408704,1450205184,1491095552
3918.1,1438408704,1450205184,1491095552
3919.1,1438408704,1450205184,1491095552
3920.1,1438408704,1450205184,1491095552
3921.1,1438408704,1450205184,1491095552
3922.1,1438408704,1450205184,1491095552
3923.1,1438408704,1450205184,1491095552
3924.2,1438408704,1450205184,1491095552
3925.2,1438408704,1450205184,1491095552
3926.2,1438408704,1450205184,1491095552
3927.2,1438408704,1450205184,1491095552
3928.2,1438408704,1450205184,1491095552
3929.2,1438408704,1450205184,1491095552
3930.2,1438408704,1450205184,1491095552
3931.2,1438408704,1450205184,1491095552
3932.2,1438408704,1450205184,1491095552
3933.3,1438408704,1450205184,1491095552
3934.3,1438408704,1450205184,1491095552
3935.3,1438408704,1450205184,1491095552
3936.3,1438408704,1450205184,1491095552
3937.3,1438408704,1450205184,1491095552
3938.3,1438408704,1450205184,1491095552
3939.3,1438408704,1450205184,1491095552
3940.4,1438408704,1450205184,1491095552
3941.4,1438408704,1450205184,1491095552
3942.4,1438408704,1450205184,1491095552
3943.4,1438408704,1450205184,1491095552
3944.4,1438408704,1450205184,1491095552
3945.4,1438408704,1450205184,1491095552
3946.4,1438408704,1450205184,1491095552
3947.5,1438408704,1450205184,1491095552
3948.5,1438408704,1450205184,1491095552
3949.5,1438408704,1450205184,1491095552
3950.5,1438408704,1450205184,1491095552
3951.5,1438408704,1450205184,1491095552
3952.5,1438408704,1450205184,1491095552
3953.6,1438408704,1450205184,1491095552
3954.6,1438408704,1450205184,1491095552
3955.6,1438408704,1450205184,1491095552
3956.6,1438408704,1450205184,1491095552
3957.6,1438408704,1450205184,1491095552
3958.6,1438408704,1450205184,1491095552
3959.6,1438408704,1450205184,1491095552
3960.6,1438408704,1450205184,1491095552
3961.7,1438408704,1450205184,1491095552
3962.7,1438408704,1450205184,1491095552
3963.7,1438408704,1450205184,1491095552
3964.7,1438408704,1450205184,1491095552
3965.7,1438408704,1450205184,1491095552
3966.7,1438408704,1450205184,1491095552
3967.7,1438408704,1450205184,1491095552
3968.8,1438408704,1450205184,1491095552
3969.8,1438408704,1450205184,1491095552
3970.8,1438408704,1450205184,1491095552
3971.8,1438408704,1450205184,1491095552
3972.8,1438408704,1450205184,1491095552
3973.8,1438408704,1450205184,1491095552
3974.8,1438408704,1450205184,1491095552
3975.9,1438408704,1450205184,1491095552
3976.9,1438408704,1450205184,1491095552
3977.9,1438408704,1450205184,1491095552
3978.9,1438408704,1450205184,1491095552
3979.9,1438408704,1450205184,1491095552
3980.9,1438408704,1450205184,1491095552
3981.9,1438408704,1450205184,1491095552
3982.9,1438408704,1450205184,1491095552
3984.0,1438408704,1450205184,1491095552
3985.0,1438408704,1450205184,1491095552
3986.0,1438408704,1450205184,1491095552
3987.0,1438408704,1450205184,1491095552
3988.0,1438408704,1450205184,1491095552
3989.0,1438408704,1450205184,1491095552
3990.0,1438408704,1450205184,1491095552
3991.1,1438408704,1450205184,1491095552
3992.1,1438408704,1450205184,1491095552
3993.1,1438408704,1450205184,1491095552
3994.1,1438408704,1450205184,1491095552
3995.1,1438408704,1450205184,1491095552
3996.1,1438408704,1450205184,1491095552
3997.1,1438408704,1450205184,1491095552
3998.1,1438408704,1450205184,1491095552
3999.2,1438408704,1450205184,1491095552
4000.2,1438408704,1450205184,1491095552
4001.2,1438408704,1450205184,1491095552
4002.2,1438408704,1450205184,1491095552
4003.2,1438408704,1450205184,1491095552
4004.2,1438408704,1450205184,1491095552
4005.2,1438408704,1450205184,1491095552
4006.3,1438408704,1450205184,1491095552
4007.3,1438408704,1450205184,1491095552
4008.3,1438408704,1450205184,1491095552
4009.3,1438408704,1450205184,1491095552
4010.3,1438408704,1450205184,1491095552
4011.3,1438408704,1450205184,1491095552
4012.3,1438408704,1450205184,1491095552
4013.3,1438408704,1450205184,1491095552
4014.4,1438408704,1450205184,1491095552
4015.4,1438408704,1450205184,1491095552
4016.4,1438408704,1450205184,1491095552
4017.4,1438408704,1450205184,1491095552
4018.4,1438408704,1450205184,1491095552
4019.4,1438408704,1450205184,1491095552
4020.4,1438408704,1450205184,1491095552
4021.5,1438408704,1450205184,1491095552
4022.5,1438408704,1450205184,1491095552
4023.5,1438408704,1450205184,1491095552
4024.5,1438408704,1450205184,1491095552
4025.5,1438408704,1450205184,1491095552
4026.5,1438408704,1450205184,1491095552
4027.5,1438408704,1450205184,1491095552
4028.5,1438408704,1450205184,1491095552
4029.6,1438408704,1450205184,1491095552
4030.6,1438408704,1450205184,1491095552
4031.6,1438408704,1450205184,1491095552
4032.6,1438408704,1450205184,1491095552
4033.6,1438408704,1450205184,1491095552
4034.6,1438408704,1450205184,1491095552
4035.6,1438408704,1450205184,1491095552
4036.6,1438408704,1450205184,1491095552
4037.7,1438408704,1450205184,1491095552
4038.7,1438408704,1450205184,1491095552
4039.7,1438408704,1450205184,1491095552
4040.7,1438408704,1450205184,1491095552
4041.7,1438408704,1450205184,1491095552
4042.7,1438408704,1450205184,1491095552
4043.8,1438408704,1450205184,1491095552
4044.8,1438408704,1450205184,1491095552
4045.8,1438408704,1450205184,1491095552
4046.9,1438408704,1450205184,1491095552
4047.9,1438408704,1450205184,1491095552
4048.9,1438408704,1450205184,1491095552
4049.9,1438408704,1450205184,1491095552
4051.0,1438408704,1450205184,1491095552
4052.0,1438408704,1450205184,1491095552
4053.0,1438408704,1450205184,1491095552
4054.0,1438408704,1450205184,1491095552
4055.1,1438408704,1450205184,1491095552
4056.1,1438408704,1450205184,1491095552
4057.2,1438408704,1450205184,1491095552
4058.2,1438408704,1450205184,1491095552
4059.2,1438408704,1450205184,1491095552
4060.2,1438408704,1450205184,1491095552
4061.2,1438408704,1450205184,1491095552
4062.2,1438408704,1450205184,1491095552
4063.3,1438408704,1450205184,1491095552
4064.3,1438408704,1450205184,1491095552
4065.3,1438408704,1450205184,1491095552
4066.3,1438408704,1450205184,1491095552
4067.3,1438408704,1450205184,1491095552
4068.3,1438408704,1450205184,1491095552
4069.3,1438408704,1450205184,1491095552
4070.4,1438408704,1450205184,1491095552
4071.4,1438408704,1450205184,1491095552
4072.4,1438408704,1450205184,1491095552
4073.4,1438408704,1450205184,1491095552
4074.4,1438408704,1450205184,1491095552
4075.4,1438408704,1450205184,1491095552
4076.4,1438408704,1450205184,1491095552
4077.5,1438408704,1450205184,1491095552
4078.5,1438408704,1450205184,1491095552
4079.5,1438408704,1450205184,1491095552
4080.5,1438408704,1450205184,1491095552
4081.5,1438408704,1450205184,1491095552
4082.5,1438408704,1450205184,1491095552
4083.5,1438408704,1450205184,1491095552
4084.6,1438408704,1450205184,1491095552
4085.6,1438408704,1450205184,1491095552
4086.6,1438408704,1450205184,1491095552
4087.6,1438408704,1450205184,1491095552
4088.6,1438408704,1450205184,1491095552
4089.6,1438408704,1450205184,1491095552
4090.6,1438408704,1450205184,1491095552
4091.6,1438408704,1450205184,1491095552
4092.7,1438408704,1450205184,1491095552
4093.7,1438408704,1450205184,1491095552
4094.7,1438408704,1450205184,1491095552
4095.7,1438408704,1450205184,1491095552
4096.7,1438408704,1450205184,1491095552
4097.7,1438408704,1450205184,1491095552
4098.7,1438408704,1450205184,1491095552
4099.8,1438408704,1450205184,1491095552
4100.8,1438408704,1450205184,1491095552
4101.8,1438408704,1450205184,1491095552
4102.8,1438408704,1450205184,1491095552
4103.8,1438408704,1450205184,1491095552
4104.8,1438408704,1450205184,1491095552
4105.8,1438408704,1450205184,1491095552
4106.9,1438408704,1450205184,1491095552
4107.9,1438408704,1450205184,1491095552
4108.9,1438408704,1450205184,1491095552
4109.9,1438408704,1450205184,1491095552
4110.9,1438408704,1450205184,1491095552
4111.9,1438408704,1450205184,1491095552
4112.9,1438408704,1450205184,1491095552
4114.0,1438408704,1450205184,1491095552
4115.0,1438408704,1450205184,1491095552
4116.0,1438408704,1450205184,1491095552
4117.0,1438408704,1450205184,1491095552
4118.0,1438408704,1450205184,1491095552
4119.0,1438408704,1450205184,1491095552
4120.0,1438408704,1450205184,1491095552
4121.1,1438408704,1450205184,1491095552
4122.1,1438408704,1450205184,1491095552
4123.1,1438408704,1450205184,1491095552
4124.1,1438408704,1450205184,1491095552
4125.1,1438408704,1450205184,1491095552
4126.1,1438408704,1450205184,1491095552
4127.1,1438408704,1450205184,1491095552
4128.2,1438408704,1450205184,1491095552
4129.2,1438408704,1450205184,1491095552
4130.2,1438408704,1450205184,1491095552
4131.2,1438408704,1450205184,1491095552
4132.2,1438408704,1450205184,1491095552
4133.2,1438408704,1450205184,1491095552
4134.2,1438408704,1450205184,1491095552
4135.3,1438408704,1450205184,1491095552
4136.3,1438408704,1450205184,1491095552
4137.3,1438408704,1450205184,1491095552
4138.3,1438408704,1450205184,1491095552
4139.3,1438408704,1450205184,1491095552
4140.3,1438408704,1450205184,1491095552
4141.3,1438408704,1450205184,1491095552
4142.4,1438408704,1450205184,1491095552
4143.4,1438408704,1450205184,1491095552
4144.4,1438408704,1450205184,1491095552
4145.4,1438408704,1450205184,1491095552
4146.4,1438408704,1450205184,1491095552
4147.4,1438408704,1450205184,1491095552
4148.4,1438408704,1450205184,1491095552
4149.5,1438408704,1450205184,1491095552
4150.5,1438408704,1450205184,1491095552
4151.5,1438408704,1450205184,1491095552
4152.5,1438408704,1450205184,1491095552
4153.5,1438408704,1450205184,1491095552
4154.5,1438408704,1450205184,1491095552
4155.5,1438408704,1450205184,1491095552
4156.6,1438408704,1450205184,1491095552
4157.6,1438408704,1450205184,1491095552
4158.6,1438408704,1450205184,1491095552
4159.6,1438408704,1450205184,1491095552
4160.6,1438408704,1450205184,1491095552
4161.6,1438408704,1450205184,1491095552
4162.6,1438408704,1450205184,1491095552
4163.7,1438408704,1450205184,1491095552
4164.7,1438408704,1450205184,1491095552
4165.7,1438408704,1450205184,1491095552
4166.7,1438408704,1450205184,1491095552
4167.7,1438408704,1450205184,1491095552
4168.7,1438408704,1450205184,1491095552
4169.7,1438408704,1450205184,1491095552
4170.8,1438408704,1450205184,1491095552
4171.8,1438408704,1450205184,1491095552
4172.8,1438408704,1450205184,1491095552
4173.8,1438408704,1450205184,1491095552
4174.8,1438408704,1450205184,1491095552
4175.8,1438408704,1450205184,1491095552
4176.8,1438408704,1450205184,1491095552
4177.9,1438408704,1450205184,1491095552
4178.9,1438408704,1450205184,1491095552
4179.9,1438408704,1450205184,1491095552
4180.9,1438408704,1450205184,1491095552
4181.9,1438408704,1450205184,1491095552
4182.9,1438408704,1450205184,1491095552
4184.0,1438408704,1450205184,1491095552
4185.0,1438408704,1450205184,1491095552
4186.0,1438408704,1450205184,1491095552
4187.0,1438408704,1450205184,1491095552
4188.0,1438408704,1450205184,1491095552
4189.0,1438408704,1450205184,1491095552
4190.0,1438408704,1450205184,1491095552
4191.1,1438408704,1450205184,1491095552
4192.1,1438408704,1450205184,1491095552
4193.1,1438408704,1450205184,1491095552
4194.1,1438408704,1450205184,1491095552
4195.1,1438408704,1450205184,1491095552
4196.1,1438408704,1450205184,1491095552
4197.1,1438408704,1450205184,1491095552
4198.1,1438408704,1450205184,1491095552
4199.2,1438408704,1450205184,1491095552
4200.2,1438408704,1450205184,1491095552
4201.2,1438408704,1450205184,1491095552
4202.2,1438408704,1450205184,1491095552
4203.2,1438408704,1450205184,1491095552
4204.2,1438408704,1450205184,1491095552
4205.2,1438408704,1450205184,1491095552
4206.3,1438408704,1450205184,1491095552
4207.3,1438408704,1450205184,1491095552
4208.3,1438408704,1450205184,1491095552
4209.3,1438408704,1450205184,1491095552
4210.3,1438408704,1450205184,1491095552
4211.3,1438408704,1450205184,1491095552
4212.4,1438408704,1450205184,1491095552
4213.4,1438408704,1450205184,1491095552
4214.4,1438408704,1450205184,1491095552
4215.4,1438408704,1450205184,1491095552
4216.4,1438408704,1450205184,1491095552
4217.4,1438408704,1450205184,1491095552
4218.5,1438408704,1450205184,1491095552
4219.5,1438408704,1450205184,1491095552
4220.5,1438408704,1450205184,1491095552
4221.5,1438408704,1450205184,1491095552
4222.5,1438408704,1450205184,1491095552
4223.5,1438408704,1450205184,1491095552
4224.5,1438408704,1450205184,1491095552
4225.6,1438408704,1450205184,1491095552
4226.6,1438408704,1450205184,1491095552
4227.6,1438408704,1450205184,1491095552
4228.6,1438408704,1450205184,1491095552
4229.6,1438408704,1450205184,1491095552
4230.6,1438408704,1450205184,1491095552
4231.7,1438408704,1450205184,1491095552
4232.7,1438408704,1450205184,1491095552
4233.7,1438408704,1450205184,1491095552
4234.7,1438408704,1450205184,1491095552
4235.7,1438408704,1450205184,1491095552
4236.7,1438408704,1450205184,1491095552
4237.7,1438408704,1450205184,1491095552
4238.8,1438408704,1450205184,1491095552
4239.8,1438408704,1450205184,1491095552
4240.8,1438408704,1450205184,1491095552
4241.8,1438408704,1450205184,1491095552
4242.8,1438408704,1450205184,1491095552
4243.8,1438408704,1450205184,1491095552
4244.8,1438408704,1450205184,1491095552
4245.9,1438408704,1450205184,1491095552
4246.9,1438408704,1450205184,1491095552
4247.9,1438408704,1450205184,1491095552
4248.9,1438408704,1450205184,1491095552
4249.9,1438408704,1450205184,1491095552
4250.9,1438408704,1450205184,1491095552
4251.9,1438408704,1450205184,1491095552
4252.9,1438408704,1450205184,1491095552
4254.0,1438408704,1450205184,1491095552
4255.0,1438408704,1450205184,1491095552
4256.0,1438408704,1450205184,1491095552
4257.0,1438408704,1450205184,1491095552
4258.0,1438408704,1450205184,1491095552
4259.1,1438408704,1450205184,1491095552
4260.1,1438408704,1450205184,1491095552
4261.1,1438408704,1450205184,1491095552
4262.1,1438408704,1450205184,1491095552
4263.1,1438408704,1450205184,1491095552
4264.1,1438408704,1450205184,1491095552
4265.1,1438408704,1450205184,1491095552
4266.1,1438408704,1450205184,1491095552
4267.2,1438408704,1450205184,1491095552
4268.2,1438408704,1450205184,1491095552
4269.2,1438408704,1450205184,1491095552
4270.2,1438408704,1450205184,1491095552
4271.2,1438408704,1450205184,1491095552
4272.2,1438408704,1450205184,1491095552
4273.2,1438408704,1450205184,1491095552
4274.3,1438408704,1450205184,1491095552
4275.3,1438408704,1450205184,1491095552
4276.3,1438408704,1450205184,1491095552
4277.3,1438408704,1450205184,1491095552
4278.3,1438408704,1450205184,1491095552
4279.3,1438408704,1450205184,1491095552
4280.3,1438408704,1450205184,1491095552
4281.3,1438408704,1450205184,1491095552
4282.4,1438408704,1450205184,1491095552
4283.4,1438408704,1450205184,1491095552
4284.4,1438408704,1450205184,1491095552
4285.4,1438408704,1450205184,1491095552
4286.4,1438408704,1450205184,1491095552
4287.4,1438408704,1450205184,1491095552
4288.4,1438408704,1450205184,1491095552
4289.5,1438408704,1450205184,1491095552
4290.5,1438408704,1450205184,1491095552
4291.5,1438408704,1450205184,1491095552
4292.5,1438408704,1450205184,1491095552
4293.5,1438408704,1450205184,1491095552
4294.5,1438408704,1450205184,1491095552
4295.5,1438408704,1450205184,1491095552
4296.5,1438408704,1450205184,1491095552
4297.6,1438408704,1450205184,1491095552
4298.6,1438408704,1450205184,1491095552
4299.6,1438408704,1450205184,1491095552
4300.6,1438408704,1450205184,1491095552
4301.6,1438408704,1450205184,1491095552
4302.7,1438408704,1450205184,1491095552
4303.7,1438408704,1450205184,1491095552
4304.7,1438408704,1450205184,1491095552
4305.7,1438408704,1450205184,1491095552
4306.7,1438408704,1450205184,1491095552
4307.7,1438408704,1450205184,1491095552
4308.8,1438408704,1450205184,1491095552
4309.8,1438408704,1450205184,1491095552
4310.8,1438408704,1450205184,1491095552
4311.8,1438408704,1450205184,1491095552
4312.8,1438408704,1450205184,1491095552
4313.8,1438408704,1450205184,1491095552
4314.8,1438408704,1450205184,1491095552
4315.8,1438408704,1450205184,1491095552
4316.9,1438408704,1450205184,1491095552
4317.9,1438408704,1450205184,1491095552
4318.9,1438408704,1450205184,1491095552
4319.9,1438408704,1450205184,1491095552
4320.9,1438408704,1450205184,1491095552
4321.9,1438408704,1450205184,1491095552
4322.9,1438408704,1450205184,1491095552
4323.9,1438408704,1450205184,1491095552
4325.0,1438408704,1450205184,1491095552
4326.0,1438408704,1450205184,1491095552
4327.0,1438408704,1450205184,1491095552
4328.0,1438408704,1450205184,1491095552
4329.0,1438408704,1450205184,1491095552
4330.0,1438408704,1450205184,1491095552
4331.0,1438408704,1450205184,1491095552
4332.0,1438408704,1450205184,1491095552
4333.1,1438408704,1450205184,1491095552
4334.1,1438408704,1450205184,1491095552
4335.1,1438408704,1450205184,1491095552
4336.1,1438408704,1450205184,1491095552
4337.1,1438408704,1450205184,1491095552
4338.1,1438408704,1450205184,1491095552
4339.1,1438408704,1450205184,1491095552
4340.2,1438408704,1450205184,1491095552
4341.2,1438408704,1450205184,1491095552
4342.2,1438408704,1450205184,1491095552
4343.2,1438408704,1450205184,1491095552
4344.2,1438408704,1450205184,1491095552
4345.2,1438408704,1450205184,1491095552
4346.2,1438408704,1450205184,1491095552
4347.2,1438408704,1450205184,1491095552
4348.3,1438408704,1450205184,1491095552
4349.3,1438408704,1450205184,1491095552
4350.3,1438408704,1450205184,1491095552
4351.3,1438408704,1450205184,1491095552
4352.3,1438408704,1450205184,1491095552
4353.3,1438408704,1450205184,1491095552
4354.3,1438408704,1450205184,1491095552
4355.3,1438408704,1450205184,1491095552
4356.4,1438408704,1450205184,1491095552
4357.4,1438408704,1450205184,1491095552
4358.4,1438408704,1450205184,1491095552
4359.4,1438408704,1450205184,1491095552
4360.4,1438408704,1450205184,1491095552
4361.4,1438408704,1450205184,1491095552
4362.4,1438408704,1450205184,1491095552
4363.4,1438408704,1450205184,1491095552
4364.4,1438408704,1450205184,1491095552
4365.5,1438408704,1450205184,1491095552
4366.5,1438408704,1450205184,1491095552
4367.5,1438408704,1450205184,1491095552
4368.5,1438408704,1450205184,1491095552
4369.5,1438408704,1450205184,1491095552
4370.5,1438408704,1450205184,1491095552
4371.5,1438408704,1450205184,1491095552
4372.5,1438408704,1450205184,1491095552
4373.6,1438408704,1450205184,1491095552
4374.6,1438408704,1450205184,1491095552
4375.6,1438408704,1450205184,1491095552
4376.6,1438408704,1450205184,1491095552
4377.6,1438408704,1450205184,1491095552
4378.6,1438408704,1450205184,1491095552
4379.6,1438408704,1450205184,1491095552
4380.7,1438408704,1450205184,1491095552
4381.7,1438408704,1450205184,1491095552
4382.7,1438408704,1450205184,1491095552
4383.7,1438408704,1450205184,1491095552
4384.7,1438408704,1450205184,1491095552
4385.7,1438408704,1450205184,1491095552
4386.7,1438408704,1450205184,1491095552
4387.7,1438408704,1450205184,1491095552
4388.8,1438408704,1450205184,1491095552
4389.8,1438408704,1450205184,1491095552
4390.8,1438408704,1450205184,1491095552
4391.8,1438408704,1450205184,1491095552
4392.8,1438408704,1450205184,1491095552
4393.8,1438408704,1450205184,1491095552
4394.8,1438408704,1450205184,1491095552
4395.9,1438408704,1450205184,1491095552
4396.9,1438408704,1450205184,1491095552
4397.9,1438408704,1450205184,1491095552
4398.9,1438408704,1450205184,1491095552
4399.9,1438408704,1450205184,1491095552
4400.9,1438408704,1450205184,1491095552
4401.9,1438408704,1450205184,1491095552
4403.0,1438408704,1450205184,1491095552
4404.0,1438408704,1450205184,1491095552
4405.0,1438408704,1450205184,1491095552
4406.0,1438408704,1450205184,1491095552
4407.0,1438408704,1450205184,1491095552
4408.0,1438408704,1450205184,1491095552
4409.0,1438408704,1450205184,1491095552
4410.0,1438408704,1450205184,1491095552
4411.0,1438408704,1450205184,1491095552
4412.1,1438408704,1450205184,1491095552
4413.1,1438408704,1450205184,1491095552
4414.1,1438408704,1450205184,1491095552
4415.1,1438408704,1450205184,1491095552
4416.1,1438408704,1450205184,1491095552
4417.1,1438408704,1450205184,1491095552
4418.1,1438408704,1450205184,1491095552
4419.1,1438408704,1450205184,1491095552
4420.2,1438408704,1450205184,1491095552
4421.2,1438408704,1450205184,1491095552
4422.2,1438408704,1450205184,1491095552
4423.2,1438408704,1450205184,1491095552
4424.2,1438408704,1450205184,1491095552
4425.2,1438408704,1450205184,1491095552
4426.3,1438408704,1450205184,1491095552
4427.3,1438408704,1450205184,1491095552
4428.3,1438408704,1450205184,1491095552
4429.3,1438408704,1450205184,1491095552
4430.3,1438408704,1450205184,1491095552
4431.3,1438408704,1450205184,1491095552
4432.3,1438408704,1450205184,1491095552
4433.4,1438408704,1450205184,1491095552
4434.4,1438408704,1450205184,1491095552
4435.4,1438408704,1450205184,1491095552
4436.4,1438408704,1450205184,1491095552
4437.4,1438408704,1450205184,1491095552
4438.4,1438408704,1450205184,1491095552
4439.4,1438408704,1450205184,1491095552
4440.4,1438408704,1450205184,1491095552
4441.5,1438408704,1450205184,1491095552
4442.5,1438408704,1450205184,1491095552
4443.5,1438408704,1450205184,1491095552
4444.5,1438408704,1450205184,1491095552
4445.5,1438408704,1450205184,1491095552
4446.5,1438408704,1450205184,1491095552
4447.5,1438408704,1450205184,1491095552
4448.5,1438408704,1450205184,1491095552
4449.6,1438408704,1450205184,1491095552
4450.6,1438408704,1450205184,1491095552
4451.6,1438408704,1450205184,1491095552
4452.6,1438408704,1450205184,1491095552
4453.6,1438408704,1450205184,1491095552
4454.6,1438408704,1450205184,1491095552
4455.6,1438408704,1450205184,1491095552
4456.7,1438408704,1450205184,1491095552
4457.7,1438408704,1450205184,1491095552
4458.7,1438408704,1450205184,1491095552
4459.7,1438408704,1450205184,1491095552
4460.7,1438408704,1450205184,1491095552
4461.7,1438408704,1450205184,1491095552
4462.7,1438408704,1450205184,1491095552
4463.8,1438408704,1450205184,1491095552
4464.8,1438408704,1450205184,1491095552
4465.8,1438408704,1450205184,1491095552
4466.8,1438408704,1450205184,1491095552
4467.8,1438408704,1450205184,1491095552
4468.8,1438408704,1450205184,1491095552
4469.8,1438408704,1450205184,1491095552
4470.9,1438408704,1450205184,1491095552
4471.9,1438408704,1450205184,1491095552
4472.9,1438408704,1450205184,1491095552
4473.9,1438408704,1450205184,1491095552
4474.9,1438408704,1450205184,1491095552
4475.9,1438408704,1450205184,1491095552
4476.9,1438408704,1450205184,1491095552
4477.9,1438408704,1450205184,1491095552
4478.9,1438408704,1450205184,1491095552
4480.0,1438408704,1450205184,1491095552
4481.0,1438408704,1450205184,1491095552
4482.0,1438408704,1450205184,1491095552
4483.0,1438408704,1450205184,1491095552
4484.0,1438408704,1450205184,1491095552
4485.0,1438408704,1450205184,1491095552
4486.0,1438408704,1450205184,1491095552
4487.1,1438408704,1450205184,1491095552
4488.1,1438408704,1450205184,1491095552
4489.1,1438408704,1450205184,1491095552
4490.1,1438408704,1450205184,1491095552
4491.1,1438408704,1450205184,1491095552
4492.1,1438408704,1450205184,1491095552
4493.1,1438408704,1450205184,1491095552
4494.2,1438408704,1450205184,1491095552
4495.2,1438408704,1450205184,1491095552
4496.2,1438408704,1450205184,1491095552
4497.2,1438408704,1450205184,1491095552
4498.2,1438408704,1450205184,1491095552
4499.2,1438408704,1450205184,1491095552
4500.2,1438408704,1450205184,1491095552
4501.2,1438408704,1450205184,1491095552
4502.3,1438408704,1450205184,1491095552
4503.3,1438408704,1450205184,1491095552
4504.3,1438408704,1450205184,1491095552
4505.3,1438408704,1450205184,1491095552
4506.3,1438408704,1450205184,1491095552
4507.3,1438408704,1450205184,1491095552
4508.3,1438408704,1450205184,1491095552
4509.3,1438408704,1450205184,1491095552
4510.4,1438408704,1450205184,1491095552
4511.4,1438408704,1450205184,1491095552
4512.4,1438408704,1450205184,1491095552
4513.4,1438408704,1450205184,1491095552
4514.4,1438408704,1450205184,1491095552
4515.4,1438408704,1450205184,1491095552
4516.4,1438408704,1450205184,1491095552
4517.5,1438408704,1450205184,1491095552
4518.5,1438408704,1450205184,1491095552
4519.5,1438408704,1450205184,1491095552
4520.5,1438408704,1450205184,1491095552
4521.5,1438408704,1450205184,1491095552
4522.5,1438408704,1450205184,1491095552
4523.5,1438408704,1450205184,1491095552
4524.5,1438408704,1450205184,1491095552
4525.6,1438408704,1450205184,1491095552
4526.6,1438408704,1450205184,1491095552
4527.6,1438408704,1450205184,1491095552
4528.6,1438408704,1450205184,1491095552
4529.6,1438408704,1450205184,1491095552
4530.6,1438408704,1450205184,1491095552
4531.6,1438408704,1450205184,1491095552
4532.7,1438408704,1450205184,1491095552
4533.7,1438408704,1450205184,1491095552
4534.7,1438408704,1450205184,1491095552
4535.7,1438408704,1450205184,1491095552
4536.7,1438408704,1450205184,1491095552
4537.7,1438408704,1450205184,1491095552
4538.7,1438408704,1450205184,1491095552
4539.7,1438408704,1450205184,1491095552
4540.8,1438408704,1450205184,1491095552
4541.8,1438408704,1450205184,1491095552
4542.8,1438408704,1450205184,1491095552
4543.8,1438408704,1450205184,1491095552
4544.8,1438408704,1450205184,1491095552
4545.8,1438408704,1450205184,1491095552
4546.8,1438408704,1450205184,1491095552
4547.8,1438408704,1450205184,1491095552
4548.8,1438408704,1450205184,1491095552
4549.9,1438408704,1450205184,1491095552
4550.9,1438408704,1450205184,1491095552
4551.9,1438408704,1450205184,1491095552
4552.9,1438408704,1450205184,1491095552
4553.9,1438408704,1450205184,1491095552
4554.9,1438408704,1450205184,1491095552
4555.9,1438408704,1450205184,1491095552
4557.0,1438408704,1450205184,1491095552
4558.0,1438408704,1450205184,1491095552
4559.0,1438408704,1450205184,1491095552
4560.0,1438408704,1450205184,1491095552
4561.0,1438408704,1450205184,1491095552
4562.0,1438408704,1450205184,1491095552
4563.0,1438408704,1450205184,1491095552
4564.0,1438408704,1450205184,1491095552
4565.1,1438408704,1450205184,1491095552
4566.1,1438408704,1450205184,1491095552
4567.1,1438408704,1450205184,1491095552
4568.1,1438408704,1450205184,1491095552
4569.1,1438408704,1450205184,1491095552
4570.1,1438408704,1450205184,1491095552
4571.1,1438408704,1450205184,1491095552
4572.1,1438408704,1450205184,1491095552
4573.1,1438408704,1450205184,1491095552
4574.2,1438408704,1450205184,1491095552
4575.2,1438408704,1450205184,1491095552
4576.2,1438408704,1450205184,1491095552
4577.2,1438408704,1450205184,1491095552
4578.2,1438408704,1450205184,1491095552
4579.2,1438408704,1450205184,1491095552
4580.2,1438408704,1450205184,1491095552
4581.3,1438408704,1450205184,1491095552
4582.3,1438408704,1450205184,1491095552
4583.3,1438408704,1450205184,1491095552
4584.3,1438408704,1450205184,1491095552
4585.3,1438408704,1450205184,1491095552
4586.3,1438408704,1450205184,1491095552
4587.3,1438408704,1450205184,1491095552
4588.3,1438408704,1450205184,1491095552
4589.3,1438408704,1450205184,1491095552
4590.4,1438408704,1450205184,1491095552
4591.4,1438408704,1450205184,1491095552
4592.4,1438408704,1450205184,1491095552
4593.4,1438408704,1450205184,1491095552
4594.4,1438408704,1450205184,1491095552
4595.4,1438408704,1450205184,1491095552
4596.4,1438408704,1450205184,1491095552
4597.4,1438408704,1450205184,1491095552
4598.5,1438408704,1450205184,1491095552
4599.5,1438408704,1450205184,1491095552
4600.5,1438408704,1450205184,1491095552
4601.5,1438408704,1450205184,1491095552
4602.5,1438408704,1450205184,1491095552
4603.5,1438408704,1450205184,1491095552
4604.5,1438408704,1450205184,1491095552
4605.5,1438408704,1450205184,1491095552
4606.5,1438408704,1450205184,1491095552
4607.6,1438408704,1450205184,1491095552
4608.6,1438408704,1450205184,1491095552
4609.6,1438408704,1450205184,1491095552
4610.6,1438408704,1450205184,1491095552
4611.6,1438408704,1450205184,1491095552
4612.6,1438408704,1450205184,1491095552
4613.6,1438408704,1450205184,1491095552
4614.6,1438408704,1450205184,1491095552
4615.6,1438408704,1450205184,1491095552
4616.6,1438408704,1450205184,1491095552
4617.7,1438408704,1450205184,1491095552
4618.7,1438408704,1450205184,1491095552
4619.7,1438408704,1450205184,1491095552
4620.7,1438408704,1450205184,1491095552
4621.7,1438408704,1450205184,1491095552
4622.7,1438408704,1450205184,1491095552
4623.7,1438408704,1450205184,1491095552
4624.8,1438408704,1450205184,1491095552
4625.8,1438408704,1450205184,1491095552
4626.8,1438408704,1450205184,1491095552
4627.8,1438408704,1450205184,1491095552
4628.8,1438408704,1450205184,1491095552
4629.8,1438408704,1450205184,1491095552
4630.8,1438408704,1450205184,1491095552
4631.9,1438408704,1450205184,1491095552
4632.9,1438408704,1450205184,1491095552
4633.9,1438408704,1450205184,1491095552
4634.9,1438408704,1450205184,1491095552
4635.9,1438408704,1450205184,1491095552
4636.9,1438408704,1450205184,1491095552
4637.9,1438408704,1450205184,1491095552
4638.9,1438408704,1450205184,1491095552
4639.9,1438408704,1450205184,1491095552
4641.0,1438408704,1450205184,1491095552
4642.0,1438408704,1450205184,1491095552
4643.0,1438408704,1450205184,1491095552
4644.0,1438408704,1450205184,1491095552
4645.0,1438408704,1450205184,1491095552
4646.0,1438408704,1450205184,1491095552
4647.1,1438408704,1450205184,1491095552
4648.1,1438408704,1450205184,1491095552
4649.1,1438408704,1450205184,1491095552
4650.1,1438408704,1450205184,1491095552
4651.1,1438408704,1450205184,1491095552
4652.1,1438408704,1450205184,1491095552
4653.1,1438408704,1450205184,1491095552
4654.2,1438408704,1450205184,1491095552
4655.2,1438408704,1450205184,1491095552
4656.2,1438408704,1450205184,1491095552
4657.2,1438408704,1450205184,1491095552
4658.2,1438408704,1450205184,1491095552
4659.2,1438408704,1450205184,1491095552
4660.2,1438408704,1450205184,1491095552
4661.3,1438408704,1450205184,1491095552
4662.3,1438408704,1450205184,1491095552
4663.3,1438408704,1450205184,1491095552
4664.3,1438408704,1450205184,1491095552
4665.3,1438408704,1450205184,1491095552
4666.3,1438408704,1450205184,1491095552
4667.3,1438408704,1450205184,1491095552
4668.3,1438408704,1450205184,1491095552
4669.4,1438408704,1450205184,1491095552
4670.4,1438408704,1450205184,1491095552
4671.4,1438408704,1450205184,1491095552
4672.4,1438408704,1450205184,1491095552
4673.4,1438408704,1450205184,1491095552
4674.4,1438408704,1450205184,1491095552
4675.5,1438408704,1450205184,1491095552
4676.5,1438408704,1450205184,1491095552
4677.5,1438408704,1450205184,1491095552
4678.5,1438408704,1450205184,1491095552
4679.5,1438408704,1450205184,1491095552
4680.5,1438408704,1450205184,1491095552
4681.5,1438408704,1450205184,1491095552
4682.5,1438408704,1450205184,1491095552
4683.6,1438408704,1450205184,1491095552
4684.6,1438408704,1450205184,1491095552
4685.6,1438408704,1450205184,1491095552
4686.6,1438408704,1450205184,1491095552
4687.6,1438408704,1450205184,1491095552
4688.6,1438408704,1450205184,1491095552
4689.6,1438408704,1450205184,1491095552
4690.6,1438408704,1450205184,1491095552
4691.7,1438408704,1450205184,1491095552
4692.7,1438408704,1450205184,1491095552
4693.7,1438408704,1450205184,1491095552
4694.7,1438408704,1450205184,1491095552
4695.7,1438408704,1450205184,1491095552
4696.7,1438408704,1450205184,1491095552
4697.7,1438408704,1450205184,1491095552
4698.8,1438408704,1450205184,1491095552
4699.8,1438408704,1450205184,1491095552
4700.8,1438408704,1450205184,1491095552
4701.8,1438408704,1450205184,1491095552
4702.8,1438408704,1450205184,1491095552
4703.8,1438408704,1450205184,1491095552
4704.8,1438408704,1450205184,1491095552
4705.8,1438408704,1450205184,1491095552
4706.8,1438408704,1450205184,1491095552
4707.9,1438408704,1450205184,1491095552
4708.9,1438408704,1450205184,1491095552
4709.9,1438408704,1450205184,1491095552
4710.9,1438408704,1450205184,1491095552
4711.9,1438408704,1450205184,1491095552
4712.9,1438408704,1450205184,1491095552
4713.9,1438408704,1450205184,1491095552
4715.0,1438408704,1450205184,1491095552
4716.0,1438408704,1450205184,1491095552
4717.0,1438408704,1450205184,1491095552
4718.0,1438408704,1450205184,1491095552
4719.0,1438408704,1450205184,1491095552
4720.0,1438408704,1450205184,1491095552
4721.0,1438408704,1450205184,1491095552
4722.1,1438408704,1450205184,1491095552
4723.1,1438408704,1450205184,1491095552
4724.1,1438408704,1450205184,1491095552
4725.1,1438408704,1450205184,1491095552
4726.1,1438408704,1450205184,1491095552
4727.1,1438408704,1450205184,1491095552
4728.1,1438408704,1450205184,1491095552
4729.2,1438408704,1450205184,1491095552
4730.2,1438408704,1450205184,1491095552
4731.2,1438408704,1450205184,1491095552
4732.2,1438408704,1450205184,1491095552
4733.2,1438408704,1450205184,1491095552
4734.2,1438408704,1450205184,1491095552
4735.3,1438408704,1450205184,1491095552
4736.3,1438408704,1450205184,1491095552
4737.3,1438408704,1450205184,1491095552
4738.3,1438408704,1450205184,1491095552
4739.3,1438408704,1450205184,1491095552
4740.3,1438408704,1450205184,1491095552
4741.3,1438408704,1450205184,1491095552
4742.3,1438408704,1450205184,1491095552
4743.4,1438408704,1450205184,1491095552
4744.4,1438408704,1450205184,1491095552
4745.4,1438408704,1450205184,1491095552
4746.4,1438408704,1450205184,1491095552
4747.4,1438408704,1450205184,1491095552
4748.4,1438408704,1450205184,1491095552
4749.4,1438408704,1450205184,1491095552
4750.5,1438408704,1450205184,1491095552
4751.5,1438408704,1450205184,1491095552
4752.5,1438408704,1450205184,1491095552
4753.5,1438408704,1450205184,1491095552
4754.5,1438408704,1450205184,1491095552
4755.5,1438408704,1450205184,1491095552
4756.5,1438408704,1450205184,1491095552
4757.5,1438408704,1450205184,1491095552
4758.6,1438408704,1450205184,1491095552
4759.6,1438408704,1450205184,1491095552
4760.6,1438408704,1450205184,1491095552
4761.6,1438408704,1450205184,1491095552
4762.6,1438408704,1450205184,1491095552
4763.6,1438408704,1450205184,1491095552
4764.6,1438408704,1450205184,1491095552
4765.7,1438408704,1450205184,1491095552
4766.7,1438408704,1450205184,1491095552
4767.7,1438408704,1450205184,1491095552
4768.7,1438408704,1450205184,1491095552
4769.7,1438408704,1450205184,1491095552
4770.7,1438408704,1450205184,1491095552
4771.7,1438408704,1450205184,1491095552
4772.8,1438408704,1450205184,1491095552
4773.8,1438408704,1450205184,1491095552
4774.8,1438408704,1450205184,1491095552
4775.8,1438408704,1450205184,1491095552
4776.8,1438408704,1450205184,1491095552
4777.8,1438408704,1450205184,1491095552
4778.8,1438408704,1450205184,1491095552
4779.9,1438408704,1450205184,1491095552
4780.9,1438408704,1450205184,1491095552
4781.9,1438408704,1450205184,1491095552
4782.9,1438408704,1450205184,1491095552
4783.9,1438408704,1450205184,1491095552
4784.9,1438408704,1450205184,1491095552
4786.0,1438408704,1450205184,1491095552
4787.0,1438408704,1450205184,1491095552
4788.0,1438408704,1450205184,1491095552
4789.0,1438408704,1450205184,1491095552
4790.0,1438408704,1450205184,1491095552
4791.0,1438408704,1450205184,1491095552
4792.0,1438408704,1450205184,1491095552
4793.1,1438408704,1450205184,1491095552
4794.1,1438408704,1450205184,1491095552
4795.1,1438408704,1450205184,1491095552
4796.1,1438408704,1450205184,1491095552
4797.1,1438408704,1450205184,1491095552
4798.1,1438408704,1450205184,1491095552
4799.1,1438408704,1450205184,1491095552
4800.2,1438408704,1450205184,1491095552
4801.2,1438408704,1450205184,1491095552
4802.2,1438408704,1450205184,1491095552
4803.2,1438408704,1450205184,1491095552
4804.2,1438408704,1450205184,1491095552
4805.2,1438408704,1450205184,1491095552
4806.2,1438408704,1450205184,1491095552
4807.3,1438408704,1450205184,1491095552
4808.3,1438408704,1450205184,1491095552
4809.3,1438408704,1450205184,1491095552
4810.3,1438408704,1450205184,1491095552
4811.3,1438408704,1450205184,1491095552
4812.3,1438408704,1450205184,1491095552
4813.3,1438408704,1450205184,1491095552
4814.4,1438408704,1450205184,1491095552
4815.4,1438408704,1450205184,1491095552
4816.4,1438408704,1450205184,1491095552
4817.4,1438408704,1450205184,1491095552
4818.4,1438408704,1450205184,1491095552
4819.4,1438408704,1450205184,1491095552
4820.4,1438408704,1450205184,1491095552
4821.5,1438408704,1450205184,1491095552
4822.5,1438408704,1450205184,1491095552
4823.5,1438408704,1450205184,1491095552
4824.5,1438408704,1450205184,1491095552
4825.5,1438408704,1450205184,1491095552
4826.5,1438408704,1450205184,1491095552
4827.5,1438408704,1450205184,1491095552
4828.6,1438408704,1450205184,1491095552
4829.6,1438408704,1450205184,1491095552
4830.6,1438408704,1450205184,1491095552
4831.6,1438408704,1450205184,1491095552
4832.6,1438408704,1450205184,1491095552
4833.6,1438408704,1450205184,1491095552
4834.6,1438408704,1450205184,1491095552
4835.7,1438408704,1450205184,1491095552
4836.7,1438408704,1450205184,1491095552
4837.7,1438408704,1450205184,1491095552
4838.7,1438408704,1450205184,1491095552
4839.7,1438408704,1450205184,1491095552
4840.7,1438408704,1450205184,1491095552
4841.7,1438408704,1450205184,1491095552
4842.7,1438408704,1450205184,1491095552
4843.8,1438408704,1450205184,1491095552
4844.8,1438408704,1450205184,1491095552
4845.8,1438408704,1450205184,1491095552
4846.8,1438408704,1450205184,1491095552
4847.8,1438408704,1450205184,1491095552
4848.8,1438408704,1450205184,1491095552
4849.8,1438408704,1450205184,1491095552
4850.8,1438408704,1450205184,1491095552
4851.9,1438408704,1450205184,1491095552
4852.9,1438408704,1450205184,1491095552
4853.9,1438408704,1450205184,1491095552
4854.9,1438408704,1450205184,1491095552
4855.9,1438408704,1450205184,1491095552
4856.9,1438408704,1450205184,1491095552
4857.9,1438408704,1450205184,1491095552
4858.9,1438408704,1450205184,1491095552
4860.0,1438408704,1450205184,1491095552
4861.0,1438408704,1450205184,1491095552
4862.0,1438408704,1450205184,1491095552
4863.0,1438408704,1450205184,1491095552
4864.0,1438408704,1450205184,1491095552
4865.0,1438408704,1450205184,1491095552
4866.1,1438408704,1450205184,1491095552
4867.1,1438408704,1450205184,1491095552
4868.1,1438408704,1450205184,1491095552
4869.1,1438408704,1450205184,1491095552
4870.1,1438408704,1450205184,1491095552
4871.1,1438408704,1450205184,1491095552
4872.1,1438408704,1450205184,1491095552
4873.2,1438408704,1450205184,1491095552
4874.2,1438408704,1450205184,1491095552
4875.2,1438408704,1450205184,1491095552
4876.2,1438408704,1450205184,1491095552
4877.3,1438408704,1450205184,1491095552
4878.3,1438408704,1450205184,1491095552
4879.3,1438408704,1450205184,1491095552
4880.3,1438408704,1450205184,1491095552
4881.3,1438408704,1450205184,1491095552
4882.3,1438408704,1450205184,1491095552
4883.3,1438408704,1450205184,1491095552
4884.3,1438408704,1450205184,1491095552
4885.4,1438408704,1450205184,1491095552
4886.4,1438408704,1450205184,1491095552
4887.4,1438408704,1450205184,1491095552
4888.4,1438408704,1450205184,1491095552
4889.4,1438408704,1450205184,1491095552
4890.4,1438408704,1450205184,1491095552
4891.4,1438408704,1450205184,1491095552
4892.5,1438408704,1450205184,1491095552
4893.5,1438408704,1450205184,1491095552
4894.5,1438408704,1450205184,1491095552
4895.5,1438408704,1450205184,1491095552
4896.5,1438408704,1450205184,1491095552
4897.5,1438408704,1450205184,1491095552
4898.5,1438408704,1450205184,1491095552
4899.5,1438408704,1450205184,1491095552
4900.6,1438408704,1450205184,1491095552
4901.6,1438408704,1450205184,1491095552
4902.6,1438408704,1450205184,1491095552
4903.6,1438408704,1450205184,1491095552
4904.6,1438408704,1450205184,1491095552
4905.6,1438408704,1450205184,1491095552
4906.6,1438408704,1450205184,1491095552
4907.6,1438408704,1450205184,1491095552
4908.7,1438408704,1450205184,1491095552
4909.7,1438408704,1450205184,1491095552
4910.7,1438408704,1450205184,1491095552
4911.7,1438408704,1450205184,1491095552
4912.7,1438408704,1450205184,1491095552
4913.7,1438408704,1450205184,1491095552
4914.7,1438408704,1450205184,1491095552
4915.7,1438408704,1450205184,1491095552
4916.8,1438408704,1450205184,1491095552
4917.8,1438408704,1450205184,1491095552
4918.8,1438408704,1450205184,1491095552
4919.8,1438408704,1450205184,1491095552
4920.8,1438408704,1450205184,1491095552
4921.8,1438408704,1450205184,1491095552
4922.8,1438408704,1450205184,1491095552
4923.8,1438408704,1450205184,1491095552
4924.9,1438408704,1450205184,1491095552
4925.9,1438408704,1450205184,1491095552
4926.9,1438408704,1450205184,1491095552
4927.9,1438408704,1450205184,1491095552
4928.9,1438408704,1450205184,1491095552
4929.9,1438408704,1450205184,1491095552
4930.9,1438408704,1450205184,1491095552
4931.9,1438408704,1450205184,1491095552
4933.0,1438408704,1450205184,1491095552
4934.0,1438408704,1450205184,1491095552
4935.0,1438408704,1450205184,1491095552
4936.0,1438408704,1450205184,1491095552
4937.0,1438408704,1450205184,1491095552
4938.0,1438408704,1450205184,1491095552
4939.0,1438408704,1450205184,1491095552
4940.1,1438408704,1450205184,1491095552
4941.1,1438408704,1450205184,1491095552
4942.1,1438408704,1450205184,1491095552
4943.1,1438408704,1450205184,1491095552
4944.1,1438408704,1450205184,1491095552
4945.1,1438408704,1450205184,1491095552
4946.1,1438408704,1450205184,1491095552
4947.1,1438408704,1450205184,1491095552
4948.2,1438408704,1450205184,1491095552
4949.2,1438408704,1450205184,1491095552
4950.2,1438408704,1450205184,1491095552
4951.2,1438408704,1450205184,1491095552
4952.2,1438408704,1450205184,1491095552
4953.2,1438408704,1450205184,1491095552
4954.2,1438408704,1450205184,1491095552
4955.2,1438408704,1450205184,1491095552
4956.3,1438408704,1450205184,1491095552
4957.3,1438408704,1450205184,1491095552
4958.3,1438408704,1450205184,1491095552
4959.3,1438408704,1450205184,1491095552
4960.3,1438408704,1450205184,1491095552
4961.3,1438408704,1450205184,1491095552
4962.3,1438408704,1450205184,1491095552
4963.3,1438408704,1450205184,1491095552
4964.4,1438408704,1450205184,1491095552
4965.4,1438408704,1450205184,1491095552
4966.4,1438408704,1450205184,1491095552
4967.4,1438408704,1450205184,1491095552
4968.4,1438408704,1450205184,1491095552
4969.4,1438408704,1450205184,1491095552
4970.4,1438408704,1450205184,1491095552
4971.5,1438408704,1450205184,1491095552
4972.5,1438408704,1450205184,1491095552
4973.5,1438408704,1450205184,1491095552
4974.5,1438408704,1450205184,1491095552
4975.5,1438408704,1450205184,1491095552
4976.5,1438408704,1450205184,1491095552
4977.5,1438408704,1450205184,1491095552
4978.6,1438408704,1450205184,1491095552
4979.6,1438408704,1450205184,1491095552
4980.6,1438408704,1450205184,1491095552
4981.6,1438408704,1450205184,1491095552
4982.6,1438408704,1450205184,1491095552
4983.6,1438408704,1450205184,1491095552
4984.6,1438408704,1450205184,1491095552
4985.6,1438408704,1450205184,1491095552
4986.7,1438408704,1450205184,1491095552
4987.7,1438408704,1450205184,1491095552
4988.7,1438408704,1450205184,1491095552
4989.7,1438408704,1450205184,1491095552
4990.7,1438408704,1450205184,1491095552
4991.7,1438408704,1450205184,1491095552
4992.7,1438408704,1450205184,1491095552
4993.7,1438408704,1450205184,1491095552
4994.8,1438408704,1450205184,1491095552
4995.8,1438408704,1450205184,1491095552
4996.8,1438408704,1450205184,1491095552
4997.8,1438408704,1450205184,1491095552
4998.8,1438408704,1450205184,1491095552
4999.8,1438408704,1450205184,1491095552
5000.8,1438408704,1450205184,1491095552
5001.8,1438408704,1450205184,1491095552
5002.9,1438408704,1450205184,1491095552
5003.9,1438408704,1450205184,1491095552
5004.9,1438408704,1450205184,1491095552
5005.9,1438408704,1450205184,1491095552
5006.9,1438408704,1450205184,1491095552
5007.9,1438408704,1450205184,1491095552
5008.9,1438408704,1450205184,1491095552
5010.0,1438408704,1450205184,1491095552
5011.0,1438408704,1450205184,1491095552
5012.0,1438408704,1450205184,1491095552
5013.0,1438408704,1450205184,1491095552
5014.0,1438408704,1450205184,1491095552
5015.0,1438408704,1450205184,1491095552
5016.0,1438408704,1450205184,1491095552
5017.0,1438408704,1450205184,1491095552
5018.1,1438408704,1450205184,1491095552
5019.1,1438408704,1450205184,1491095552
5020.1,1438408704,1450205184,1491095552
5021.1,1438408704,1450205184,1491095552
5022.1,1438408704,1450205184,1491095552
5023.1,1438408704,1450205184,1491095552
5024.1,1438408704,1450205184,1491095552
5025.1,1438408704,1450205184,1491095552
5026.1,1438408704,1450205184,1491095552
5027.2,1438408704,1450205184,1491095552
5028.2,1438408704,1450205184,1491095552
5029.2,1438408704,1450205184,1491095552
5030.2,1438408704,1450205184,1491095552
5031.2,1438408704,1450205184,1491095552
5032.2,1438408704,1450205184,1491095552
5033.2,1438408704,1450205184,1491095552
5034.2,1438408704,1450205184,1491095552
5035.3,1438408704,1450205184,1491095552
5036.3,1438408704,1450205184,1491095552
5037.3,1438408704,1450205184,1491095552
5038.3,1438408704,1450205184,1491095552
5039.3,1438408704,1450205184,1491095552
5040.3,1438408704,1450205184,1491095552
5041.3,1438408704,1450205184,1491095552
5042.3,1438408704,1450205184,1491095552
5043.4,1438408704,1450205184,1491095552
5044.4,1438408704,1450205184,1491095552
5045.4,1438408704,1450205184,1491095552
5046.4,1438408704,1450205184,1491095552
5047.4,1438408704,1450205184,1491095552
5048.4,1438408704,1450205184,1491095552
5049.4,1438408704,1450205184,1491095552
5050.5,1438408704,1450205184,1491095552
5051.5,1438408704,1450205184,1491095552
5052.5,1438408704,1450205184,1491095552
5053.5,1438408704,1450205184,1491095552
5054.5,1438408704,1450205184,1491095552
5055.5,1438408704,1450205184,1491095552
5056.5,1438408704,1450205184,1491095552
5057.5,1438408704,1450205184,1491095552
5058.6,1438408704,1450205184,1491095552
5059.6,1438408704,1450205184,1491095552
5060.6,1438408704,1450205184,1491095552
5061.6,1438408704,1450205184,1491095552
5062.6,1438408704,1450205184,1491095552
5063.6,1438408704,1450205184,1491095552
5064.6,1438408704,1450205184,1491095552
5065.6,1438408704,1450205184,1491095552
5066.7,1438408704,1450205184,1491095552
5067.7,1438408704,1450205184,1491095552
5068.7,1438408704,1450205184,1491095552
5069.7,1438408704,1450205184,1491095552
5070.7,1438408704,1450205184,1491095552
5071.7,1438408704,1450205184,1491095552
5072.7,1438408704,1450205184,1491095552
5073.7,1438408704,1450205184,1491095552
5074.8,1438408704,1450205184,1491095552
5075.8,1438408704,1450205184,1491095552
5076.8,1438408704,1450205184,1491095552
5077.8,1438408704,1450205184,1491095552
5078.8,1438408704,1450205184,1491095552
5079.8,1438408704,1450205184,1491095552
5080.8,1438408704,1450205184,1491095552
5081.8,1438408704,1450205184,1491095552
5082.9,1438408704,1450205184,1491095552
5083.9,1438408704,1450205184,1491095552
5084.9,1438408704,1450205184,1491095552
5085.9,1438408704,1450205184,1491095552
5086.9,1438408704,1450205184,1491095552
5087.9,1438408704,1450205184,1491095552
5089.0,1438408704,1450205184,1491095552
5090.0,1438408704,1450205184,1491095552
5091.0,1438408704,1450205184,1491095552
5092.0,1438408704,1450205184,1491095552
5093.0,1438408704,1450205184,1491095552
5094.0,1438408704,1450205184,1491095552
5095.0,1438408704,1450205184,1491095552
5096.1,1438408704,1450205184,1491095552
5097.1,1438408704,1450205184,1491095552
5098.1,1438408704,1450205184,1491095552
5099.1,1438408704,1450205184,1491095552
5100.1,1438408704,1450205184,1491095552
5101.1,1438408704,1450205184,1491095552
5102.2,1438408704,1450205184,1491095552
5103.2,1438408704,1450205184,1491095552
5104.2,1438408704,1450205184,1491095552
5105.2,1438408704,1450205184,1491095552
5106.2,1438408704,1450205184,1491095552
5107.2,1438408704,1450205184,1491095552
5108.2,1438408704,1450205184,1491095552
5109.2,1438408704,1450205184,1491095552
5110.3,1438408704,1450205184,1491095552
5111.3,1438408704,1450205184,1491095552
5112.3,1438408704,1450205184,1491095552
5113.3,1438408704,1450205184,1491095552
5114.3,1438408704,1450205184,1491095552
5115.3,1438408704,1450205184,1491095552
5116.3,1438408704,1450205184,1491095552
5117.4,1438408704,1450205184,1491095552
5118.4,1438408704,1450205184,1491095552
5119.4,1438408704,1450205184,1491095552
5120.4,1438408704,1450205184,1491095552
5121.4,1438408704,1450205184,1491095552
5122.4,1438408704,1450205184,1491095552
5123.4,1438408704,1450205184,1491095552
5124.4,1438408704,1450205184,1491095552
5125.5,1438408704,1450205184,1491095552
5126.5,1438408704,1450205184,1491095552
5127.5,1438408704,1450205184,1491095552
5128.5,1438408704,1450205184,1491095552
5129.5,1438408704,1450205184,1491095552
5130.5,1438408704,1450205184,1491095552
5131.5,1438408704,1450205184,1491095552
5132.6,1438408704,1450205184,1491095552
5133.6,1438408704,1450205184,1491095552
5134.6,1438408704,1450205184,1491095552
5135.6,1438408704,1450205184,1491095552
5136.6,1438408704,1450205184,1491095552
5137.6,1438408704,1450205184,1491095552
5138.6,1438408704,1450205184,1491095552
5139.6,1438408704,1450205184,1491095552
5140.7,1438408704,1450205184,1491095552
5141.7,1438408704,1450205184,1491095552
5142.7,1438408704,1450205184,1491095552
5143.7,1438408704,1450205184,1491095552
5144.7,1438408704,1450205184,1491095552
5145.7,1438408704,1450205184,1491095552
5146.8,1438408704,1450205184,1491095552
5147.8,1438408704,1450205184,1491095552
5148.8,1438408704,1450205184,1491095552
5149.8,1438408704,1450205184,1491095552
5150.8,1438408704,1450205184,1491095552
5151.8,1438408704,1450205184,1491095552
5152.8,1438408704,1450205184,1491095552
5153.8,1438408704,1450205184,1491095552
5154.9,1438408704,1450205184,1491095552
5155.9,1438408704,1450205184,1491095552
5156.9,1438408704,1450205184,1491095552
5157.9,1438408704,1450205184,1491095552
5158.9,1438408704,1450205184,1491095552
5159.9,1438408704,1450205184,1491095552
5160.9,1438408704,1450205184,1491095552
5161.9,1438408704,1450205184,1491095552
5163.0,1438408704,1450205184,1491095552
5164.0,1438408704,1450205184,1491095552
5165.0,1438408704,1450205184,1491095552
5166.0,1438408704,1450205184,1491095552
5167.0,1438408704,1450205184,1491095552
5168.0,1438408704,1450205184,1491095552
5169.1,1438408704,1450205184,1491095552
5170.1,1438408704,1450205184,1491095552
5171.1,1438408704,1450205184,1491095552
5172.1,1438408704,1450205184,1491095552
5173.1,1438408704,1450205184,1491095552
5174.1,1438408704,1450205184,1491095552
5175.1,1438408704,1450205184,1491095552
5176.1,1438408704,1450205184,1491095552
5177.2,1438408704,1450205184,1491095552
5178.2,1438408704,1450205184,1491095552
5179.2,1438408704,1450205184,1491095552
5180.2,1438408704,1450205184,1491095552
5181.2,1438408704,1450205184,1491095552
5182.2,1438408704,1450205184,1491095552
5183.2,1438408704,1450205184,1491095552
5184.3,1438408704,1450205184,1491095552
5185.3,1438408704,1450205184,1491095552
5186.3,1438408704,1450205184,1491095552
5187.3,1438408704,1450205184,1491095552
5188.3,1438408704,1450205184,1491095552
5189.3,1438408704,1450205184,1491095552
5190.3,1438408704,1450205184,1491095552
5191.4,1438408704,1450205184,1491095552
5192.4,1438408704,1450205184,1491095552
5193.4,1438408704,1450205184,1491095552
5194.4,1438408704,1450205184,1491095552
5195.4,1438408704,1450205184,1491095552
5196.4,1438408704,1450205184,1491095552
5197.4,1438408704,1450205184,1491095552
5198.4,1438408704,1450205184,1491095552
5199.5,1438408704,1450205184,1491095552
5200.5,1438408704,1450205184,1491095552
5201.5,1438408704,1450205184,1491095552
5202.5,1438408704,1450205184,1491095552
5203.5,1438408704,1450205184,1491095552
5204.5,1438408704,1450205184,1491095552
5205.5,1438408704,1450205184,1491095552
5206.6,1438408704,1450205184,1491095552
5207.6,1438408704,1450205184,1491095552
5208.6,1438408704,1450205184,1491095552
5209.6,1438408704,1450205184,1491095552
5210.6,1438408704,1450205184,1491095552
5211.6,1438408704,1450205184,1491095552
5212.6,1438408704,1450205184,1491095552
5213.6,1438408704,1450205184,1491095552
5214.7,1438408704,1450205184,1491095552
5215.7,1438408704,1450205184,1491095552
5216.7,1438408704,1450205184,1491095552
5217.7,1438408704,1450205184,1491095552
5218.7,1438408704,1450205184,1491095552
5219.7,1438408704,1450205184,1491095552
5220.7,1438408704,1450205184,1491095552
5221.7,1438408704,1450205184,1491095552
5222.8,1438408704,1450205184,1491095552
5223.8,1438408704,1450205184,1491095552
5224.8,1438408704,1450205184,1491095552
5225.8,1438408704,1450205184,1491095552
5226.8,1438408704,1450205184,1491095552
5227.8,1438408704,1450205184,1491095552
5228.8,1438408704,1450205184,1491095552
5229.9,1438408704,1450205184,1491095552
5230.9,1438408704,1450205184,1491095552
5231.9,1438408704,1450205184,1491095552
5232.9,1438408704,1450205184,1491095552
5233.9,1438408704,1450205184,1491095552
5234.9,1438408704,1450205184,1491095552
5235.9,1438408704,1450205184,1491095552
5237.0,1438408704,1450205184,1491095552
5238.0,1438408704,1450205184,1491095552
5239.0,1438408704,1450205184,1491095552
5240.0,1438408704,1450205184,1491095552
5241.0,1438408704,1450205184,1491095552
5242.0,1438408704,1450205184,1491095552
5243.0,1438408704,1450205184,1491095552
5244.0,1438408704,1450205184,1491095552
5245.1,1438408704,1450205184,1491095552
5246.1,1438408704,1450205184,1491095552
5247.1,1438408704,1450205184,1491095552
5248.1,1438408704,1450205184,1491095552
5249.1,1438408704,1450205184,1491095552
5250.1,1438408704,1450205184,1491095552
5251.1,1438408704,1450205184,1491095552
5252.1,1438408704,1450205184,1491095552
5253.2,1438408704,1450205184,1491095552
5254.2,1438408704,1450205184,1491095552
5255.2,1438408704,1450205184,1491095552
5256.2,1438408704,1450205184,1491095552
5257.2,1438408704,1450205184,1491095552
5258.2,1438408704,1450205184,1491095552
5259.3,1438408704,1450205184,1491095552
5260.3,1438408704,1450205184,1491095552
5261.3,1438408704,1450205184,1491095552
5262.3,1438408704,1450205184,1491095552
5263.3,1438408704,1450205184,1491095552
5264.3,1438408704,1450205184,1491095552
5265.3,1438408704,1450205184,1491095552
5266.3,1438408704,1450205184,1491095552
5267.4,1438408704,1450205184,1491095552
5268.4,1438408704,1450205184,1491095552
5269.4,1438408704,1450205184,1491095552
5270.4,1438408704,1450205184,1491095552
5271.4,1438408704,1450205184,1491095552
5272.4,1438408704,1450205184,1491095552
5273.4,1438408704,1450205184,1491095552
5274.5,1438408704,1450205184,1491095552
5275.5,1438408704,1450205184,1491095552
5276.5,1438408704,1450205184,1491095552
5277.5,1438408704,1450205184,1491095552
5278.5,1438408704,1450205184,1491095552
5279.5,1438408704,1450205184,1491095552
5280.5,1438408704,1450205184,1491095552
5281.5,1438408704,1450205184,1491095552
5282.5,1438408704,1450205184,1491095552
5283.6,1438408704,1450205184,1491095552
5284.6,1438408704,1450205184,1491095552
5285.6,1438408704,1450205184,1491095552
5286.6,1438408704,1450205184,1491095552
5287.6,1438408704,1450205184,1491095552
5288.6,1438408704,1450205184,1491095552
5289.6,1438408704,1450205184,1491095552
5290.7,1438408704,1450205184,1491095552
5291.7,1438408704,1450205184,1491095552
5292.7,1438408704,1450205184,1491095552
5293.7,1438408704,1450205184,1491095552
5294.7,1438408704,1450205184,1491095552
5295.7,1438408704,1450205184,1491095552
5296.7,1438408704,1450205184,1491095552
5297.8,1438408704,1450205184,1491095552
5298.8,1438408704,1450205184,1491095552
5299.8,1438408704,1450205184,1491095552
5300.8,1438408704,1450205184,1491095552
5301.8,1438408704,1450205184,1491095552
5302.8,1438408704,1450205184,1491095552
5303.8,1438408704,1450205184,1491095552
5304.9,1438408704,1450205184,1491095552
5305.9,1438408704,1450205184,1491095552
5306.9,1438408704,1450205184,1491095552
5307.9,1438408704,1450205184,1491095552
5308.9,1438408704,1450205184,1491095552
5309.9,1438408704,1450205184,1491095552
5310.9,1438408704,1450205184,1491095552
5311.9,1438408704,1450205184,1491095552
5313.0,1438408704,1450205184,1491095552
5314.0,1438408704,1450205184,1491095552
5315.0,1438408704,1450205184,1491095552
5316.0,1438408704,1450205184,1491095552
5317.0,1438408704,1450205184,1491095552
5318.0,1438408704,1450205184,1491095552
5319.0,1438408704,1450205184,1491095552
5320.1,1438408704,1450205184,1491095552
5321.1,1438408704,1450205184,1491095552
5322.1,1438408704,1450205184,1491095552
5323.1,1438408704,1450205184,1491095552
5324.1,1438408704,1450205184,1491095552
5325.1,1438408704,1450205184,1491095552
5326.1,1438408704,1450205184,1491095552
5327.1,1438408704,1450205184,1491095552
5328.2,1438408704,1450205184,1491095552
5329.2,1438408704,1450205184,1491095552
5330.2,1438408704,1450205184,1491095552
5331.2,1438408704,1450205184,1491095552
5332.2,1438408704,1450205184,1491095552
5333.2,1438408704,1450205184,1491095552
5334.2,1438408704,1450205184,1491095552
5335.3,1438408704,1450205184,1491095552
5336.3,1438408704,1450205184,1491095552
5337.3,1438408704,1450205184,1491095552
5338.3,1438408704,1450205184,1491095552
5339.3,1438408704,1450205184,1491095552
5340.3,1438408704,1450205184,1491095552
5341.3,1438408704,1450205184,1491095552
5342.4,1438408704,1450205184,1491095552
5343.4,1438408704,1450205184,1491095552
5344.4,1438408704,1450205184,1491095552
5345.4,1438408704,1450205184,1491095552
5346.4,1438408704,1450205184,1491095552
5347.4,1438408704,1450205184,1491095552
5348.4,1438408704,1450205184,1491095552
5349.5,1438408704,1450205184,1491095552
5350.5,1438408704,1450205184,1491095552
5351.5,1438408704,1450205184,1491095552
5352.5,1438408704,1450205184,1491095552
5353.5,1438408704,1450205184,1491095552
5354.5,1438408704,1450205184,1491095552
5355.5,1438408704,1450205184,1491095552
5356.6,1438408704,1450205184,1491095552
5357.6,1438408704,1450205184,1491095552
5358.6,1438408704,1450205184,1491095552
5359.6,1438408704,1450205184,1491095552
5360.6,1438408704,1450205184,1491095552
5361.6,1438408704,1450205184,1491095552
5362.6,1438408704,1450205184,1491095552
5363.6,1438408704,1450205184,1491095552
5364.7,1438408704,1450205184,1491095552
5365.7,1438408704,1450205184,1491095552
5366.7,1438408704,1450205184,1491095552
5367.7,1438408704,1450205184,1491095552
5368.7,1438408704,1450205184,1491095552
5369.7,1438408704,1450205184,1491095552
5370.7,1438408704,1450205184,1491095552
5371.8,1438408704,1450205184,1491095552
5372.8,1438408704,1450205184,1491095552
5373.8,1438408704,1450205184,1491095552
5374.8,1438408704,1450205184,1491095552
5375.8,1438408704,1450205184,1491095552
5376.8,1438408704,1450205184,1491095552
5377.8,1438408704,1450205184,1491095552
5378.9,1438408704,1450205184,1491095552
5379.9,1438408704,1450205184,1491095552
5380.9,1438408704,1450205184,1491095552
5381.9,1438408704,1450205184,1491095552
5382.9,1438408704,1450205184,1491095552
5383.9,1438408704,1450205184,1491095552
5385.0,1438408704,1450205184,1491095552
5386.0,1438408704,1450205184,1491095552
5387.0,1438408704,1450205184,1491095552
5388.0,1438408704,1450205184,1491095552
5389.0,1438408704,1450205184,1491095552
5390.0,1438408704,1450205184,1491095552
5391.0,1438408704,1450205184,1491095552
5392.1,1438408704,1450205184,1491095552
5393.1,1438408704,1450205184,1491095552
5394.1,1438408704,1450205184,1491095552
5395.1,1438408704,1450205184,1491095552
5396.1,1438408704,1450205184,1491095552
5397.1,1438408704,1450205184,1491095552
5398.2,1438408704,1450205184,1491095552
5399.2,1438408704,1450205184,1491095552
5400.2,1438408704,1450205184,1491095552
5401.2,1438408704,1450205184,1491095552
5402.2,1438408704,1450205184,1491095552
5403.2,1438408704,1450205184,1491095552
5404.3,1438408704,1450205184,1491095552
5405.3,1438408704,1450205184,1491095552
5406.3,1438408704,1450205184,1491095552
5407.3,1438408704,1450205184,1491095552
5408.3,1438408704,1450205184,1491095552
5409.3,1438408704,1450205184,1491095552
5410.3,1438408704,1450205184,1491095552
5411.4,1438408704,1450205184,1491095552
5412.4,1438408704,1450205184,1491095552
5413.4,1438408704,1450205184,1491095552
5414.4,1438408704,1450205184,1491095552
5415.4,1438408704,1450205184,1491095552
5416.4,1438408704,1450205184,1491095552
5417.4,1438408704,1450205184,1491095552
5418.5,1438408704,1450205184,1491095552
5419.5,1438408704,1450205184,1491095552
5420.5,1438408704,1450205184,1491095552
5421.5,1438408704,1450205184,1491095552
5422.5,1438408704,1450205184,1491095552
5423.5,1438408704,1450205184,1491095552
5424.6,1438408704,1450205184,1491095552
5425.6,1438408704,1450205184,1491095552
5426.6,1438408704,1450205184,1491095552
5427.6,1438408704,1450205184,1491095552
5428.6,1438408704,1450205184,1491095552
5429.6,1438408704,1450205184,1491095552
5430.6,1438408704,1450205184,1491095552
5431.7,1438408704,1450205184,1491095552
5432.7,1438408704,1450205184,1491095552
5433.7,1438408704,1450205184,1491095552
5434.7,1438408704,1450205184,1491095552
5435.7,1438408704,1450205184,1491095552
5436.7,1438408704,1450205184,1491095552
5437.8,1438408704,1450205184,1491095552
5438.8,1438408704,1450205184,1491095552
5439.8,1438408704,1450205184,1491095552
5440.8,1438408704,1450205184,1491095552
5441.8,1438408704,1450205184,1491095552
5442.8,1438408704,1450205184,1491095552
5443.8,1438408704,1450205184,1491095552
5444.8,1438408704,1450205184,1491095552
5445.8,1438408704,1450205184,1491095552
5446.9,1438408704,1450205184,1491095552
5447.9,1438408704,1450205184,1491095552
5448.9,1438408704,1450205184,1491095552
5449.9,1438408704,1450205184,1491095552
5450.9,1438408704,1450205184,1491095552
5451.9,1438408704,1450205184,1491095552
5452.9,1438408704,1450205184,1491095552
5453.9,1438408704,1450205184,1491095552
5454.9,1438408704,1450205184,1491095552
5456.0,1438408704,1450205184,1491095552
5457.0,1438408704,1450205184,1491095552
5458.0,1438408704,1450205184,1491095552
5459.0,1438408704,1450205184,1491095552
5460.0,1438408704,1450205184,1491095552
5461.0,1438408704,1450205184,1491095552
5462.1,1438408704,1450205184,1491095552
5463.1,1438408704,1450205184,1491095552
5464.1,1438408704,1450205184,1491095552
5465.1,1438408704,1450205184,1491095552
5466.1,1438408704,1450205184,1491095552
5467.1,1438408704,1450205184,1491095552
5468.1,1438408704,1450205184,1491095552
5469.2,1438408704,1450205184,1491095552
5470.2,1438408704,1450205184,1491095552
5471.2,1438408704,1450205184,1491095552
5472.2,1438408704,1450205184,1491095552
5473.2,1438408704,1450205184,1491095552
5474.2,1438408704,1450205184,1491095552
5475.2,1438408704,1450205184,1491095552
5476.3,1438408704,1450205184,1491095552
5477.3,1438408704,1450205184,1491095552
5478.3,1438408704,1450205184,1491095552
5479.3,1438408704,1450205184,1491095552
5480.3,1438408704,1450205184,1491095552
5481.3,1438408704,1450205184,1491095552
5482.3,1438408704,1450205184,1491095552
5483.4,1438408704,1450205184,1491095552
5484.4,1438408704,1450205184,1491095552
5485.4,1438408704,1450205184,1491095552
5486.4,1438408704,1450205184,1491095552
5487.4,1438408704,1450205184,1491095552
5488.4,1438408704,1450205184,1491095552
5489.4,1438408704,1450205184,1491095552
5490.5,1438408704,1450205184,1491095552
5491.5,1438408704,1450205184,1491095552
5492.5,1438408704,1450205184,1491095552
5493.5,1438408704,1450205184,1491095552
5494.5,1438408704,1450205184,1491095552
5495.5,1438408704,1450205184,1491095552
5496.6,1438408704,1450205184,1491095552
5497.6,1438408704,1450205184,1491095552
5498.6,1438408704,1450205184,1491095552
5499.6,1438408704,1450205184,1491095552
5500.6,1438408704,1450205184,1491095552
5501.6,1438408704,1450205184,1491095552
5502.6,1438408704,1450205184,1491095552
5503.7,1438408704,1450205184,1491095552
5504.7,1438408704,1450205184,1491095552
5505.7,1438408704,1450205184,1491095552
5506.7,1438408704,1450205184,1491095552
5507.7,1438408704,1450205184,1491095552
5508.7,1438408704,1450205184,1491095552
5509.7,1438408704,1450205184,1491095552
5510.8,1438408704,1450205184,1491095552
5511.8,1438408704,1450205184,1491095552
5512.8,1438408704,1450205184,1491095552
5513.8,1438408704,1450205184,1491095552
5514.8,1438408704,1450205184,1491095552
5515.8,1438408704,1450205184,1491095552
5516.8,1438408704,1450205184,1491095552
5517.9,1438408704,1450205184,1491095552
5518.9,1438408704,1450205184,1491095552
5519.9,1438408704,1450205184,1491095552
5520.9,1438408704,1450205184,1491095552
5521.9,1438408704,1450205184,1491095552
5522.9,1438408704,1450205184,1491095552
5523.9,1438408704,1450205184,1491095552
5525.0,1438408704,1450205184,1491095552
5526.0,1438408704,1450205184,1491095552
5527.0,1438408704,1450205184,1491095552
5528.0,1438408704,1450205184,1491095552
5529.0,1438408704,1450205184,1491095552
5530.0,1438408704,1450205184,1491095552
5531.0,1438408704,1450205184,1491095552
5532.1,1438408704,1450205184,1491095552
5533.1,1438408704,1450205184,1491095552
5534.1,1438408704,1450205184,1491095552
5535.1,1438408704,1450205184,1491095552
5536.1,1438408704,1450205184,1491095552
5537.1,1438408704,1450205184,1491095552
5538.1,1438408704,1450205184,1491095552
5539.2,1438408704,1450205184,1491095552
5540.2,1438408704,1450205184,1491095552
5541.2,1438408704,1450205184,1491095552
5542.2,1438408704,1450205184,1491095552
5543.2,1438408704,1450205184,1491095552
5544.2,1438408704,1450205184,1491095552
5545.2,1438408704,1450205184,1491095552
5546.2,1438408704,1450205184,1491095552
5547.3,1438408704,1450205184,1491095552
5548.3,1438408704,1450205184,1491095552
5549.3,1438408704,1450205184,1491095552
5550.3,1438408704,1450205184,1491095552
5551.3,1438408704,1450205184,1491095552
5552.3,1438408704,1450205184,1491095552
5553.3,1438408704,1450205184,1491095552
5554.4,1438408704,1450205184,1491095552
5555.4,1438408704,1450205184,1491095552
5556.4,1438408704,1450205184,1491095552
5557.4,1438408704,1450205184,1491095552
5558.4,1438408704,1450205184,1491095552
5559.4,1438408704,1450205184,1491095552
5560.4,1438408704,1450205184,1491095552
5561.5,1438408704,1450205184,1491095552
5562.5,1438408704,1450205184,1491095552
5563.5,1438408704,1450205184,1491095552
5564.5,1438408704,1450205184,1491095552
5565.5,1438408704,1450205184,1491095552
5566.5,1438408704,1450205184,1491095552
5567.5,1438408704,1450205184,1491095552
5568.6,1438408704,1450205184,1491095552
5569.6,1438408704,1450205184,1491095552
5570.6,1438408704,1450205184,1491095552
5571.6,1438408704,1450205184,1491095552
5572.6,1438408704,1450205184,1491095552
5573.6,1438408704,1450205184,1491095552
5574.6,1438408704,1450205184,1491095552
5575.7,1438408704,1450205184,1491095552
5576.7,1438408704,1450205184,1491095552
5577.7,1438408704,1450205184,1491095552
5578.7,1438408704,1450205184,1491095552
5579.7,1438408704,1450205184,1491095552
5580.7,1438408704,1450205184,1491095552
5581.7,1438408704,1450205184,1491095552
5582.7,1438408704,1450205184,1491095552
5583.8,1438408704,1450205184,1491095552
5584.8,1438408704,1450205184,1491095552
5585.8,1438408704,1450205184,1491095552
5586.8,1438408704,1450205184,1491095552
5587.8,1438408704,1450205184,1491095552
5588.8,1438408704,1450205184,1491095552
5589.8,1438408704,1450205184,1491095552
5590.9,1438408704,1450205184,1491095552
5591.9,1438408704,1450205184,1491095552
5592.9,1438408704,1450205184,1491095552
5593.9,1438408704,1450205184,1491095552
5594.9,1438408704,1450205184,1491095552
5595.9,1438408704,1450205184,1491095552
5596.9,1438408704,1450205184,1491095552
5598.0,1438408704,1450205184,1491095552
5599.0,1438408704,1450205184,1491095552
5600.0,1438408704,1450205184,1491095552
5601.0,1438408704,1450205184,1491095552
5602.0,1438408704,1450205184,1491095552
5603.0,1438408704,1450205184,1491095552
5604.0,1438408704,1450205184,1491095552
5605.1,1438408704,1450205184,1491095552
5606.1,1438408704,1450205184,1491095552
5607.1,1438408704,1450205184,1491095552
5608.1,1438408704,1450205184,1491095552
5609.1,1438408704,1450205184,1491095552
5610.1,1438408704,1450205184,1491095552
5611.1,1438408704,1450205184,1491095552
5612.1,1438408704,1450205184,1491095552
5613.2,1438408704,1450205184,1491095552
5614.2,1438408704,1450205184,1491095552
5615.2,1438408704,1450205184,1491095552
5616.2,1438408704,1450205184,1491095552
5617.2,1438408704,1450205184,1491095552
5618.2,1438408704,1450205184,1491095552
5619.2,1438408704,1450205184,1491095552
5620.3,1438408704,1450205184,1491095552
5621.3,1438408704,1450205184,1491095552
5622.3,1438408704,1450205184,1491095552
5623.3,1438408704,1450205184,1491095552
5624.3,1438408704,1450205184,1491095552
5625.3,1438408704,1450205184,1491095552
5626.3,1438408704,1450205184,1491095552
5627.4,1438408704,1450205184,1491095552
5628.4,1438408704,1450205184,1491095552
5629.4,1438408704,1450205184,1491095552
5630.4,1438408704,1450205184,1491095552
5631.4,1438408704,1450205184,1491095552
5632.4,1438408704,1450205184,1491095552
5633.4,1438408704,1450205184,1491095552
5634.4,1438408704,1450205184,1491095552
5635.5,1438408704,1450205184,1491095552
5636.5,1438408704,1450205184,1491095552
5637.5,1438408704,1450205184,1491095552
5638.5,1438408704,1450205184,1491095552
5639.5,1438408704,1450205184,1491095552
5640.5,1438408704,1450205184,1491095552
5641.5,1438408704,1450205184,1491095552
5642.5,1438408704,1450205184,1491095552
5643.6,1438408704,1450205184,1491095552
5644.6,1438408704,1450205184,1491095552
5645.6,1438408704,1450205184,1491095552
5646.6,1438408704,1450205184,1491095552
5647.6,1438408704,1450205184,1491095552
5648.6,1438408704,1450205184,1491095552
5649.7,1438408704,1450205184,1491095552
5650.7,1438408704,1450205184,1491095552
5651.7,1438408704,1450205184,1491095552
5652.7,1438408704,1450205184,1491095552
5653.7,1438408704,1450205184,1491095552
5654.7,1438408704,1450205184,1491095552
5655.7,1438408704,1450205184,1491095552
5656.7,1438408704,1450205184,1491095552
5657.8,1438408704,1450205184,1491095552
5658.8,1438408704,1450205184,1491095552
5659.8,1438408704,1450205184,1491095552
5660.8,1438408704,1450205184,1491095552
5661.8,1438408704,1450205184,1491095552
5662.8,1438408704,1450205184,1491095552
5663.9,1438408704,1450205184,1491095552
5664.9,1438408704,1450205184,1491095552
5665.9,1438408704,1450205184,1491095552
5666.9,1438408704,1450205184,1491095552
5667.9,1438408704,1450205184,1491095552
5668.9,1438408704,1450205184,1491095552
5669.9,1438408704,1450205184,1491095552
5671.0,1438408704,1450205184,1491095552
5672.0,1438408704,1450205184,1491095552
5673.0,1438408704,1450205184,1491095552
5674.0,1438408704,1450205184,1491095552
5675.0,1438408704,1450205184,1491095552
5676.0,1438408704,1450205184,1491095552
5677.0,1438408704,1450205184,1491095552
5678.0,1438408704,1450205184,1491095552
5679.1,1438408704,1450205184,1491095552
5680.1,1438408704,1450205184,1491095552
5681.1,1438408704,1450205184,1491095552
5682.1,1438408704,1450205184,1491095552
5683.1,1438408704,1450205184,1491095552
5684.1,1438408704,1450205184,1491095552
5685.2,1438408704,1450205184,1491095552
5686.2,1438408704,1450205184,1491095552
5687.2,1438408704,1450205184,1491095552
5688.2,1438408704,1450205184,1491095552
5689.2,1438408704,1450205184,1491095552
5690.2,1438408704,1450205184,1491095552
5691.2,1438408704,1450205184,1491095552
5692.3,1438408704,1450205184,1491095552
5693.3,1438408704,1450205184,1491095552
5694.3,1438408704,1450205184,1491095552
5695.3,1438408704,1450205184,1491095552
5696.3,1438408704,1450205184,1491095552
5697.3,1438408704,1450205184,1491095552
5698.3,1438408704,1450205184,1491095552
5699.4,1438408704,1450205184,1491095552
5700.4,1438408704,1450205184,1491095552
5701.4,1438408704,1450205184,1491095552
5702.4,1438408704,1450205184,1491095552
5703.4,1438408704,1450205184,1491095552
5704.4,1438408704,1450205184,1491095552
5705.4,1438408704,1450205184,1491095552
5706.4,1438408704,1450205184,1491095552
5707.5,1438408704,1450205184,1491095552
5708.5,1438408704,1450205184,1491095552
5709.5,1438408704,1450205184,1491095552
5710.5,1438408704,1450205184,1491095552
5711.5,1438408704,1450205184,1491095552
5712.5,1438408704,1450205184,1491095552
5713.5,1438408704,1450205184,1491095552
5714.6,1438408704,1450205184,1491095552
5715.6,1438408704,1450205184,1491095552
5716.6,1438408704,1450205184,1491095552
5717.6,1438408704,1450205184,1491095552
5718.6,1438408704,1450205184,1491095552
5719.6,1438408704,1450205184,1491095552
5720.6,1438408704,1450205184,1491095552
5721.7,1438408704,1450205184,1491095552
5722.7,1438408704,1450205184,1491095552
5723.7,1438408704,1450205184,1491095552
5724.7,1438408704,1450205184,1491095552
5725.7,1438408704,1450205184,1491095552
5726.7,1438408704,1450205184,1491095552
5727.7,1438408704,1450205184,1491095552
5728.8,1438408704,1450205184,1491095552
5729.8,1438408704,1450205184,1491095552
5730.8,1438408704,1450205184,1491095552
5731.8,1438408704,1450205184,1491095552
5732.8,1438408704,1450205184,1491095552
5733.8,1438408704,1450205184,1491095552
5734.8,1438408704,1450205184,1491095552
5735.9,1438408704,1450205184,1491095552
5736.9,1438408704,1450205184,1491095552
5737.9,1438408704,1450205184,1491095552
5738.9,1438408704,1450205184,1491095552
5739.9,1438408704,1450205184,1491095552
5740.9,1438408704,1450205184,1491095552
5741.9,1438408704,1450205184,1491095552
5742.9,1438408704,1450205184,1491095552
5744.0,1438408704,1450205184,1491095552
5745.0,1438408704,1450205184,1491095552
5746.0,1438408704,1450205184,1491095552
5747.0,1438408704,1450205184,1491095552
5748.0,1438408704,1450205184,1491095552
5749.1,1438408704,1450205184,1491095552
5750.1,1438408704,1450205184,1491095552
5751.1,1438408704,1450205184,1491095552
5752.1,1438408704,1450205184,1491095552
5753.1,1438408704,1450205184,1491095552
5754.1,1438408704,1450205184,1491095552
5755.1,1438408704,1450205184,1491095552
5756.1,1438408704,1450205184,1491095552
5757.2,1438408704,1450205184,1491095552
5758.2,1438408704,1450205184,1491095552
5759.2,1438408704,1450205184,1491095552
5760.2,1438408704,1450205184,1491095552
5761.2,1438408704,1450205184,1491095552
5762.2,1438408704,1450205184,1491095552
5763.2,1438408704,1450205184,1491095552
5764.2,1438408704,1450205184,1491095552
5765.3,1438408704,1450205184,1491095552
5766.3,1438408704,1450205184,1491095552
5767.3,1438408704,1450205184,1491095552
5768.3,1438408704,1450205184,1491095552
5769.3,1438408704,1450205184,1491095552
5770.3,1438408704,1450205184,1491095552
5771.3,1438408704,1450205184,1491095552
5772.4,1438408704,1450205184,1491095552
5773.4,1438408704,1450205184,1491095552
5774.4,1438408704,1450205184,1491095552
5775.4,1438408704,1450205184,1491095552
5776.4,1438408704,1450205184,1491095552
5777.4,1438408704,1450205184,1491095552
5778.5,1438408704,1450205184,1491095552
5779.5,1438408704,1450205184,1491095552
5780.5,1438408704,1450205184,1491095552
5781.5,1438408704,1450205184,1491095552
5782.5,1438408704,1450205184,1491095552
5783.5,1438408704,1450205184,1491095552
5784.5,1438408704,1450205184,1491095552
5785.5,1438408704,1450205184,1491095552
5786.6,1438408704,1450205184,1491095552
5787.6,1438408704,1450205184,1491095552
5788.6,1438408704,1450205184,1491095552
5789.6,1438408704,1450205184,1491095552
5790.6,1438408704,1450205184,1491095552
5791.6,1438408704,1450205184,1491095552
5792.6,1438408704,1450205184,1491095552
5793.7,1438408704,1450205184,1491095552
5794.7,1438408704,1450205184,1491095552
5795.7,1438408704,1450205184,1491095552
5796.7,1438408704,1450205184,1491095552
5797.7,1438408704,1450205184,1491095552
5798.7,1438408704,1450205184,1491095552
5799.7,1438408704,1450205184,1491095552
5800.7,1438408704,1450205184,1491095552
5801.8,1438408704,1450205184,1491095552
5802.8,1438408704,1450205184,1491095552
5803.8,1438408704,1450205184,1491095552
5804.8,1438408704,1450205184,1491095552
5805.8,1438408704,1450205184,1491095552
5806.8,1438408704,1450205184,1491095552
5807.8,1438408704,1450205184,1491095552
5808.9,1438408704,1450205184,1491095552
5809.9,1438408704,1450205184,1491095552
5810.9,1438408704,1450205184,1491095552
5811.9,1438408704,1450205184,1491095552
5812.9,1438408704,1450205184,1491095552
5813.9,1438408704,1450205184,1491095552
5814.9,1438408704,1450205184,1491095552
5816.0,1438408704,1450205184,1491095552
5817.0,1438408704,1450205184,1491095552
5818.0,1438408704,1450205184,1491095552
5819.0,1438408704,1450205184,1491095552
5820.0,1438408704,1450205184,1491095552
5821.0,1438408704,1450205184,1491095552
5822.0,1438408704,1450205184,1491095552
5823.0,1438408704,1450205184,1491095552
5824.1,1438408704,1450205184,1491095552
5825.1,1438408704,1450205184,1491095552
5826.1,1438408704,1450205184,1491095552
5827.1,1438408704,1450205184,1491095552
5828.1,1438408704,1450205184,1491095552
5829.1,1438408704,1450205184,1491095552
5830.1,1438408704,1450205184,1491095552
5831.2,1438408704,1450205184,1491095552
5832.2,1438408704,1450205184,1491095552
5833.2,1438408704,1450205184,1491095552
5834.2,1438408704,1450205184,1491095552
5835.2,1438408704,1450205184,1491095552
5836.2,1438408704,1450205184,1491095552
5837.2,1438408704,1450205184,1491095552
5838.2,1438408704,1450205184,1491095552
5839.3,1438408704,1450205184,1491095552
5840.3,1438408704,1450205184,1491095552
5841.3,1438408704,1450205184,1491095552
5842.3,1438408704,1450205184,1491095552
5843.3,1438408704,1450205184,1491095552
5844.3,1438408704,1450205184,1491095552
5845.3,1438408704,1450205184,1491095552
5846.4,1438408704,1450205184,1491095552
5847.4,1438408704,1450205184,1491095552
5848.4,1438408704,1450205184,1491095552
5849.4,1438408704,1450205184,1491095552
5850.4,1438408704,1450205184,1491095552
5851.4,1438408704,1450205184,1491095552
5852.4,1438408704,1450205184,1491095552
5853.4,1438408704,1450205184,1491095552
5854.5,1438408704,1450205184,1491095552
5855.5,1438408704,1450205184,1491095552
5856.5,1438408704,1450205184,1491095552
5857.5,1438408704,1450205184,1491095552
5858.5,1438408704,1450205184,1491095552
5859.5,1438408704,1450205184,1491095552
5860.5,1438408704,1450205184,1491095552
5861.6,1438408704,1450205184,1491095552
5862.6,1438408704,1450205184,1491095552
5863.6,1438408704,1450205184,1491095552
5864.6,1438408704,1450205184,1491095552
5865.6,1438408704,1450205184,1491095552
5866.6,1438408704,1450205184,1491095552
5867.6,1438408704,1450205184,1491095552
5868.7,1438408704,1450205184,1491095552
5869.7,1438408704,1450205184,1491095552
5870.7,1438408704,1450205184,1491095552
5871.7,1438408704,1450205184,1491095552
5872.7,1438408704,1450205184,1491095552
5873.7,1438408704,1450205184,1491095552
5874.7,1438408704,1450205184,1491095552
5875.8,1438408704,1450205184,1491095552
5876.8,1438408704,1450205184,1491095552
5877.8,1438408704,1450205184,1491095552
5878.8,1438408704,1450205184,1491095552
5879.8,1438408704,1450205184,1491095552
5880.8,1438408704,1450205184,1491095552
5881.8,1438408704,1450205184,1491095552
5882.8,1438408704,1450205184,1491095552
5883.9,1438408704,1450205184,1491095552
5884.9,1438408704,1450205184,1491095552
5885.9,1438408704,1450205184,1491095552
5886.9,1438408704,1450205184,1491095552
5887.9,1438408704,1450205184,1491095552
5888.9,1438408704,1450205184,1491095552
5889.9,1438408704,1450205184,1491095552
5891.0,1438408704,1450205184,1491095552
5892.0,1438408704,1450205184,1491095552
5893.0,1438408704,1450205184,1491095552
5894.0,1438408704,1450205184,1491095552
5895.0,1438408704,1450205184,1491095552
5896.0,1438408704,1450205184,1491095552
5897.0,1438408704,1450205184,1491095552
5898.1,1438408704,1450205184,1491095552
5899.1,1438408704,1450205184,1491095552
5900.1,1438408704,1450205184,1491095552
5901.1,1438408704,1450205184,1491095552
5902.1,1438408704,1450205184,1491095552
5903.1,1438408704,1450205184,1491095552
5904.1,1438408704,1450205184,1491095552
5905.2,1438408704,1450205184,1491095552
5906.2,1438408704,1450205184,1491095552
5907.2,1438408704,1450205184,1491095552
5908.2,1438408704,1450205184,1491095552
5909.2,1438408704,1450205184,1491095552
5910.2,1438408704,1450205184,1491095552
5911.2,1438408704,1450205184,1491095552
5912.2,1438408704,1450205184,1491095552
5913.3,1438408704,1450205184,1491095552
5914.3,1438408704,1450205184,1491095552
5915.3,1438408704,1450205184,1491095552
5916.3,1438408704,1450205184,1491095552
5917.3,1438408704,1450205184,1491095552
5918.3,1438408704,1450205184,1491095552
5919.3,1438408704,1450205184,1491095552
5920.4,1438408704,1450205184,1491095552
5921.4,1438408704,1450205184,1491095552
5922.4,1438408704,1450205184,1491095552
5923.4,1438408704,1450205184,1491095552
5924.4,1438408704,1450205184,1491095552
5925.4,1438408704,1450205184,1491095552
5926.4,1438408704,1450205184,1491095552
5927.5,1438408704,1450205184,1491095552
5928.5,1438408704,1450205184,1491095552
5929.5,1438408704,1450205184,1491095552
5930.5,1438408704,1450205184,1491095552
5931.5,1438408704,1450205184,1491095552
5932.5,1438408704,1450205184,1491095552
5933.5,1438408704,1450205184,1491095552
5934.6,1438408704,1450205184,1491095552
5935.6,1438408704,1450205184,1491095552
5936.6,1438408704,1450205184,1491095552
5937.6,1438408704,1450205184,1491095552
5938.6,1438408704,1450205184,1491095552
5939.6,1438408704,1450205184,1491095552
5940.6,1438408704,1450205184,1491095552
5941.7,1438408704,1450205184,1491095552
5942.7,1438408704,1450205184,1491095552
5943.7,1438408704,1450205184,1491095552
5944.7,1438408704,1450205184,1491095552
5945.7,1438408704,1450205184,1491095552
5946.7,1438408704,1450205184,1491095552
5947.7,1438408704,1450205184,1491095552
5948.8,1438408704,1450205184,1491095552
5949.8,1438408704,1450205184,1491095552
5950.8,1438408704,1450205184,1491095552
5951.8,1438408704,1450205184,1491095552
5952.8,1438408704,1450205184,1491095552
5953.8,1438408704,1450205184,1491095552
5954.8,1438408704,1450205184,1491095552
5955.8,1438408704,1450205184,1491095552
5956.9,1438408704,1450205184,1491095552
5957.9,1438408704,1450205184,1491095552
5958.9,1438408704,1450205184,1491095552
5959.9,1438408704,1450205184,1491095552
5960.9,1438408704,1450205184,1491095552
5961.9,1438408704,1450205184,1491095552
5962.9,1438408704,1450205184,1491095552
5964.0,1438408704,1450205184,1491095552
5965.0,1438408704,1450205184,1491095552
5966.0,1438408704,1450205184,1491095552
5967.0,1438408704,1450205184,1491095552
5968.0,1438408704,1450205184,1491095552
5969.0,1438408704,1450205184,1491095552
5970.0,1438408704,1450205184,1491095552
5971.1,1438408704,1450205184,1491095552
5972.1,1438408704,1450205184,1491095552
5973.1,1438408704,1450205184,1491095552
5974.1,1438408704,1450205184,1491095552
5975.1,1438408704,1450205184,1491095552
5976.1,1438408704,1450205184,1491095552
5977.1,1438408704,1450205184,1491095552
5978.2,1438408704,1450205184,1491095552
5979.2,1438408704,1450205184,1491095552
5980.2,1438408704,1450205184,1491095552
5981.2,1438408704,1450205184,1491095552
5982.2,1438408704,1450205184,1491095552
5983.2,1438408704,1450205184,1491095552
5984.2,1438408704,1450205184,1491095552
5985.2,1438408704,1450205184,1491095552
5986.3,1438408704,1450205184,1491095552
5987.3,1438408704,1450205184,1491095552
5988.3,1438408704,1450205184,1491095552
5989.3,1438408704,1450205184,1491095552
5990.3,1438408704,1450205184,1491095552
5991.3,1438408704,1450205184,1491095552
5992.4,1438408704,1450205184,1491095552
5993.4,1438408704,1450205184,1491095552
5994.4,1438408704,1450205184,1491095552
5995.4,1438408704,1450205184,1491095552
5996.4,1438408704,1450205184,1491095552
5997.4,1438408704,1450205184,1491095552
5998.4,1438408704,1450205184,1491095552
5999.5,1438408704,1450205184,1491095552
6000.5,1438408704,1450205184,1491095552
6001.5,1438408704,1450205184,1491095552
6002.5,1438408704,1450205184,1491095552
6003.5,1438408704,1450205184,1491095552
6004.5,1438408704,1450205184,1491095552
6005.5,1438408704,1450205184,1491095552
6006.6,1438408704,1450205184,1491095552
6007.6,1438408704,1450205184,1491095552
6008.6,1438408704,1450205184,1491095552
6009.6,1438408704,1450205184,1491095552
6010.6,1438408704,1450205184,1491095552
6011.6,1438408704,1450205184,1491095552
6012.6,1438408704,1450205184,1491095552
6013.7,1438408704,1450205184,1491095552
6014.7,1438408704,1450205184,1491095552
6015.7,1438408704,1450205184,1491095552
6016.7,1438408704,1450205184,1491095552
6017.7,1438408704,1450205184,1491095552
6018.7,1438408704,1450205184,1491095552
6019.7,1438408704,1450205184,1491095552
6020.7,1438408704,1450205184,1491095552
6021.8,1438408704,1450205184,1491095552
6022.8,1438408704,1450205184,1491095552
6023.8,1438408704,1450205184,1491095552
6024.8,1438408704,1450205184,1491095552
6025.8,1438408704,1450205184,1491095552
6026.8,1438408704,1450205184,1491095552
6027.9,1438408704,1450205184,1491095552
6028.9,1438408704,1450205184,1491095552
6029.9,1438408704,1450205184,1491095552
6030.9,1438408704,1450205184,1491095552
6031.9,1438408704,1450205184,1491095552
6032.9,1438408704,1450205184,1491095552
6034.0,1438408704,1450205184,1491095552
6035.0,1438408704,1450205184,1491095552
6036.0,1438408704,1450205184,1491095552
6037.0,1438408704,1450205184,1491095552
6038.0,1438408704,1450205184,1491095552
6039.0,1438408704,1450205184,1491095552
6040.1,1438408704,1450205184,1491095552
6041.1,1438408704,1450205184,1491095552
6042.1,1438408704,1450205184,1491095552
6043.1,1438408704,1450205184,1491095552
6044.1,1438408704,1450205184,1491095552
6045.1,1438408704,1450205184,1491095552
6046.2,1438408704,1450205184,1491095552
6047.2,1438408704,1450205184,1491095552
6048.2,1438408704,1450205184,1491095552
6049.2,1438408704,1450205184,1491095552
6050.2,1438408704,1450205184,1491095552
6051.2,1438408704,1450205184,1491095552
6052.2,1438408704,1450205184,1491095552
6053.3,1438408704,1450205184,1491095552
6054.3,1438408704,1450205184,1491095552
6055.3,1438408704,1450205184,1491095552
6056.3,1438408704,1450205184,1491095552
6057.3,1438408704,1450205184,1491095552
6058.3,1438408704,1450205184,1491095552
6059.3,1438408704,1450205184,1491095552
6060.4,1438408704,1450205184,1491095552
6061.4,1438408704,1450205184,1491095552
6062.4,1438408704,1450205184,1491095552
6063.4,1438408704,1450205184,1491095552
6064.4,1438408704,1450205184,1491095552
6065.4,1438408704,1450205184,1491095552
6066.4,1438408704,1450205184,1491095552
6067.5,1438408704,1450205184,1491095552
6068.5,1438408704,1450205184,1491095552
6069.5,1438408704,1450205184,1491095552
6070.5,1438408704,1450205184,1491095552
6071.5,1438408704,1450205184,1491095552
6072.5,1438408704,1450205184,1491095552
6073.5,1438408704,1450205184,1491095552
6074.6,1438408704,1450205184,1491095552
6075.6,1438408704,1450205184,1491095552
6076.6,1438408704,1450205184,1491095552
6077.6,1438408704,1450205184,1491095552
6078.6,1438408704,1450205184,1491095552
6079.6,1438408704,1450205184,1491095552
6080.6,1438408704,1450205184,1491095552
6081.6,1438408704,1450205184,1491095552
6082.7,1438408704,1450205184,1491095552
6083.7,1438408704,1450205184,1491095552
6084.7,1438408704,1450205184,1491095552
6085.7,1438408704,1450205184,1491095552
6086.7,1438408704,1450205184,1491095552
6087.7,1438408704,1450205184,1491095552
6088.7,1438408704,1450205184,1491095552
6089.8,1438408704,1450205184,1491095552
6090.8,1438408704,1450205184,1491095552
6091.8,1438408704,1450205184,1491095552
6092.8,1438408704,1450205184,1491095552
6093.8,1438408704,1450205184,1491095552
6094.8,1438408704,1450205184,1491095552
6095.8,1438408704,1450205184,1491095552
6096.8,1438408704,1450205184,1491095552
6097.9,1438408704,1450205184,1491095552
6098.9,1438408704,1450205184,1491095552
6099.9,1438408704,1450205184,1491095552
6100.9,1438408704,1450205184,1491095552
6101.9,1438408704,1450205184,1491095552
6102.9,1438408704,1450205184,1491095552
6103.9,1438408704,1450205184,1491095552
6105.0,1438408704,1450205184,1491095552
6106.0,1438408704,1450205184,1491095552
6107.0,1438408704,1450205184,1491095552
6108.0,1438408704,1450205184,1491095552
6109.0,1438408704,1450205184,1491095552
6110.0,1438408704,1450205184,1491095552
6111.0,1438408704,1450205184,1491095552
6112.1,1438408704,1450205184,1491095552
6113.1,1438408704,1450205184,1491095552
6114.1,1438408704,1450205184,1491095552
6115.1,1438408704,1450205184,1491095552
6116.1,1438408704,1450205184,1491095552
6117.1,1438408704,1450205184,1491095552
6118.1,1438408704,1450205184,1491095552
6119.2,1438408704,1450205184,1491095552
6120.2,1438408704,1450205184,1491095552
6121.2,1438408704,1450205184,1491095552
6122.2,1438408704,1450205184,1491095552
6123.2,1438408704,1450205184,1491095552
6124.2,1438408704,1450205184,1491095552
6125.2,1438408704,1450205184,1491095552
6126.2,1438408704,1450205184,1491095552
6127.3,1438408704,1450205184,1491095552
6128.3,1438408704,1450205184,1491095552
6129.3,1438408704,1450205184,1491095552
6130.3,1438408704,1450205184,1491095552
6131.3,1438408704,1450205184,1491095552
6132.3,1438408704,1450205184,1491095552
6133.4,1438408704,1450205184,1491095552
6134.4,1438408704,1450205184,1491095552
6135.4,1438408704,1450205184,1491095552
6136.4,1438408704,1450205184,1491095552
6137.4,1438408704,1450205184,1491095552
6138.4,1438408704,1450205184,1491095552
6139.4,1438408704,1450205184,1491095552
6140.5,1438408704,1450205184,1491095552
6141.5,1438408704,1450205184,1491095552
6142.5,1438408704,1450205184,1491095552
6143.5,1438408704,1450205184,1491095552
6144.5,1438408704,1450205184,1491095552
6145.5,1438408704,1450205184,1491095552
6146.5,1438408704,1450205184,1491095552
6147.6,1438408704,1450205184,1491095552
6148.6,1438408704,1450205184,1491095552
6149.6,1438408704,1450205184,1491095552
6150.6,1438408704,1450205184,1491095552
6151.6,1438408704,1450205184,1491095552
6152.6,1438408704,1450205184,1491095552
6153.6,1438408704,1450205184,1491095552
6154.6,1438408704,1450205184,1491095552
6155.7,1438408704,1450205184,1491095552
6156.7,1438408704,1450205184,1491095552
6157.7,1438408704,1450205184,1491095552
6158.7,1438408704,1450205184,1491095552
6159.7,1438408704,1450205184,1491095552
6160.7,1438408704,1450205184,1491095552
6161.7,1438408704,1450205184,1491095552
6162.8,1438408704,1450205184,1491095552
6163.8,1438408704,1450205184,1491095552
6164.8,1438408704,1450205184,1491095552
6165.8,1438408704,1450205184,1491095552
6166.8,1438408704,1450205184,1491095552
6167.8,1438408704,1450205184,1491095552
6168.8,1438408704,1450205184,1491095552
6169.8,1438408704,1450205184,1491095552
6170.9,1438408704,1450205184,1491095552
6171.9,1438408704,1450205184,1491095552
6172.9,1438408704,1450205184,1491095552
6173.9,1438408704,1450205184,1491095552
6174.9,1438408704,1450205184,1491095552
6175.9,1438408704,1450205184,1491095552
6176.9,1438408704,1450205184,1491095552
6178.0,1438408704,1450205184,1491095552
6179.0,1438408704,1450205184,1491095552
6180.0,1438408704,1450205184,1491095552
6181.0,1438408704,1450205184,1491095552
6182.0,1438408704,1450205184,1491095552
6183.0,1438408704,1450205184,1491095552
6184.0,1438408704,1450205184,1491095552
6185.1,1438408704,1450205184,1491095552
6186.1,1438408704,1450205184,1491095552
6187.1,1438408704,1450205184,1491095552
6188.1,1438408704,1450205184,1491095552
6189.1,1438408704,1450205184,1491095552
6190.1,1438408704,1450205184,1491095552
6191.1,1438408704,1450205184,1491095552
6192.2,1438408704,1450205184,1491095552
6193.2,1438408704,1450205184,1491095552
6194.2,1438408704,1450205184,1491095552
6195.2,1438408704,1450205184,1491095552
6196.2,1438408704,1450205184,1491095552
6197.2,1438408704,1450205184,1491095552
6198.2,1438408704,1450205184,1491095552
6199.2,1438408704,1450205184,1491095552
6200.3,1438408704,1450205184,1491095552
6201.3,1438408704,1450205184,1491095552
6202.3,1438408704,1450205184,1491095552
6203.3,1438408704,1450205184,1491095552
6204.3,1438408704,1450205184,1491095552
6205.3,1438408704,1450205184,1491095552
6206.3,1438408704,1450205184,1491095552
6207.3,1438408704,1450205184,1491095552
6208.4,1438408704,1450205184,1491095552
6209.4,1438408704,1450205184,1491095552
6210.4,1438408704,1450205184,1491095552
6211.4,1438408704,1450205184,1491095552
6212.4,1438408704,1450205184,1491095552
6213.4,1438408704,1450205184,1491095552
6214.4,1438408704,1450205184,1491095552
6215.5,1438408704,1450205184,1491095552
6216.5,1438408704,1450205184,1491095552
6217.5,1438408704,1450205184,1491095552
6218.5,1438408704,1450205184,1491095552
6219.5,1438408704,1450205184,1491095552
6220.5,1438408704,1450205184,1491095552
6221.5,1438408704,1450205184,1491095552
6222.5,1438408704,1450205184,1491095552
6223.6,1438408704,1450205184,1491095552
6224.6,1438408704,1450205184,1491095552
6225.6,1438408704,1450205184,1491095552
6226.6,1438408704,1450205184,1491095552
6227.6,1438408704,1450205184,1491095552
6228.6,1438408704,1450205184,1491095552
6229.6,1438408704,1450205184,1491095552
6230.7,1438408704,1450205184,1491095552
6231.7,1438408704,1450205184,1491095552
6232.7,1438408704,1450205184,1491095552
6233.7,1438408704,1450205184,1491095552
6234.7,1438408704,1450205184,1491095552
6235.7,1438408704,1450205184,1491095552
6236.7,1438408704,1450205184,1491095552
6237.7,1438408704,1450205184,1491095552
6238.8,1438408704,1450205184,1491095552
6239.8,1438408704,1450205184,1491095552
6240.8,1438408704,1450205184,1491095552
6241.8,1438408704,1450205184,1491095552
6242.8,1438408704,1450205184,1491095552
6243.8,1438408704,1450205184,1491095552
6244.8,1438408704,1450205184,1491095552
6245.9,1438408704,1450205184,1491095552
6246.9,1438408704,1450205184,1491095552
6247.9,1438408704,1450205184,1491095552
6248.9,1438408704,1450205184,1491095552
6249.9,1438408704,1450205184,1491095552
6250.9,1438408704,1450205184,1491095552
6251.9,1438408704,1450205184,1491095552
6253.0,1438408704,1450205184,1491095552
6254.0,1438408704,1450205184,1491095552
6255.0,1438408704,1450205184,1491095552
6256.0,1438408704,1450205184,1491095552
6257.0,1438408704,1450205184,1491095552
6258.0,1438408704,1450205184,1491095552
6259.0,1438408704,1450205184,1491095552
6260.0,1438408704,1450205184,1491095552
6261.1,1438408704,1450205184,1491095552
6262.1,1438408704,1450205184,1491095552
6263.1,1438408704,1450205184,1491095552
6264.1,1438408704,1450205184,1491095552
6265.1,1438408704,1450205184,1491095552
6266.1,1438408704,1450205184,1491095552
6267.1,1438408704,1450205184,1491095552
6268.2,1438408704,1450205184,1491095552
6269.2,1438408704,1450205184,1491095552
6270.2,1438408704,1450205184,1491095552
6271.2,1438408704,1450205184,1491095552
6272.2,1438408704,1450205184,1491095552
6273.2,1438408704,1450205184,1491095552
6274.2,1438408704,1450205184,1491095552
6275.2,1438408704,1450205184,1491095552
6276.3,1438408704,1450205184,1491095552
6277.3,1438408704,1450205184,1491095552
6278.3,1438408704,1450205184,1491095552
6279.3,1438408704,1450205184,1491095552
6280.3,1438408704,1450205184,1491095552
6281.3,1438408704,1450205184,1491095552
6282.4,1438408704,1450205184,1491095552
6283.4,1438408704,1450205184,1491095552
6284.4,1438408704,1450205184,1491095552
6285.4,1438408704,1450205184,1491095552
6286.4,1438408704,1450205184,1491095552
6287.4,1438408704,1450205184,1491095552
6288.4,1438408704,1450205184,1491095552
6289.4,1438408704,1450205184,1491095552
6290.5,1438408704,1450205184,1491095552
6291.5,1438408704,1450205184,1491095552
6292.5,1438408704,1450205184,1491095552
6293.5,1438408704,1450205184,1491095552
6294.5,1438408704,1450205184,1491095552
6295.5,1438408704,1450205184,1491095552
6296.5,1438408704,1450205184,1491095552
6297.5,1438408704,1450205184,1491095552
6298.6,1438408704,1450205184,1491095552
6299.6,1438408704,1450205184,1491095552
6300.6,1438408704,1450205184,1491095552
6301.6,1438408704,1450205184,1491095552
6302.6,1438408704,1450205184,1491095552
6303.6,1438408704,1450205184,1491095552
6304.6,1438408704,1450205184,1491095552
6305.6,1438408704,1450205184,1491095552
6306.6,1438408704,1450205184,1491095552
6307.7,1438408704,1450205184,1491095552
6308.7,1438408704,1450205184,1491095552
6309.7,1438408704,1450205184,1491095552
6310.7,1438408704,1450205184,1491095552
6311.7,1438408704,1450205184,1491095552
6312.7,1438408704,1450205184,1491095552
6313.7,1438408704,1450205184,1491095552
6314.8,1438408704,1450205184,1491095552
6315.8,1438408704,1450205184,1491095552
6316.8,1438408704,1450205184,1491095552
6317.8,1438408704,1450205184,1491095552
6318.8,1438408704,1450205184,1491095552
6319.8,1438408704,1450205184,1491095552
6320.8,1438408704,1450205184,1491095552
6321.8,1438408704,1450205184,1491095552
6322.9,1438408704,1450205184,1491095552
6323.9,1438408704,1450205184,1491095552
6324.9,1438408704,1450205184,1491095552
6325.9,1438408704,1450205184,1491095552
6326.9,1438408704,1450205184,1491095552
6327.9,1438408704,1450205184,1491095552
6328.9,1438408704,1450205184,1491095552
6329.9,1438408704,1450205184,1491095552
6331.0,1438408704,1450205184,1491095552
6332.0,1438408704,1450205184,1491095552
6333.0,1438408704,1450205184,1491095552
6334.0,1438408704,1450205184,1491095552
6335.0,1438408704,1450205184,1491095552
6336.0,1438408704,1450205184,1491095552
6337.0,1438408704,1450205184,1491095552
6338.0,1438408704,1450205184,1491095552
6339.1,1438408704,1450205184,1491095552
6340.1,1438408704,1450205184,1491095552
6341.1,1438408704,1450205184,1491095552
6342.1,1438408704,1450205184,1491095552
6343.1,1438408704,1450205184,1491095552
6344.1,1438408704,1450205184,1491095552
6345.2,1438408704,1450205184,1491095552
6346.2,1438408704,1450205184,1491095552
6347.2,1438408704,1450205184,1491095552
6348.2,1438408704,1450205184,1491095552
6349.2,1438408704,1450205184,1491095552
6350.2,1438408704,1450205184,1491095552
6351.2,1438408704,1450205184,1491095552
6352.2,1438408704,1450205184,1491095552
6353.3,1438408704,1450205184,1491095552
6354.3,1438408704,1450205184,1491095552
6355.3,1438408704,1450205184,1491095552
6356.3,1438408704,1450205184,1491095552
6357.3,1438408704,1450205184,1491095552
6358.3,1438408704,1450205184,1491095552
6359.3,1438408704,1450205184,1491095552
6360.4,1438408704,1450205184,1491095552
6361.4,1438408704,1450205184,1491095552
6362.4,1438408704,1450205184,1491095552
6363.4,1438408704,1450205184,1491095552
6364.4,1438408704,1450205184,1491095552
6365.4,1438408704,1450205184,1491095552
6366.5,1438408704,1450205184,1491095552
6367.5,1438408704,1450205184,1491095552
6368.5,1438408704,1450205184,1491095552
6369.5,1438408704,1450205184,1491095552
6370.5,1438408704,1450205184,1491095552
6371.5,1438408704,1450205184,1491095552
6372.5,1438408704,1450205184,1491095552
6373.6,1438408704,1450205184,1491095552
6374.6,1438408704,1450205184,1491095552
6375.6,1438408704,1450205184,1491095552
6376.6,1438408704,1450205184,1491095552
6377.6,1438408704,1450205184,1491095552
6378.6,1438408704,1450205184,1491095552
6379.6,1438408704,1450205184,1491095552
6380.6,1438408704,1450205184,1491095552
6381.7,1438408704,1450205184,1491095552
6382.7,1438408704,1450205184,1491095552
6383.7,1438408704,1450205184,1491095552
6384.7,1438408704,1450205184,1491095552
6385.7,1438408704,1450205184,1491095552
6386.7,1438408704,1450205184,1491095552
6387.7,1438408704,1450205184,1491095552
6388.8,1438408704,1450205184,1491095552
6389.8,1438408704,1450205184,1491095552
6390.8,1438408704,1450205184,1491095552
6391.8,1438408704,1450205184,1491095552
6392.8,1438408704,1450205184,1491095552
6393.8,1438408704,1450205184,1491095552
6394.8,1438408704,1450205184,1491095552
6395.9,1438408704,1450205184,1491095552
6396.9,1438408704,1450205184,1491095552
6397.9,1438408704,1450205184,1491095552
6398.9,1438408704,1450205184,1491095552
6399.9,1438408704,1450205184,1491095552
6400.9,1438408704,1450205184,1491095552
6401.9,1438408704,1450205184,1491095552
6403.0,1438408704,1450205184,1491095552
6404.0,1438408704,1450205184,1491095552
6405.0,1438408704,1450205184,1491095552
6406.0,1438408704,1450205184,1491095552
6407.0,1438408704,1450205184,1491095552
6408.0,1438408704,1450205184,1491095552
6409.0,1438408704,1450205184,1491095552
6410.1,1438408704,1450205184,1491095552
6411.1,1438408704,1450205184,1491095552
6412.1,1438408704,1450205184,1491095552
6413.1,1438408704,1450205184,1491095552
6414.1,1438408704,1450205184,1491095552
6415.1,1438408704,1450205184,1491095552
6416.1,1438408704,1450205184,1491095552
6417.2,1438408704,1450205184,1491095552
6418.2,1438408704,1450205184,1491095552
6419.2,1438408704,1450205184,1491095552
6420.2,1438408704,1450205184,1491095552
6421.2,1438408704,1450205184,1491095552
6422.2,1438408704,1450205184,1491095552
6423.2,1438408704,1450205184,1491095552
6424.2,1438408704,1450205184,1491095552
6425.3,1438408704,1450205184,1491095552
6426.3,1438408704,1450205184,1491095552
6427.3,1438408704,1450205184,1491095552
6428.3,1438408704,1450205184,1491095552
6429.3,1438408704,1450205184,1491095552
6430.3,1438408704,1450205184,1491095552
6431.3,1438408704,1450205184,1491095552
6432.3,1438408704,1450205184,1491095552
6433.3,1438408704,1450205184,1491095552
6434.4,1438408704,1450205184,1491095552
6435.4,1438408704,1450205184,1491095552
6436.4,1438408704,1450205184,1491095552
6437.4,1438408704,1450205184,1491095552
6438.4,1438408704,1450205184,1491095552
6439.4,1438408704,1450205184,1491095552
6440.4,1438408704,1450205184,1491095552
6441.5,1438408704,1450205184,1491095552
6442.5,1438408704,1450205184,1491095552
6443.5,1438408704,1450205184,1491095552
6444.5,1438408704,1450205184,1491095552
6445.5,1438408704,1450205184,1491095552
6446.5,1438408704,1450205184,1491095552
6447.5,1438408704,1450205184,1491095552
6448.6,1438408704,1450205184,1491095552
6449.6,1438408704,1450205184,1491095552
6450.6,1438408704,1450205184,1491095552
6451.6,1438408704,1450205184,1491095552
6452.6,1438408704,1450205184,1491095552
6453.6,1438408704,1450205184,1491095552
6454.6,1438408704,1450205184,1491095552
6455.7,1438408704,1450205184,1491095552
6456.7,1438408704,1450205184,1491095552
6457.7,1438408704,1450205184,1491095552
6458.7,1438408704,1450205184,1491095552
6459.7,1438408704,1450205184,1491095552
6460.7,1438408704,1450205184,1491095552
6461.7,1438408704,1450205184,1491095552
6462.7,1438408704,1450205184,1491095552
6463.8,1438408704,1450205184,1491095552
6464.8,1438408704,1450205184,1491095552
6465.8,1438408704,1450205184,1491095552
6466.8,1438408704,1450205184,1491095552
6467.8,1438408704,1450205184,1491095552
6468.8,1438408704,1450205184,1491095552
6469.8,1438408704,1450205184,1491095552
6470.8,1438408704,1450205184,1491095552
6471.9,1438408704,1450205184,1491095552
6472.9,1438408704,1450205184,1491095552
6473.9,1438408704,1450205184,1491095552
6474.9,1438408704,1450205184,1491095552
6475.9,1438408704,1450205184,1491095552
6476.9,1438408704,1450205184,1491095552
6477.9,1438408704,1450205184,1491095552
6479.0,1438408704,1450205184,1491095552
6480.0,1438408704,1450205184,1491095552
6481.0,1438408704,1450205184,1491095552
6482.0,1438408704,1450205184,1491095552
6483.0,1438408704,1450205184,1491095552
6484.0,1438408704,1450205184,1491095552
6485.0,1438408704,1450205184,1491095552
6486.1,1438408704,1450205184,1491095552
6487.1,1438408704,1450205184,1491095552
6488.1,1438408704,1450205184,1491095552
6489.1,1438408704,1450205184,1491095552
6490.1,1438408704,1450205184,1491095552
6491.1,1438408704,1450205184,1491095552
6492.1,1438408704,1450205184,1491095552
6493.2,1438408704,1450205184,1491095552
6494.2,1438408704,1450205184,1491095552
6495.2,1438408704,1450205184,1491095552
6496.2,1438408704,1450205184,1491095552
6497.2,1438408704,1450205184,1491095552
6498.2,1438408704,1450205184,1491095552
6499.2,1438408704,1450205184,1491095552
6500.2,1438408704,1450205184,1491095552
6501.3,1438408704,1450205184,1491095552
6502.3,1438408704,1450205184,1491095552
6503.3,1438408704,1450205184,1491095552
6504.4,1438408704,1450205184,1491095552
6505.4,1438408704,1450205184,1491095552
6506.4,1438408704,1450205184,1491095552
6507.5,1438408704,1450205184,1491095552
6508.5,1438408704,1450205184,1491095552
6509.5,1438408704,1450205184,1491095552
6510.6,1438408704,1450205184,1491095552
6511.6,1438408704,1450205184,1491095552
6512.6,1438408704,1450205184,1491095552
6513.6,1438408704,1450205184,1491095552
6514.7,1438408704,1450205184,1491095552
6515.7,1438408704,1450205184,1491095552
6516.7,1438408704,1450205184,1491095552
6517.8,1438408704,1450205184,1491095552
6518.8,1438408704,1450205184,1491095552
6519.8,1438408704,1450205184,1491095552
6520.8,1438408704,1450205184,1491095552
6521.8,1438408704,1450205184,1491095552
6522.8,1438408704,1450205184,1491095552
6523.8,1438408704,1450205184,1491095552
6524.9,1438408704,1450205184,1491095552
6525.9,1438408704,1450205184,1491095552
6526.9,1438408704,1450205184,1491095552
6527.9,1438408704,1450205184,1491095552
6528.9,1438408704,1450205184,1491095552
6529.9,1438408704,1450205184,1491095552
6531.0,1438408704,1450205184,1491095552
6532.0,1438408704,1450205184,1491095552
6533.0,1438408704,1450205184,1491095552
6534.0,1438408704,1450205184,1491095552
6535.0,1438408704,1450205184,1491095552
6536.0,1438408704,1450205184,1491095552
6537.0,1438408704,1450205184,1491095552
6538.1,1438408704,1450205184,1491095552
6539.1,1438408704,1450205184,1491095552
6540.1,1438408704,1450205184,1491095552
6541.1,1438408704,1450205184,1491095552
6542.1,1438408704,1450205184,1491095552
6543.1,1438408704,1450205184,1491095552
6544.1,1438408704,1450205184,1491095552
6545.2,1438408704,1450205184,1491095552
6546.2,1438408704,1450205184,1491095552
6547.2,1438408704,1450205184,1491095552
6548.2,1438408704,1450205184,1491095552
6549.2,1438408704,1450205184,1491095552
6550.2,1438408704,1450205184,1491095552
6551.2,1438408704,1450205184,1491095552
6552.3,1438408704,1450205184,1491095552
6553.3,1438408704,1450205184,1491095552
6554.3,1438408704,1450205184,1491095552
6555.4,1438408704,1450205184,1491095552
6556.4,1438408704,1450205184,1491095552
6557.4,1438408704,1450205184,1491095552
6558.4,1438408704,1450205184,1491095552
6559.4,1438408704,1450205184,1491095552
6560.4,1438408704,1450205184,1491095552
6561.4,1438408704,1450205184,1491095552
6562.5,1438408704,1450205184,1491095552
6563.5,1438408704,1450205184,1491095552
6564.5,1438408704,1450205184,1491095552
6565.5,1438408704,1450205184,1491095552
6566.5,1438408704,1450205184,1491095552
6567.5,1438408704,1450205184,1491095552
6568.5,1438408704,1450205184,1491095552
6569.5,1438408704,1450205184,1491095552
6570.6,1438408704,1450205184,1491095552
6571.6,1438408704,1450205184,1491095552
6572.6,1438408704,1450205184,1491095552
6573.6,1438408704,1450205184,1491095552
6574.6,1438408704,1450205184,1491095552
6575.7,1438408704,1450205184,1491095552
6576.7,1438408704,1450205184,1491095552
6577.7,1438408704,1450205184,1491095552
6578.7,1438408704,1450205184,1491095552
6579.7,1438408704,1450205184,1491095552
6580.8,1438408704,1450205184,1491095552
6581.8,1438408704,1450205184,1491095552
6582.8,1438408704,1450205184,1491095552
6583.8,1438408704,1450205184,1491095552
6584.8,1438408704,1450205184,1491095552
6585.8,1438408704,1450205184,1491095552
6586.8,1438408704,1450205184,1491095552
6587.9,1438408704,1450205184,1491095552
6588.9,1438408704,1450205184,1491095552
6589.9,1438408704,1450205184,1491095552
6590.9,1438408704,1450205184,1491095552
6591.9,1438408704,1450205184,1491095552
6592.9,1438408704,1450205184,1491095552
6593.9,1438408704,1450205184,1491095552
6595.0,1438408704,1450205184,1491095552
6596.0,1438408704,1450205184,1491095552
6597.0,1438408704,1450205184,1491095552
6598.0,1438408704,1450205184,1491095552
6599.0,1438408704,1450205184,1491095552
6600.0,1438408704,1450205184,1491095552
6601.0,1438408704,1450205184,1491095552
6602.1,1438408704,1450205184,1491095552
6603.1,1438408704,1450205184,1491095552
6604.1,1438408704,1450205184,1491095552
6605.1,1438408704,1450205184,1491095552
6606.1,1438408704,1450205184,1491095552
6607.1,1438408704,1450205184,1491095552
6608.2,1438408704,1450205184,1491095552
6609.2,1438408704,1450205184,1491095552
6610.2,1438408704,1450205184,1491095552
6611.2,1438408704,1450205184,1491095552
6612.2,1438408704,1450205184,1491095552
6613.2,1438408704,1450205184,1491095552
6614.2,1438408704,1450205184,1491095552
6615.2,1438408704,1450205184,1491095552
6616.3,1438408704,1450205184,1491095552
6617.3,1438408704,1450205184,1491095552
6618.3,1438408704,1450205184,1491095552
6619.3,1438408704,1450205184,1491095552
6620.3,1438408704,1450205184,1491095552
6621.3,1438408704,1450205184,1491095552
6622.3,1438408704,1450205184,1491095552
6623.4,1438408704,1450205184,1491095552
6624.4,1438408704,1450205184,1491095552
6625.4,1438408704,1450205184,1491095552
6626.4,1438408704,1450205184,1491095552
6627.4,1438408704,1450205184,1491095552
6628.4,1438408704,1450205184,1491095552
6629.4,1438408704,1450205184,1491095552
6630.5,1438408704,1450205184,1491095552
6631.5,1438408704,1450205184,1491095552
6632.5,1438408704,1450205184,1491095552
6633.5,1438408704,1450205184,1491095552
6634.5,1438408704,1450205184,1491095552
6635.5,1438408704,1450205184,1491095552
6636.6,1438408704,1450205184,1491095552
6637.6,1438408704,1450205184,1491095552
6638.6,1438408704,1450205184,1491095552
6639.6,1438408704,1450205184,1491095552
6640.6,1438408704,1450205184,1491095552
6641.6,1438408704,1450205184,1491095552
6642.6,1438408704,1450205184,1491095552
6643.7,1438408704,1450205184,1491095552
6644.7,1438408704,1450205184,1491095552
6645.7,1438408704,1450205184,1491095552
6646.7,1438408704,1450205184,1491095552
6647.7,1438408704,1450205184,1491095552
6648.7,1438408704,1450205184,1491095552
6649.7,1438408704,1450205184,1491095552
6650.8,1438408704,1450205184,1491095552
6651.8,1438408704,1450205184,1491095552
6652.8,1438408704,1450205184,1491095552
6653.8,1438408704,1450205184,1491095552
6654.8,1438408704,1450205184,1491095552
6655.8,1438408704,1450205184,1491095552
6656.8,1438408704,1450205184,1491095552
6657.9,1438408704,1450205184,1491095552
6658.9,1438408704,1450205184,1491095552
6659.9,1438408704,1450205184,1491095552
6660.9,1438408704,1450205184,1491095552
6661.9,1438408704,1450205184,1491095552
6662.9,1438408704,1450205184,1491095552
6664.0,1438408704,1450205184,1491095552
6665.0,1438408704,1450205184,1491095552
6666.0,1438408704,1450205184,1491095552
6667.0,1438408704,1450205184,1491095552
6668.0,1438408704,1450205184,1491095552
6669.0,1438408704,1450205184,1491095552
6670.0,1438408704,1450205184,1491095552
6671.1,1438408704,1450205184,1491095552
6672.1,1438408704,1450205184,1491095552
6673.1,1438408704,1450205184,1491095552
6674.1,1438408704,1450205184,1491095552
6675.1,1438408704,1450205184,1491095552
6676.1,1438408704,1450205184,1491095552
6677.1,1438408704,1450205184,1491095552
6678.2,1438408704,1450205184,1491095552
6679.2,1438408704,1450205184,1491095552
6680.2,1438408704,1450205184,1491095552
6681.2,1438408704,1450205184,1491095552
6682.2,1438408704,1450205184,1491095552
6683.2,1438408704,1450205184,1491095552
6684.2,1438408704,1450205184,1491095552
6685.2,1438408704,1450205184,1491095552
6686.3,1438408704,1450205184,1491095552
6687.3,1438408704,1450205184,1491095552
6688.3,1438408704,1450205184,1491095552
6689.3,1438408704,1450205184,1491095552
6690.3,1438408704,1450205184,1491095552
6691.3,1438408704,1450205184,1491095552
6692.3,1438408704,1450205184,1491095552
6693.4,1438408704,1450205184,1491095552
6694.4,1438408704,1450205184,1491095552
6695.4,1438408704,1450205184,1491095552
6696.4,1438408704,1450205184,1491095552
6697.4,1438408704,1450205184,1491095552
6698.4,1438408704,1450205184,1491095552
6699.4,1438408704,1450205184,1491095552
6700.5,1438408704,1450205184,1491095552
6701.5,1438408704,1450205184,1491095552
6702.5,1438408704,1450205184,1491095552
6703.5,1438408704,1450205184,1491095552
6704.5,1438408704,1450205184,1491095552
6705.6,1438408704,1450205184,1491095552
6706.6,1438408704,1450205184,1491095552
6707.6,1438408704,1450205184,1491095552
6708.6,1438408704,1450205184,1491095552
6709.6,1438408704,1450205184,1491095552
6710.6,1438408704,1450205184,1491095552
6711.6,1438408704,1450205184,1491095552
6712.7,1438408704,1450205184,1491095552
6713.7,1438408704,1450205184,1491095552
6714.7,1438408704,1450205184,1491095552
6715.7,1438408704,1450205184,1491095552
6716.7,1438408704,1450205184,1491095552
6717.7,1438408704,1450205184,1491095552
6718.7,1438408704,1450205184,1491095552
6719.7,1438408704,1450205184,1491095552
6720.8,1438408704,1450205184,1491095552
6721.8,1438408704,1450205184,1491095552
6722.8,1438408704,1450205184,1491095552
6723.8,1438408704,1450205184,1491095552
6724.8,1438408704,1450205184,1491095552
6725.8,1438408704,1450205184,1491095552
6726.8,1438408704,1450205184,1491095552
6727.9,1438408704,1450205184,1491095552
6728.9,1438408704,1450205184,1491095552
6729.9,1438408704,1450205184,1491095552
6730.9,1438408704,1450205184,1491095552
6731.9,1438408704,1450205184,1491095552
6732.9,1438408704,1450205184,1491095552
6733.9,1438408704,1450205184,1491095552
6734.9,1438408704,1450205184,1491095552
6736.0,1438408704,1450205184,1491095552
6737.0,1438408704,1450205184,1491095552
6738.0,1438408704,1450205184,1491095552
6739.0,1438408704,1450205184,1491095552
6740.0,1438408704,1450205184,1491095552
6741.0,1438408704,1450205184,1491095552
6742.0,1438408704,1450205184,1491095552
6743.0,1438408704,1450205184,1491095552
6744.1,1438408704,1450205184,1491095552
6745.1,1438408704,1450205184,1491095552
6746.1,1438408704,1450205184,1491095552
6747.1,1438408704,1450205184,1491095552
6748.1,1438408704,1450205184,1491095552
6749.1,1438408704,1450205184,1491095552
6750.1,1438408704,1450205184,1491095552
6751.1,1438408704,1450205184,1491095552
6752.1,1438408704,1450205184,1491095552
6753.2,1438408704,1450205184,1491095552
6754.2,1438408704,1450205184,1491095552
6755.2,1438408704,1450205184,1491095552
6756.2,1438408704,1450205184,1491095552
6757.2,1438408704,1450205184,1491095552
6758.2,1438408704,1450205184,1491095552
6759.2,1438408704,1450205184,1491095552
6760.2,1438408704,1450205184,1491095552
6761.3,1438408704,1450205184,1491095552
6762.3,1438408704,1450205184,1491095552
6763.3,1438408704,1450205184,1491095552
6764.3,1438408704,1450205184,1491095552
6765.3,1438408704,1450205184,1491095552
6766.3,1438408704,1450205184,1491095552
6767.3,1438408704,1450205184,1491095552
6768.3,1438408704,1450205184,1491095552
6769.4,1438408704,1450205184,1491095552
6770.4,1438408704,1450205184,1491095552
6771.4,1438408704,1450205184,1491095552
6772.4,1438408704,1450205184,1491095552
6773.4,1438408704,1450205184,1491095552
6774.4,1438408704,1450205184,1491095552
6775.4,1438408704,1450205184,1491095552
6776.4,1438408704,1450205184,1491095552
6777.4,1438408704,1450205184,1491095552
6778.5,1438408704,1450205184,1491095552
6779.5,1438408704,1450205184,1491095552
6780.5,1438408704,1450205184,1491095552
6781.5,1438408704,1450205184,1491095552
6782.5,1438408704,1450205184,1491095552
6783.5,1438408704,1450205184,1491095552
6784.5,1438408704,1450205184,1491095552
6785.5,1438408704,1450205184,1491095552
6786.6,1438408704,1450205184,1491095552
6787.6,1438408704,1450205184,1491095552
6788.6,1438408704,1450205184,1491095552
6789.6,1438408704,1450205184,1491095552
6790.6,1438408704,1450205184,1491095552
6791.6,1438408704,1450205184,1491095552
6792.6,1438408704,1450205184,1491095552
6793.6,1438408704,1450205184,1491095552
6794.7,1438408704,1450205184,1491095552
6795.7,1438408704,1450205184,1491095552
6796.7,1438408704,1450205184,1491095552
6797.7,1438408704,1450205184,1491095552
6798.7,1438408704,1450205184,1491095552
6799.7,1438408704,1450205184,1491095552
6800.7,1438408704,1450205184,1491095552
6801.7,1438408704,1450205184,1491095552
6802.8,1438408704,1450205184,1491095552
6803.8,1438408704,1450205184,1491095552
6804.8,1438408704,1450205184,1491095552
6805.8,1438408704,1450205184,1491095552
6806.8,1438408704,1450205184,1491095552
6807.8,1438408704,1450205184,1491095552
6808.8,1438408704,1450205184,1491095552
6809.8,1438408704,1450205184,1491095552
6810.9,1438408704,1450205184,1491095552
6811.9,1438408704,1450205184,1491095552
6812.9,1438408704,1450205184,1491095552
6813.9,1438408704,1450205184,1491095552
6814.9,1438408704,1450205184,1491095552
6815.9,1438408704,1450205184,1491095552
6816.9,1438408704,1450205184,1491095552
6817.9,1438408704,1450205184,1491095552
6819.0,1438408704,1450205184,1491095552
6820.0,1438408704,1450205184,1491095552
6821.0,1438408704,1450205184,1491095552
6822.0,1438408704,1450205184,1491095552
6823.0,1438408704,1450205184,1491095552
6824.0,1438408704,1450205184,1491095552
6825.0,1438408704,1450205184,1491095552
6826.1,1438408704,1450205184,1491095552
6827.1,1438408704,1450205184,1491095552
6828.1,1438408704,1450205184,1491095552
6829.1,1438408704,1450205184,1491095552
6830.1,1438408704,1450205184,1491095552
6831.1,1438408704,1450205184,1491095552
6832.1,1438408704,1450205184,1491095552
6833.2,1438408704,1450205184,1491095552
6834.2,1438408704,1450205184,1491095552
6835.2,1438408704,1450205184,1491095552
6836.2,1438408704,1450205184,1491095552
6837.2,1438408704,1450205184,1491095552
6838.2,1438408704,1450205184,1491095552
6839.2,1438408704,1450205184,1491095552
6840.3,1438408704,1450205184,1491095552
6841.3,1438408704,1450205184,1491095552
6842.3,1438408704,1450205184,1491095552
6843.3,1438408704,1450205184,1491095552
6844.3,1438408704,1450205184,1491095552
6845.3,1438408704,1450205184,1491095552
6846.3,1438408704,1450205184,1491095552
6847.3,1438408704,1450205184,1491095552
6848.4,1438408704,1450205184,1491095552
6849.4,1438408704,1450205184,1491095552
6850.4,1438408704,1450205184,1491095552
6851.4,1438408704,1450205184,1491095552
6852.4,1438408704,1450205184,1491095552
6853.4,1438408704,1450205184,1491095552
6854.4,1438408704,1450205184,1491095552
6855.4,1438408704,1450205184,1491095552
6856.5,1438408704,1450205184,1491095552
6857.5,1438408704,1450205184,1491095552
6858.5,1438408704,1450205184,1491095552
6859.5,1438408704,1450205184,1491095552
6860.5,1438408704,1450205184,1491095552
6861.5,1438408704,1450205184,1491095552
6862.5,1438408704,1450205184,1491095552
6863.5,1438408704,1450205184,1491095552
6864.6,1438408704,1450205184,1491095552
6865.6,1438408704,1450205184,1491095552
6866.6,1438408704,1450205184,1491095552
6867.6,1438408704,1450205184,1491095552
6868.6,1438408704,1450205184,1491095552
6869.6,1438408704,1450205184,1491095552
6870.6,1438408704,1450205184,1491095552
6871.7,1438408704,1450205184,1491095552
6872.7,1438408704,1450205184,1491095552
6873.7,1438408704,1450205184,1491095552
6874.7,1438408704,1450205184,1491095552
6875.7,1438408704,1450205184,1491095552
6876.7,1438408704,1450205184,1491095552
6877.7,1438408704,1450205184,1491095552
6878.7,1438408704,1450205184,1491095552
6879.8,1438408704,1450205184,1491095552
6880.8,1438408704,1450205184,1491095552
6881.8,1438408704,1450205184,1491095552
6882.8,1438408704,1450205184,1491095552
6883.8,1438408704,1450205184,1491095552
6884.8,1438408704,1450205184,1491095552
6885.8,1438408704,1450205184,1491095552
6886.8,1438408704,1450205184,1491095552
6887.9,1438408704,1450205184,1491095552
6888.9,1438408704,1450205184,1491095552
6889.9,1438408704,1450205184,1491095552
6890.9,1438408704,1450205184,1491095552
6891.9,1438408704,1450205184,1491095552
6892.9,1438408704,1450205184,1491095552
6894.0,1438408704,1450205184,1491095552
6895.0,1438408704,1450205184,1491095552
6896.0,1438408704,1450205184,1491095552
6897.0,1438408704,1450205184,1491095552
6898.0,1438408704,1450205184,1491095552
6899.0,1438408704,1450205184,1491095552
6900.0,1438408704,1450205184,1491095552
6901.0,1438408704,1450205184,1491095552
6902.1,1438408704,1450205184,1491095552
6903.1,1438408704,1450205184,1491095552
6904.1,1438408704,1450205184,1491095552
6905.1,1438408704,1450205184,1491095552
6906.1,1438408704,1450205184,1491095552
6907.1,1438408704,1450205184,1491095552
6908.1,1438408704,1450205184,1491095552
6909.2,1438408704,1450205184,1491095552
6910.2,1438408704,1450205184,1491095552
6911.2,1438408704,1450205184,1491095552
6912.2,1438408704,1450205184,1491095552
6913.2,1438408704,1450205184,1491095552
6914.2,1438408704,1450205184,1491095552
6915.2,1438408704,1450205184,1491095552
6916.3,1438408704,1450205184,1491095552
6917.3,1438408704,1450205184,1491095552
6918.3,1438408704,1450205184,1491095552
6919.3,1438408704,1450205184,1491095552
6920.3,1438408704,1450205184,1491095552
6921.3,1438408704,1450205184,1491095552
6922.3,1438408704,1450205184,1491095552
6923.3,1438408704,1450205184,1491095552
6924.4,1438408704,1450205184,1491095552
6925.4,1438408704,1450205184,1491095552
6926.4,1438408704,1450205184,1491095552
6927.4,1438408704,1450205184,1491095552
6928.4,1438408704,1450205184,1491095552
6929.4,1438408704,1450205184,1491095552
6930.4,1438408704,1450205184,1491095552
6931.4,1438408704,1450205184,1491095552
6932.5,1438408704,1450205184,1491095552
6933.5,1438408704,1450205184,1491095552
6934.5,1438408704,1450205184,1491095552
6935.5,1438408704,1450205184,1491095552
6936.5,1438408704,1450205184,1491095552
6937.5,1438408704,1450205184,1491095552
6938.5,1438408704,1450205184,1491095552
6939.5,1438408704,1450205184,1491095552
6940.6,1438408704,1450205184,1491095552
6941.6,1438408704,1450205184,1491095552
6942.6,1438408704,1450205184,1491095552
6943.6,1438408704,1450205184,1491095552
6944.6,1438408704,1450205184,1491095552
6945.6,1438408704,1450205184,1491095552
6946.7,1438408704,1450205184,1491095552
6947.7,1438408704,1450205184,1491095552
6948.7,1438408704,1450205184,1491095552
6949.7,1438408704,1450205184,1491095552
6950.7,1438408704,1450205184,1491095552
6951.7,1438408704,1450205184,1491095552
6952.8,1438408704,1450205184,1491095552
6953.8,1438408704,1450205184,1491095552
6954.8,1438408704,1450205184,1491095552
6955.8,1438408704,1450205184,1491095552
6956.8,1438408704,1450205184,1491095552
6957.8,1438408704,1450205184,1491095552
6958.8,1438408704,1450205184,1491095552
6959.8,1438408704,1450205184,1491095552
6960.9,1438408704,1450205184,1491095552
6961.9,1438408704,1450205184,1491095552
6962.9,1438408704,1450205184,1491095552
6963.9,1438408704,1450205184,1491095552
6964.9,1438408704,1450205184,1491095552
6965.9,1438408704,1450205184,1491095552
6966.9,1438408704,1450205184,1491095552
6967.9,1438408704,1450205184,1491095552
6969.0,1438408704,1450205184,1491095552
6970.0,1438408704,1450205184,1491095552
6971.0,1438408704,1450205184,1491095552
6972.0,1438408704,1450205184,1491095552
6973.0,1438408704,1450205184,1491095552
6974.0,1438408704,1450205184,1491095552
6975.0,1438408704,1450205184,1491095552
6976.1,1438408704,1450205184,1491095552
6977.1,1438408704,1450205184,1491095552
6978.1,1438408704,1450205184,1491095552
6979.1,1438408704,1450205184,1491095552
6980.1,1438408704,1450205184,1491095552
6981.1,1438408704,1450205184,1491095552
6982.1,1438408704,1450205184,1491095552
6983.2,1438408704,1450205184,1491095552
6984.2,1438408704,1450205184,1491095552
6985.2,1438408704,1450205184,1491095552
6986.2,1438408704,1450205184,1491095552
6987.2,1438408704,1450205184,1491095552
6988.2,1438408704,1450205184,1491095552
6989.2,1438408704,1450205184,1491095552
6990.3,1438408704,1450205184,1491095552
6991.3,1438408704,1450205184,1491095552
6992.3,1438408704,1450205184,1491095552
6993.3,1438408704,1450205184,1491095552
6994.3,1438408704,1450205184,1491095552
6995.3,1438408704,1450205184,1491095552
6996.3,1438408704,1450205184,1491095552
6997.4,1438408704,1450205184,1491095552
6998.4,1438408704,1450205184,1491095552
6999.4,1438408704,1450205184,1491095552
7000.4,1438408704,1450205184,1491095552
7001.4,1438408704,1450205184,1491095552
7002.4,1438408704,1450205184,1491095552
7003.4,1438408704,1450205184,1491095552
7004.4,1438408704,1450205184,1491095552
7005.5,1438408704,1450205184,1491095552
7006.5,1438408704,1450205184,1491095552
7007.5,1438408704,1450205184,1491095552
7008.5,1438408704,1450205184,1491095552
7009.5,1438408704,1450205184,1491095552
7010.5,1438408704,1450205184,1491095552
7011.5,1438408704,1450205184,1491095552
7012.5,1438408704,1450205184,1491095552
7013.6,1438408704,1450205184,1491095552
7014.6,1438408704,1450205184,1491095552
7015.6,1438408704,1450205184,1491095552
7016.6,1438408704,1450205184,1491095552
7017.6,1438408704,1450205184,1491095552
7018.6,1438408704,1450205184,1491095552
7019.6,1438408704,1450205184,1491095552
7020.6,1438408704,1450205184,1491095552
7021.7,1438408704,1450205184,1491095552
7022.7,1438408704,1450205184,1491095552
7023.7,1438408704,1450205184,1491095552
7024.7,1438408704,1450205184,1491095552
7025.7,1438408704,1450205184,1491095552
7026.7,1438408704,1450205184,1491095552
7027.7,1438408704,1450205184,1491095552
7028.8,1438408704,1450205184,1491095552
7029.8,1438408704,1450205184,1491095552
7030.8,1438408704,1450205184,1491095552
7031.8,1438408704,1450205184,1491095552
7032.8,1438408704,1450205184,1491095552
7033.8,1438408704,1450205184,1491095552
7034.8,1438408704,1450205184,1491095552
7035.8,1438408704,1450205184,1491095552
7036.9,1438408704,1450205184,1491095552
7037.9,1438408704,1450205184,1491095552
7038.9,1438408704,1450205184,1491095552
7039.9,1438408704,1450205184,1491095552
7040.9,1438408704,1450205184,1491095552
7041.9,1438408704,1450205184,1491095552
7042.9,1438408704,1450205184,1491095552
7044.0,1438408704,1450205184,1491095552
7045.0,1438408704,1450205184,1491095552
7046.0,1438408704,1450205184,1491095552
7047.0,1438408704,1450205184,1491095552
7048.0,1438408704,1450205184,1491095552
7049.0,1438408704,1450205184,1491095552
7050.0,1438408704,1450205184,1491095552
7051.0,1438408704,1450205184,1491095552
7052.1,1438408704,1450205184,1491095552
7053.1,1438408704,1450205184,1491095552
7054.1,1438408704,1450205184,1491095552
7055.1,1438408704,1450205184,1491095552
7056.1,1438408704,1450205184,1491095552
7057.1,1438408704,1450205184,1491095552
7058.1,1438408704,1450205184,1491095552
7059.1,1438408704,1450205184,1491095552
7060.2,1438408704,1450205184,1491095552
7061.2,1438408704,1450205184,1491095552
7062.2,1438408704,1450205184,1491095552
7063.2,1438408704,1450205184,1491095552
7064.2,1438408704,1450205184,1491095552
7065.2,1438408704,1450205184,1491095552
7066.2,1438408704,1450205184,1491095552
7067.2,1438408704,1450205184,1491095552
7068.3,1438408704,1450205184,1491095552
7069.3,1438408704,1450205184,1491095552
7070.3,1438408704,1450205184,1491095552
7071.3,1438408704,1450205184,1491095552
7072.3,1438408704,1450205184,1491095552
7073.3,1438408704,1450205184,1491095552
7074.3,1438408704,1450205184,1491095552
7075.4,1438408704,1450205184,1491095552
7076.4,1438408704,1450205184,1491095552
7077.4,1438408704,1450205184,1491095552
7078.4,1438408704,1450205184,1491095552
7079.4,1438408704,1450205184,1491095552
7080.4,1438408704,1450205184,1491095552
7081.4,1438408704,1450205184,1491095552
7082.5,1438408704,1450205184,1491095552
7083.5,1438408704,1450205184,1491095552
7084.5,1438408704,1450205184,1491095552
7085.5,1438408704,1450205184,1491095552
7086.5,1438408704,1450205184,1491095552
7087.5,1438408704,1450205184,1491095552
7088.5,1438408704,1450205184,1491095552
7089.6,1438408704,1450205184,1491095552
7090.6,1438408704,1450205184,1491095552
7091.6,1438408704,1450205184,1491095552
7092.6,1438408704,1450205184,1491095552
7093.6,1438408704,1450205184,1491095552
7094.6,1438408704,1450205184,1491095552
7095.6,1438408704,1450205184,1491095552
7096.7,1438408704,1450205184,1491095552
7097.7,1438408704,1450205184,1491095552
7098.7,1438408704,1450205184,1491095552
7099.7,1438408704,1450205184,1491095552
7100.7,1438408704,1450205184,1491095552
7101.7,1438408704,1450205184,1491095552
7102.7,1438408704,1450205184,1491095552
7103.8,1438408704,1450205184,1491095552
7104.8,1438408704,1450205184,1491095552
7105.8,1438408704,1450205184,1491095552
7106.8,1438408704,1450205184,1491095552
7107.8,1438408704,1450205184,1491095552
7108.8,1438408704,1450205184,1491095552
7109.8,1438408704,1450205184,1491095552
7110.9,1438408704,1450205184,1491095552
7111.9,1438408704,1450205184,1491095552
7112.9,1438408704,1450205184,1491095552
7113.9,1438408704,1450205184,1491095552
7114.9,1438408704,1450205184,1491095552
7115.9,1438408704,1450205184,1491095552
7116.9,1438408704,1450205184,1491095552
7118.0,1438408704,1450205184,1491095552
7119.0,1438408704,1450205184,1491095552
7120.0,1438408704,1450205184,1491095552
7121.0,1438408704,1450205184,1491095552
7122.0,1438408704,1450205184,1491095552
7123.0,1438408704,1450205184,1491095552
7124.0,1438408704,1450205184,1491095552
7125.1,1438408704,1450205184,1491095552
7126.1,1438408704,1450205184,1491095552
7127.1,1438408704,1450205184,1491095552
7128.1,1438408704,1450205184,1491095552
7129.1,1438408704,1450205184,1491095552
7130.1,1438408704,1450205184,1491095552
7131.1,1438408704,1450205184,1491095552
7132.1,1438408704,1450205184,1491095552
7133.2,1438408704,1450205184,1491095552
7134.2,1438408704,1450205184,1491095552
7135.2,1438408704,1450205184,1491095552
7136.2,1438408704,1450205184,1491095552
7137.2,1438408704,1450205184,1491095552
7138.2,1438408704,1450205184,1491095552
7139.2,1438408704,1450205184,1491095552
7140.3,1438408704,1450205184,1491095552
7141.3,1438408704,1450205184,1491095552
7142.3,1438408704,1450205184,1491095552
7143.3,1438408704,1450205184,1491095552
7144.3,1438408704,1450205184,1491095552
7145.3,1438408704,1450205184,1491095552
7146.3,1438408704,1450205184,1491095552
7147.4,1438408704,1450205184,1491095552
7148.4,1438408704,1450205184,1491095552
7149.4,1438408704,1450205184,1491095552
7150.4,1438408704,1450205184,1491095552
7151.4,1438408704,1450205184,1491095552
7152.4,1438408704,1450205184,1491095552
7153.4,1438408704,1450205184,1491095552
7154.5,1438408704,1450205184,1491095552
7155.5,1438408704,1450205184,1491095552
7156.5,1438408704,1450205184,1491095552
7157.5,1438408704,1450205184,1491095552
7158.5,1438408704,1450205184,1491095552
7159.5,1438408704,1450205184,1491095552
7160.5,1438408704,1450205184,1491095552
7161.6,1438408704,1450205184,1491095552
7162.6,1438408704,1450205184,1491095552
7163.6,1438408704,1450205184,1491095552
7164.6,1438408704,1450205184,1491095552
7165.6,1438408704,1450205184,1491095552
7166.6,1438408704,1450205184,1491095552
7167.6,1438408704,1450205184,1491095552
7168.7,1438408704,1450205184,1491095552
7169.7,1438408704,1450205184,1491095552
7170.7,1438408704,1450205184,1491095552
7171.7,1438408704,1450205184,1491095552
7172.7,1438408704,1450205184,1491095552
7173.7,1438408704,1450205184,1491095552
7174.7,1438408704,1450205184,1491095552
7175.8,1438408704,1450205184,1491095552
7176.8,1438408704,1450205184,1491095552
7177.8,1438408704,1450205184,1491095552
7178.8,1438408704,1450205184,1491095552
7179.8,1438408704,1450205184,1491095552
7180.8,1438408704,1450205184,1491095552
7181.8,1438408704,1450205184,1491095552
7182.8,1438408704,1450205184,1491095552
7183.9,1438408704,1450205184,1491095552
7184.9,1438408704,1450205184,1491095552
7185.9,1438408704,1450205184,1491095552
7186.9,1438408704,1450205184,1491095552
7187.9,1438408704,1450205184,1491095552
7188.9,1438408704,1450205184,1491095552
7190.0,1438408704,1450205184,1491095552
7191.0,1438408704,1450205184,1491095552
7192.0,1438408704,1450205184,1491095552
7193.0,1438408704,1450205184,1491095552
7194.0,1438408704,1450205184,1491095552
7195.0,1438408704,1450205184,1491095552
7196.0,1438408704,1450205184,1491095552
7197.1,1438408704,1450205184,1491095552
7198.1,1438408704,1450205184,1491095552
7199.1,1438408704,1450205184,1491095552
7200.1,1438408704,1450205184,1491095552
7201.1,1438408704,1450205184,1491095552
7202.1,1438408704,1450205184,1491095552
7203.1,1438408704,1450205184,1491095552
7204.2,1438408704,1450205184,1491095552
7205.2,1438408704,1450205184,1491095552
7206.2,1438408704,1450205184,1491095552
7207.2,1438408704,1450205184,1491095552
7208.2,1438408704,1450205184,1491095552
7209.2,1438408704,1450205184,1491095552
7210.2,1438408704,1450205184,1491095552
7211.3,1438408704,1450205184,1491095552
7212.3,1438408704,1450205184,1491095552
7213.3,1438408704,1450205184,1491095552
7214.3,1438408704,1450205184,1491095552
7215.3,1438408704,1450205184,1491095552
7216.3,1438408704,1450205184,1491095552
7217.4,1438408704,1450205184,1491095552
7218.4,1438408704,1450205184,1491095552
7219.4,1438408704,1450205184,1491095552
7220.4,1438408704,1450205184,1491095552
7221.4,1438408704,1450205184,1491095552
7222.4,1438408704,1450205184,1491095552
7223.4,1438408704,1450205184,1491095552
7224.5,1438408704,1450205184,1491095552
7225.5,1438408704,1450205184,1491095552
7226.5,1438408704,1450205184,1491095552
7227.5,1438408704,1450205184,1491095552
7228.5,1438408704,1450205184,1491095552
7229.5,1438408704,1450205184,1491095552
7230.5,1438408704,1450205184,1491095552
7231.6,1438408704,1450205184,1491095552
7232.6,1438408704,1450205184,1491095552
7233.6,1438408704,1450205184,1491095552
7234.6,1438408704,1450205184,1491095552
7235.6,1438408704,1450205184,1491095552
7236.6,1438408704,1450205184,1491095552
7237.6,1438408704,1450205184,1491095552
7238.7,1438408704,1450205184,1491095552
7239.7,1438408704,1450205184,1491095552
7240.7,1438408704,1450205184,1491095552
7241.7,1438408704,1450205184,1491095552
7242.7,1438408704,1450205184,1491095552
7243.8,1438408704,1450205184,1491095552
7244.8,1438408704,1450205184,1491095552
7245.8,1438408704,1450205184,1491095552
7246.8,1438408704,1450205184,1491095552
7247.8,1438408704,1450205184,1491095552
7248.8,1438408704,1450205184,1491095552
7249.8,1438408704,1450205184,1491095552
7250.8,1438408704,1450205184,1491095552
7251.9,1438408704,1450205184,1491095552
7252.9,1438408704,1450205184,1491095552
7253.9,1438408704,1450205184,1491095552
7254.9,1438408704,1450205184,1491095552
7255.9,1438408704,1450205184,1491095552
7256.9,1438408704,1450205184,1491095552
7257.9,1438408704,1450205184,1491095552
7259.0,1438408704,1450205184,1491095552
7260.0,1438408704,1450205184,1491095552
7261.0,1438408704,1450205184,1491095552
7262.0,1438408704,1450205184,1491095552
7263.0,1438408704,1450205184,1491095552
7264.0,1438408704,1450205184,1491095552
7265.1,1438408704,1450205184,1491095552
7266.1,1438408704,1450205184,1491095552
7267.1,1438408704,1450205184,1491095552
7268.1,1438408704,1450205184,1491095552
7269.1,1438408704,1450205184,1491095552
7270.1,1438408704,1450205184,1491095552
7271.1,1438408704,1450205184,1491095552
7272.2,1438408704,1450205184,1491095552
7273.2,1438408704,1450205184,1491095552
7274.2,1438408704,1450205184,1491095552
7275.2,1438408704,1450205184,1491095552
7276.2,1438408704,1450205184,1491095552
7277.2,1438408704,1450205184,1491095552
7278.2,1438408704,1450205184,1491095552
7279.3,1438408704,1450205184,1491095552
7280.3,1438408704,1450205184,1491095552
7281.3,1438408704,1450205184,1491095552
7282.3,1438408704,1450205184,1491095552
7283.3,1438408704,1450205184,1491095552
7284.3,1438408704,1450205184,1491095552
7285.3,1438408704,1450205184,1491095552
7286.4,1438408704,1450205184,1491095552
7287.4,1438408704,1450205184,1491095552
7288.4,1438408704,1450205184,1491095552
7289.4,1438408704,1450205184,1491095552
7290.4,1438408704,1450205184,1491095552
7291.4,1438408704,1450205184,1491095552
7292.4,1438408704,1450205184,1491095552
7293.4,1438408704,1450205184,1491095552
7294.5,1438408704,1450205184,1491095552
7295.5,1438408704,1450205184,1491095552
7296.5,1438408704,1450205184,1491095552
7297.5,1438408704,1450205184,1491095552
7298.5,1438408704,1450205184,1491095552
7299.5,1438408704,1450205184,1491095552
7300.5,1438408704,1450205184,1491095552
7301.6,1438408704,1450205184,1491095552
7302.6,1438408704,1450205184,1491095552
7303.6,1438408704,1450205184,1491095552
7304.6,1438408704,1450205184,1491095552
7305.6,1438408704,1450205184,1491095552
7306.6,1438408704,1450205184,1491095552
7307.6,1438408704,1450205184,1491095552
7308.7,1438408704,1450205184,1491095552
7309.7,1438408704,1450205184,1491095552
7310.7,1438408704,1450205184,1491095552
7311.7,1438408704,1450205184,1491095552
7312.7,1438408704,1450205184,1491095552
7313.7,1438408704,1450205184,1491095552
7314.7,1438408704,1450205184,1491095552
7315.7,1438408704,1450205184,1491095552
7316.8,1438408704,1450205184,1491095552
7317.8,1438408704,1450205184,1491095552
7318.8,1438408704,1450205184,1491095552
7319.8,1438408704,1450205184,1491095552
7320.8,1438408704,1450205184,1491095552
7321.8,1438408704,1450205184,1491095552
7322.8,1438408704,1450205184,1491095552
7323.9,1438408704,1450205184,1491095552
7324.9,1438408704,1450205184,1491095552
7325.9,1438408704,1450205184,1491095552
7326.9,1438408704,1450205184,1491095552
7327.9,1438408704,1450205184,1491095552
7328.9,1438408704,1450205184,1491095552
7329.9,1438408704,1450205184,1491095552
7331.0,1438408704,1450205184,1491095552
7332.0,1438408704,1450205184,1491095552
7333.0,1438408704,1450205184,1491095552
7334.0,1438408704,1450205184,1491095552
7335.0,1438408704,1450205184,1491095552
7336.0,1438408704,1450205184,1491095552
7337.0,1438408704,1450205184,1491095552
7338.1,1438408704,1450205184,1491095552
7339.1,1438408704,1450205184,1491095552
7340.1,1438408704,1450205184,1491095552
7341.1,1438408704,1450205184,1491095552
7342.1,1438408704,1450205184,1491095552
7343.1,1438408704,1450205184,1491095552
7344.1,1438408704,1450205184,1491095552
7345.2,1438408704,1450205184,1491095552
7346.2,1438408704,1450205184,1491095552
7347.2,1438408704,1450205184,1491095552
7348.2,1438408704,1450205184,1491095552
7349.2,1438408704,1450205184,1491095552
7350.2,1438408704,1450205184,1491095552
7351.2,1438408704,1450205184,1491095552
7352.2,1438408704,1450205184,1491095552
7353.3,1438408704,1450205184,1491095552
7354.3,1438408704,1450205184,1491095552
7355.3,1438408704,1450205184,1491095552
7356.3,1438408704,1450205184,1491095552
7357.3,1438408704,1450205184,1491095552
7358.3,1438408704,1450205184,1491095552
7359.4,1438408704,1450205184,1491095552
7360.4,1438408704,1450205184,1491095552
7361.4,1438408704,1450205184,1491095552
7362.4,1438408704,1450205184,1491095552
7363.4,1438408704,1450205184,1491095552
7364.4,1438408704,1450205184,1491095552
7365.4,1438408704,1450205184,1491095552
7366.5,1438408704,1450205184,1491095552
7367.5,1438408704,1450205184,1491095552
7368.5,1438408704,1450205184,1491095552
7369.5,1438408704,1450205184,1491095552
7370.5,1438408704,1450205184,1491095552
7371.5,1438408704,1450205184,1491095552
7372.5,1438408704,1450205184,1491095552
7373.5,1438408704,1450205184,1491095552
7374.6,1438408704,1450205184,1491095552
7375.6,1438408704,1450205184,1491095552
7376.6,1438408704,1450205184,1491095552
7377.6,1438408704,1450205184,1491095552
7378.6,1438408704,1450205184,1491095552
7379.6,1438408704,1450205184,1491095552
7380.6,1438408704,1450205184,1491095552
7381.6,1438408704,1450205184,1491095552
7382.7,1438408704,1450205184,1491095552
7383.7,1438408704,1450205184,1491095552
7384.7,1438408704,1450205184,1491095552
7385.7,1438408704,1450205184,1491095552
7386.7,1438408704,1450205184,1491095552
7387.7,1438408704,1450205184,1491095552
7388.7,1438408704,1450205184,1491095552
7389.8,1438408704,1450205184,1491095552
7390.8,1438408704,1450205184,1491095552
7391.8,1438408704,1450205184,1491095552
7392.8,1438408704,1450205184,1491095552
7393.8,1438408704,1450205184,1491095552
7394.8,1438408704,1450205184,1491095552
7395.8,1438408704,1450205184,1491095552
7396.9,1438408704,1450205184,1491095552
7397.9,1438408704,1450205184,1491095552
7398.9,1438408704,1450205184,1491095552
7399.9,1438408704,1450205184,1491095552
7400.9,1438408704,1450205184,1491095552
7401.9,1438408704,1450205184,1491095552
7402.9,1438408704,1450205184,1491095552
7403.9,1438408704,1450205184,1491095552
7405.0,1438408704,1450205184,1491095552
7406.0,1438408704,1450205184,1491095552
7407.0,1438408704,1450205184,1491095552
7408.0,1438408704,1450205184,1491095552
7409.0,1438408704,1450205184,1491095552
7410.0,1438408704,1450205184,1491095552
7411.0,1438408704,1450205184,1491095552
7412.1,1438408704,1450205184,1491095552
7413.1,1438408704,1450205184,1491095552
7414.1,1438408704,1450205184,1491095552
7415.1,1438408704,1450205184,1491095552
7416.1,1438408704,1450205184,1491095552
7417.1,1438408704,1450205184,1491095552
7418.2,1438408704,1450205184,1491095552
7419.2,1438408704,1450205184,1491095552
7420.2,1438408704,1450205184,1491095552
7421.2,1438408704,1450205184,1491095552
7422.2,1438408704,1450205184,1491095552
7423.2,1438408704,1450205184,1491095552
7424.2,1438408704,1450205184,1491095552
7425.2,1438408704,1450205184,1491095552
7426.3,1438408704,1450205184,1491095552
7427.3,1438408704,1450205184,1491095552
7428.3,1438408704,1450205184,1491095552
7429.3,1438408704,1450205184,1491095552
7430.3,1438408704,1450205184,1491095552
7431.3,1438408704,1450205184,1491095552
7432.3,1438408704,1450205184,1491095552
7433.4,1438408704,1450205184,1491095552
7434.4,1438408704,1450205184,1491095552
7435.4,1438408704,1450205184,1491095552
7436.4,1438408704,1450205184,1491095552
7437.4,1438408704,1450205184,1491095552
7438.4,1438408704,1450205184,1491095552
7439.4,1438408704,1450205184,1491095552
7440.4,1438408704,1450205184,1491095552
7441.5,1438408704,1450205184,1491095552
7442.5,1438408704,1450205184,1491095552
7443.5,1438408704,1450205184,1491095552
7444.5,1438408704,1450205184,1491095552
7445.5,1438408704,1450205184,1491095552
7446.5,1438408704,1450205184,1491095552
7447.5,1438408704,1450205184,1491095552
7448.6,1438408704,1450205184,1491095552
7449.6,1438408704,1450205184,1491095552
7450.6,1438408704,1450205184,1491095552
7451.6,1438408704,1450205184,1491095552
7452.6,1438408704,1450205184,1491095552
7453.6,1438408704,1450205184,1491095552
7454.6,1438408704,1450205184,1491095552
7455.7,1438408704,1450205184,1491095552
7456.7,1438408704,1450205184,1491095552
7457.7,1438408704,1450205184,1491095552
7458.7,1438408704,1450205184,1491095552
7459.7,1438408704,1450205184,1491095552
7460.7,1438408704,1450205184,1491095552
7461.7,1438408704,1450205184,1491095552
7462.8,1438408704,1450205184,1491095552
7463.8,1438408704,1450205184,1491095552
7464.8,1438408704,1450205184,1491095552
7465.8,1438408704,1450205184,1491095552
7466.8,1438408704,1450205184,1491095552
7467.8,1438408704,1450205184,1491095552
7468.8,1438408704,1450205184,1491095552
7469.9,1438408704,1450205184,1491095552
7470.9,1438408704,1450205184,1491095552
7471.9,1438408704,1450205184,1491095552
7472.9,1438408704,1450205184,1491095552
7473.9,1438408704,1450205184,1491095552
7474.9,1438408704,1450205184,1491095552
7475.9,1438408704,1450205184,1491095552
7477.0,1438408704,1450205184,1491095552
7478.0,1438408704,1450205184,1491095552
7479.0,1438408704,1450205184,1491095552
7480.0,1438408704,1450205184,1491095552
7481.0,1438408704,1450205184,1491095552
7482.0,1438408704,1450205184,1491095552
7483.0,1438408704,1450205184,1491095552
7484.1,1438408704,1450205184,1491095552
7485.1,1438408704,1450205184,1491095552
7486.1,1438408704,1450205184,1491095552
7487.1,1438408704,1450205184,1491095552
7488.1,1438408704,1450205184,1491095552
7489.1,1438408704,1450205184,1491095552
7490.1,1438408704,1450205184,1491095552
7491.1,1438408704,1450205184,1491095552
7492.2,1438408704,1450205184,1491095552
7493.2,1438408704,1450205184,1491095552
7494.2,1438408704,1450205184,1491095552
7495.2,1438408704,1450205184,1491095552
7496.2,1438408704,1450205184,1491095552
7497.2,1438408704,1450205184,1491095552
7498.2,1438408704,1450205184,1491095552
7499.3,1438408704,1450205184,1491095552
7500.3,1438408704,1450205184,1491095552
7501.3,1438408704,1450205184,1491095552
7502.3,1438408704,1450205184,1491095552
7503.3,1438408704,1450205184,1491095552
7504.3,1438408704,1450205184,1491095552
7505.3,1438408704,1450205184,1491095552
7506.4,1438408704,1450205184,1491095552
7507.4,1438408704,1450205184,1491095552
7508.4,1438408704,1450205184,1491095552
7509.4,1438408704,1450205184,1491095552
7510.4,1438408704,1450205184,1491095552
7511.4,1438408704,1450205184,1491095552
7512.4,1438408704,1450205184,1491095552
7513.4,1438408704,1450205184,1491095552
7514.4,1438408704,1450205184,1491095552
7515.5,1438408704,1450205184,1491095552
7516.5,1438408704,1450205184,1491095552
7517.5,1438408704,1450205184,1491095552
7518.5,1438408704,1450205184,1491095552
7519.5,1438408704,1450205184,1491095552
7520.5,1438408704,1450205184,1491095552
7521.5,1438408704,1450205184,1491095552
7522.6,1438408704,1450205184,1491095552
7523.6,1438408704,1450205184,1491095552
7524.6,1438408704,1450205184,1491095552
7525.6,1438408704,1450205184,1491095552
7526.6,1438408704,1450205184,1491095552
7527.6,1438408704,1450205184,1491095552
7528.6,1438408704,1450205184,1491095552
7529.7,1438408704,1450205184,1491095552
7530.7,1438408704,1450205184,1491095552
7531.7,1438408704,1450205184,1491095552
7532.7,1438408704,1450205184,1491095552
7533.7,1438408704,1450205184,1491095552
7534.7,1438408704,1450205184,1491095552
7535.7,1438408704,1450205184,1491095552
7536.8,1438408704,1450205184,1491095552
7537.8,1438408704,1450205184,1491095552
7538.8,1438408704,1450205184,1491095552
7539.8,1438408704,1450205184,1491095552
7540.8,1438408704,1450205184,1491095552
7541.8,1438408704,1450205184,1491095552
7542.9,1438408704,1450205184,1491095552
7543.9,1438408704,1450205184,1491095552
7544.9,1438408704,1450205184,1491095552
7545.9,1438408704,1450205184,1491095552
7546.9,1438408704,1450205184,1491095552
7547.9,1438408704,1450205184,1491095552
7549.0,1438408704,1450205184,1491095552
7550.0,1438408704,1450205184,1491095552
7551.0,1438408704,1450205184,1491095552
7552.0,1438408704,1450205184,1491095552
7553.0,1438408704,1450205184,1491095552
7554.0,1438408704,1450205184,1491095552
7555.0,1438408704,1450205184,1491095552
7556.0,1438408704,1450205184,1491095552
7557.1,1438408704,1450205184,1491095552
7558.1,1438408704,1450205184,1491095552
7559.1,1438408704,1450205184,1491095552
7560.1,1438408704,1450205184,1491095552
7561.1,1438408704,1450205184,1491095552
7562.1,1438408704,1450205184,1491095552
7563.1,1438408704,1450205184,1491095552
7564.2,1438408704,1450205184,1491095552
7565.2,1438408704,1450205184,1491095552
7566.2,1438408704,1450205184,1491095552
7567.2,1438408704,1450205184,1491095552
7568.2,1438408704,1450205184,1491095552
7569.2,1438408704,1450205184,1491095552
7570.2,1438408704,1450205184,1491095552
7571.3,1438408704,1450205184,1491095552
7572.3,1438408704,1450205184,1491095552
7573.3,1438408704,1450205184,1491095552
7574.3,1438408704,1450205184,1491095552
7575.3,1438408704,1450205184,1491095552
7576.3,1438408704,1450205184,1491095552
7577.3,1438408704,1450205184,1491095552
7578.3,1438408704,1450205184,1491095552
7579.3,1438408704,1450205184,1491095552
7580.4,1438408704,1450205184,1491095552
7581.4,1438408704,1450205184,1491095552
7582.4,1438408704,1450205184,1491095552
7583.4,1438408704,1450205184,1491095552
7584.4,1438408704,1450205184,1491095552
7585.4,1438408704,1450205184,1491095552
7586.4,1438408704,1450205184,1491095552
7587.5,1438408704,1450205184,1491095552
7588.5,1438408704,1450205184,1491095552
7589.5,1438408704,1450205184,1491095552
7590.5,1438408704,1450205184,1491095552
7591.5,1438408704,1450205184,1491095552
7592.5,1438408704,1450205184,1491095552
7593.5,1438408704,1450205184,1491095552
7594.6,1438408704,1450205184,1491095552
7595.6,1438408704,1450205184,1491095552
7596.6,1438408704,1450205184,1491095552
7597.6,1438408704,1450205184,1491095552
7598.6,1438408704,1450205184,1491095552
7599.6,1438408704,1450205184,1491095552
7600.6,1438408704,1450205184,1491095552
7601.6,1438408704,1450205184,1491095552
7602.7,1438408704,1450205184,1491095552
7603.7,1438408704,1450205184,1491095552
7604.7,1438408704,1450205184,1491095552
7605.7,1438408704,1450205184,1491095552
7606.7,1438408704,1450205184,1491095552
7607.7,1438408704,1450205184,1491095552
7608.7,1438408704,1450205184,1491095552
7609.8,1438408704,1450205184,1491095552
7610.8,1438408704,1450205184,1491095552
7611.8,1438408704,1450205184,1491095552
7612.8,1438408704,1450205184,1491095552
7613.8,1438408704,1450205184,1491095552
7614.8,1438408704,1450205184,1491095552
7615.8,1438408704,1450205184,1491095552
7616.8,1438408704,1450205184,1491095552
7617.8,1438408704,1450205184,1491095552
7618.9,1438408704,1450205184,1491095552
7619.9,1438408704,1450205184,1491095552
7620.9,1438408704,1450205184,1491095552
7621.9,1438408704,1450205184,1491095552
7622.9,1438408704,1450205184,1491095552
7623.9,1438408704,1450205184,1491095552
7624.9,1438408704,1450205184,1491095552
7626.0,1438408704,1450205184,1491095552
7627.0,1438408704,1450205184,1491095552
7628.0,1438408704,1450205184,1491095552
7629.0,1438408704,1450205184,1491095552
7630.0,1438408704,1450205184,1491095552
7631.0,1438408704,1450205184,1491095552
7632.0,1438408704,1450205184,1491095552
7633.1,1438408704,1450205184,1491095552
7634.1,1438408704,1450205184,1491095552
7635.1,1438408704,1450205184,1491095552
7636.1,1438408704,1450205184,1491095552
7637.1,1438408704,1450205184,1491095552
7638.1,1438408704,1450205184,1491095552
7639.1,1438408704,1450205184,1491095552
7640.1,1438408704,1450205184,1491095552
7641.2,1438408704,1450205184,1491095552
7642.2,1438408704,1450205184,1491095552
7643.2,1438408704,1450205184,1491095552
7644.2,1438408704,1450205184,1491095552
7645.2,1438408704,1450205184,1491095552
7646.2,1438408704,1450205184,1491095552
7647.2,1438408704,1450205184,1491095552
7648.2,1438408704,1450205184,1491095552
7649.3,1438408704,1450205184,1491095552
7650.3,1438408704,1450205184,1491095552
7651.3,1438408704,1450205184,1491095552
7652.3,1438408704,1450205184,1491095552
7653.3,1438408704,1450205184,1491095552
7654.3,1438408704,1450205184,1491095552
7655.3,1438408704,1450205184,1491095552
7656.4,1438408704,1450205184,1491095552
7657.4,1438408704,1450205184,1491095552
7658.4,1438408704,1450205184,1491095552
7659.4,1438408704,1450205184,1491095552
7660.4,1438408704,1450205184,1491095552
7661.4,1438408704,1450205184,1491095552
7662.4,1438408704,1450205184,1491095552
7663.5,1438408704,1450205184,1491095552
7664.5,1438408704,1450205184,1491095552
7665.5,1438408704,1450205184,1491095552
7666.5,1438408704,1450205184,1491095552
7667.5,1438408704,1450205184,1491095552
7668.5,1438408704,1450205184,1491095552
7669.5,1438408704,1450205184,1491095552
7670.6,1438408704,1450205184,1491095552
7671.6,1438408704,1450205184,1491095552
7672.6,1438408704,1450205184,1491095552
7673.6,1438408704,1450205184,1491095552
7674.6,1438408704,1450205184,1491095552
7675.6,1438408704,1450205184,1491095552
7676.6,1438408704,1450205184,1491095552
7677.7,1438408704,1450205184,1491095552
7678.7,1438408704,1450205184,1491095552
7679.7,1438408704,1450205184,1491095552
7680.7,1438408704,1450205184,1491095552
7681.7,1438408704,1450205184,1491095552
7682.7,1438408704,1450205184,1491095552
7683.7,1438408704,1450205184,1491095552
7684.8,1438408704,1450205184,1491095552
7685.8,1438408704,1450205184,1491095552
7686.8,1438408704,1450205184,1491095552
7687.8,1438408704,1450205184,1491095552
7688.8,1438408704,1450205184,1491095552
7689.8,1438408704,1450205184,1491095552
7690.8,1438408704,1450205184,1491095552
7691.9,1438408704,1450205184,1491095552
7692.9,1438408704,1450205184,1491095552
7693.9,1438408704,1450205184,1491095552
7694.9,1438408704,1450205184,1491095552
7695.9,1438408704,1450205184,1491095552
7696.9,1438408704,1450205184,1491095552
7698.0,1438408704,1450205184,1491095552
7699.0,1438408704,1450205184,1491095552
7700.0,1438408704,1450205184,1491095552
7701.0,1438408704,1450205184,1491095552
7702.0,1438408704,1450205184,1491095552
7703.0,1438408704,1450205184,1491095552
7704.0,1438408704,1450205184,1491095552
7705.0,1438408704,1450205184,1491095552
7706.1,1438408704,1450205184,1491095552
7707.1,1438408704,1450205184,1491095552
7708.1,1438408704,1450205184,1491095552
7709.1,1438408704,1450205184,1491095552
7710.1,1438408704,1450205184,1491095552
7711.1,1438408704,1450205184,1491095552
7712.1,1438408704,1450205184,1491095552
7713.2,1438408704,1450205184,1491095552
7714.2,1438408704,1450205184,1491095552
7715.2,1438408704,1450205184,1491095552
7716.2,1438408704,1450205184,1491095552
7717.2,1438408704,1450205184,1491095552
7718.2,1438408704,1450205184,1491095552
7719.2,1438408704,1450205184,1491095552
7720.3,1438408704,1450205184,1491095552
7721.3,1438408704,1450205184,1491095552
7722.3,1438408704,1450205184,1491095552
7723.3,1438408704,1450205184,1491095552
7724.3,1438408704,1450205184,1491095552
7725.3,1438408704,1450205184,1491095552
7726.3,1438408704,1450205184,1491095552
7727.4,1438408704,1450205184,1491095552
7728.4,1438408704,1450205184,1491095552
7729.4,1438408704,1450205184,1491095552
7730.4,1438408704,1450205184,1491095552
7731.4,1438408704,1450205184,1491095552
7732.4,1438408704,1450205184,1491095552
7733.4,1438408704,1450205184,1491095552
7734.5,1438408704,1450205184,1491095552
7735.5,1438408704,1450205184,1491095552
7736.5,1438408704,1450205184,1491095552
7737.5,1438408704,1450205184,1491095552
7738.5,1438408704,1450205184,1491095552
7739.5,1438408704,1450205184,1491095552
7740.5,1438408704,1450205184,1491095552
7741.6,1438408704,1450205184,1491095552
7742.6,1438408704,1450205184,1491095552
7743.6,1438408704,1450205184,1491095552
7744.6,1438408704,1450205184,1491095552
7745.6,1438408704,1450205184,1491095552
7746.6,1438408704,1450205184,1491095552
7747.6,1438408704,1450205184,1491095552
7748.7,1438408704,1450205184,1491095552
7749.7,1438408704,1450205184,1491095552
7750.7,1438408704,1450205184,1491095552
7751.7,1438408704,1450205184,1491095552
7752.7,1438408704,1450205184,1491095552
7753.7,1438408704,1450205184,1491095552
7754.7,1438408704,1450205184,1491095552
7755.8,1438408704,1450205184,1491095552
7756.8,1438408704,1450205184,1491095552
7757.8,1438408704,1450205184,1491095552
7758.8,1438408704,1450205184,1491095552
7759.8,1438408704,1450205184,1491095552
7760.8,1438408704,1450205184,1491095552
7761.8,1438408704,1450205184,1491095552
7762.9,1438408704,1450205184,1491095552
7763.9,1438408704,1450205184,1491095552
7764.9,1438408704,1450205184,1491095552
7765.9,1438408704,1450205184,1491095552
7766.9,1438408704,1450205184,1491095552
7767.9,1438408704,1450205184,1491095552
7768.9,1438408704,1450205184,1491095552
7769.9,1438408704,1450205184,1491095552
7771.0,1438408704,1450205184,1491095552
7772.0,1438408704,1450205184,1491095552
7773.0,1438408704,1450205184,1491095552
7774.0,1438408704,1450205184,1491095552
7775.0,1438408704,1450205184,1491095552
7776.0,1438408704,1450205184,1491095552
7777.1,1438408704,1450205184,1491095552
7778.1,1438408704,1450205184,1491095552
7779.1,1438408704,1450205184,1491095552
7780.1,1438408704,1450205184,1491095552
7781.1,1438408704,1450205184,1491095552
7782.1,1438408704,1450205184,1491095552
7783.1,1438408704,1450205184,1491095552
7784.2,1438408704,1450205184,1491095552
7785.2,1438408704,1450205184,1491095552
7786.2,1438408704,1450205184,1491095552
7787.2,1438408704,1450205184,1491095552
7788.2,1438408704,1450205184,1491095552
7789.2,1438408704,1450205184,1491095552
7790.2,1438408704,1450205184,1491095552
7791.3,1438408704,1450205184,1491095552
7792.3,1438408704,1450205184,1491095552
7793.3,1438408704,1450205184,1491095552
7794.3,1438408704,1450205184,1491095552
7795.3,1438408704,1450205184,1491095552
7796.3,1438408704,1450205184,1491095552
7797.3,1438408704,1450205184,1491095552
7798.4,1438408704,1450205184,1491095552
7799.4,1438408704,1450205184,1491095552
7800.4,1438408704,1450205184,1491095552
7801.4,1438408704,1450205184,1491095552
7802.4,1438408704,1450205184,1491095552
7803.4,1438408704,1450205184,1491095552
7804.4,1438408704,1450205184,1491095552
7805.5,1438408704,1450205184,1491095552
7806.5,1438408704,1450205184,1491095552
7807.5,1438408704,1450205184,1491095552
7808.5,1438408704,1450205184,1491095552
7809.5,1438408704,1450205184,1491095552
7810.5,1438408704,1450205184,1491095552
7811.5,1438408704,1450205184,1491095552
7812.6,1438408704,1450205184,1491095552
7813.6,1438408704,1450205184,1491095552
7814.6,1438408704,1450205184,1491095552
7815.6,1438408704,1450205184,1491095552
7816.6,1438408704,1450205184,1491095552
7817.6,1438408704,1450205184,1491095552
7818.6,1438408704,1450205184,1491095552
7819.7,1438408704,1450205184,1491095552
7820.7,1438408704,1450205184,1491095552
7821.7,1438408704,1450205184,1491095552
7822.7,1438408704,1450205184,1491095552
7823.7,1438408704,1450205184,1491095552
7824.7,1438408704,1450205184,1491095552
7825.7,1438408704,1450205184,1491095552
7826.8,1438408704,1450205184,1491095552
7827.8,1438408704,1450205184,1491095552
7828.8,1438408704,1450205184,1491095552
7829.8,1438408704,1450205184,1491095552
7830.8,1438408704,1450205184,1491095552
7831.8,1438408704,1450205184,1491095552
7832.9,1438408704,1450205184,1491095552
7833.9,1438408704,1450205184,1491095552
7834.9,1438408704,1450205184,1491095552
7835.9,1438408704,1450205184,1491095552
7836.9,1438408704,1450205184,1491095552
7837.9,1438408704,1450205184,1491095552
7838.9,1438408704,1450205184,1491095552
7840.0,1438408704,1450205184,1491095552
7841.0,1438408704,1450205184,1491095552
7842.0,1438408704,1450205184,1491095552
7843.0,1438408704,1450205184,1491095552
7844.0,1438408704,1450205184,1491095552
7845.0,1438408704,1450205184,1491095552
7846.0,1438408704,1450205184,1491095552
7847.1,1438408704,1450205184,1491095552
7848.1,1438408704,1450205184,1491095552
7849.1,1438408704,1450205184,1491095552
7850.1,1438408704,1450205184,1491095552
7851.1,1438408704,1450205184,1491095552
7852.1,1438408704,1450205184,1491095552
7853.1,1438408704,1450205184,1491095552
7854.2,1438408704,1450205184,1491095552
7855.2,1438408704,1450205184,1491095552
7856.2,1438408704,1450205184,1491095552
7857.2,1438408704,1450205184,1491095552
7858.2,1438408704,1450205184,1491095552
7859.2,1438408704,1450205184,1491095552
7860.3,1438408704,1450205184,1491095552
7861.3,1438408704,1450205184,1491095552
7862.3,1438408704,1450205184,1491095552
7863.3,1438408704,1450205184,1491095552
7864.3,1438408704,1450205184,1491095552
7865.3,1438408704,1450205184,1491095552
7866.3,1438408704,1450205184,1491095552
7867.4,1438408704,1450205184,1491095552
7868.4,1438408704,1450205184,1491095552
7869.4,1438408704,1450205184,1491095552
7870.4,1438408704,1450205184,1491095552
7871.4,1438408704,1450205184,1491095552
7872.4,1438408704,1450205184,1491095552
7873.4,1438408704,1450205184,1491095552
7874.5,1438408704,1450205184,1491095552
7875.5,1438408704,1450205184,1491095552
7876.5,1438408704,1450205184,1491095552
7877.5,1438408704,1450205184,1491095552
7878.5,1438408704,1450205184,1491095552
7879.5,1438408704,1450205184,1491095552
7880.5,1438408704,1450205184,1491095552
7881.6,1438408704,1450205184,1491095552
7882.6,1438408704,1450205184,1491095552
7883.6,1438408704,1450205184,1491095552
7884.6,1438408704,1450205184,1491095552
7885.6,1438408704,1450205184,1491095552
7886.6,1438408704,1450205184,1491095552
7887.7,1438408704,1450205184,1491095552
7888.7,1438408704,1450205184,1491095552
7889.7,1438408704,1450205184,1491095552
7890.7,1438408704,1450205184,1491095552
7891.7,1438408704,1450205184,1491095552
7892.7,1438408704,1450205184,1491095552
7893.7,1438408704,1450205184,1491095552
7894.8,1438408704,1450205184,1491095552
7895.8,1438408704,1450205184,1491095552
7896.8,1438408704,1450205184,1491095552
7897.8,1438408704,1450205184,1491095552
7898.8,1438408704,1450205184,1491095552
7899.8,1438408704,1450205184,1491095552
7900.8,1438408704,1450205184,1491095552
7901.8,1438408704,1450205184,1491095552
7902.9,1438408704,1450205184,1491095552
7903.9,1438408704,1450205184,1491095552
7904.9,1438408704,1450205184,1491095552
7905.9,1438408704,1450205184,1491095552
7906.9,1438408704,1450205184,1491095552
7907.9,1438408704,1450205184,1491095552
7908.9,1438408704,1450205184,1491095552
7910.0,1438408704,1450205184,1491095552
7911.0,1438408704,1450205184,1491095552
7912.0,1438408704,1450205184,1491095552
7913.0,1438408704,1450205184,1491095552
7914.0,1438408704,1450205184,1491095552
7915.0,1438408704,1450205184,1491095552
7916.0,1438408704,1450205184,1491095552
7917.0,1438408704,1450205184,1491095552
7918.1,1438408704,1450205184,1491095552
7919.1,1438408704,1450205184,1491095552
7920.1,1438408704,1450205184,1491095552
7921.1,1438408704,1450205184,1491095552
7922.1,1438408704,1450205184,1491095552
7923.1,1438408704,1450205184,1491095552
7924.1,1438408704,1450205184,1491095552
7925.2,1438408704,1450205184,1491095552
7926.2,1438408704,1450205184,1491095552
7927.2,1438408704,1450205184,1491095552
7928.2,1438408704,1450205184,1491095552
7929.2,1438408704,1450205184,1491095552
7930.2,1438408704,1450205184,1491095552
7931.2,1438408704,1450205184,1491095552
7932.2,1438408704,1450205184,1491095552
7933.3,1438408704,1450205184,1491095552
7934.3,1438408704,1450205184,1491095552
7935.3,1438408704,1450205184,1491095552
7936.3,1438408704,1450205184,1491095552
7937.3,1438408704,1450205184,1491095552
7938.3,1438408704,1450205184,1491095552
7939.3,1438408704,1450205184,1491095552
7940.4,1438408704,1450205184,1491095552
7941.4,1438408704,1450205184,1491095552
7942.4,1438408704,1450205184,1491095552
7943.4,1438408704,1450205184,1491095552
7944.4,1438408704,1450205184,1491095552
7945.4,1438408704,1450205184,1491095552
7946.4,1438408704,1450205184,1491095552
7947.5,1438408704,1450205184,1491095552
7948.5,1438408704,1450205184,1491095552
7949.5,1438408704,1450205184,1491095552
7950.5,1438408704,1450205184,1491095552
7951.5,1438408704,1450205184,1491095552
7952.5,1438408704,1450205184,1491095552
7953.5,1438408704,1450205184,1491095552
7954.6,1438408704,1450205184,1491095552
7955.6,1438408704,1450205184,1491095552
7956.6,1438408704,1450205184,1491095552
7957.6,1438408704,1450205184,1491095552
7958.6,1438408704,1450205184,1491095552
7959.6,1438408704,1450205184,1491095552
7960.6,1438408704,1450205184,1491095552
7961.6,1438408704,1450205184,1491095552
7962.7,1438408704,1450205184,1491095552
7963.7,1438408704,1450205184,1491095552
7964.7,1438408704,1450205184,1491095552
7965.7,1438408704,1450205184,1491095552
7966.7,1438408704,1450205184,1491095552
7967.7,1438408704,1450205184,1491095552
7968.7,1438408704,1450205184,1491095552
7969.7,1438408704,1450205184,1491095552
7970.8,1438408704,1450205184,1491095552
7971.8,1438408704,1450205184,1491095552
7972.8,1438408704,1450205184,1491095552
7973.8,1438408704,1450205184,1491095552
7974.8,1438408704,1450205184,1491095552
7975.8,1438408704,1450205184,1491095552
7976.8,1438408704,1450205184,1491095552
7977.9,1438408704,1450205184,1491095552
7978.9,1438408704,1450205184,1491095552
7979.9,1438408704,1450205184,1491095552
7980.9,1438408704,1450205184,1491095552
7981.9,1438408704,1450205184,1491095552
7982.9,1438408704,1450205184,1491095552
7983.9,1438408704,1450205184,1491095552
7984.9,1438408704,1450205184,1491095552
7986.0,1438408704,1450205184,1491095552
7987.0,1438408704,1450205184,1491095552
7988.0,1438408704,1450205184,1491095552
7989.0,1438408704,1450205184,1491095552
7990.0,1438408704,1450205184,1491095552
7991.0,1438408704,1450205184,1491095552
7992.0,1438408704,1450205184,1491095552
7993.0,1438408704,1450205184,1491095552
7994.1,1438408704,1450205184,1491095552
7995.1,1438408704,1450205184,1491095552
7996.1,1438408704,1450205184,1491095552
7997.1,1438408704,1450205184,1491095552
7998.1,1438408704,1450205184,1491095552
7999.1,1438408704,1450205184,1491095552
8000.1,1438408704,1450205184,1491095552
8001.2,1438408704,1450205184,1491095552
8002.2,1438408704,1450205184,1491095552
8003.2,1438408704,1450205184,1491095552
8004.2,1438408704,1450205184,1491095552
8005.2,1438408704,1450205184,1491095552
8006.2,1438408704,1450205184,1491095552
8007.2,1438408704,1450205184,1491095552
8008.3,1438408704,1450205184,1491095552
8009.3,1438408704,1450205184,1491095552
8010.3,1438408704,1450205184,1491095552
8011.3,1438408704,1450205184,1491095552
8012.3,1438408704,1450205184,1491095552
8013.3,1438408704,1450205184,1491095552
8014.3,1438408704,1450205184,1491095552
8015.3,1438408704,1450205184,1491095552
8016.4,1438408704,1450205184,1491095552
8017.4,1438408704,1450205184,1491095552
8018.4,1438408704,1450205184,1491095552
8019.4,1438408704,1450205184,1491095552
8020.4,1438408704,1450205184,1491095552
8021.4,1438408704,1450205184,1491095552
8022.4,1438408704,1450205184,1491095552
8023.5,1438408704,1450205184,1491095552
8024.5,1438408704,1450205184,1491095552
8025.5,1438408704,1450205184,1491095552
8026.5,1438408704,1450205184,1491095552
8027.5,1438408704,1450205184,1491095552
8028.5,1438408704,1450205184,1491095552
8029.5,1438408704,1450205184,1491095552
8030.6,1438408704,1450205184,1491095552
8031.6,1438408704,1450205184,1491095552
8032.6,1438408704,1450205184,1491095552
8033.6,1438408704,1450205184,1491095552
8034.6,1438408704,1450205184,1491095552
8035.6,1438408704,1450205184,1491095552
8036.6,1438408704,1450205184,1491095552
8037.6,1438408704,1450205184,1491095552
8038.7,1438408704,1450205184,1491095552
8039.7,1438408704,1450205184,1491095552
8040.7,1438408704,1450205184,1491095552
8041.7,1438408704,1450205184,1491095552
8042.7,1438408704,1450205184,1491095552
8043.7,1438408704,1450205184,1491095552
8044.7,1438408704,1450205184,1491095552
8045.8,1438408704,1450205184,1491095552
8046.8,1438408704,1450205184,1491095552
8047.8,1438408704,1450205184,1491095552
8048.8,1438408704,1450205184,1491095552
8049.8,1438408704,1450205184,1491095552
8050.8,1438408704,1450205184,1491095552
8051.8,1438408704,1450205184,1491095552
8052.9,1438408704,1450205184,1491095552
8053.9,1438408704,1450205184,1491095552
8054.9,1438408704,1450205184,1491095552
8055.9,1438408704,1450205184,1491095552
8056.9,1438408704,1450205184,1491095552
8057.9,1438408704,1450205184,1491095552
8058.9,1438408704,1450205184,1491095552
8060.0,1438408704,1450205184,1491095552
8061.0,1438408704,1450205184,1491095552
8062.0,1438408704,1450205184,1491095552
8063.0,1438408704,1450205184,1491095552
8064.0,1438408704,1450205184,1491095552
8065.0,1438408704,1450205184,1491095552
8066.0,1438408704,1450205184,1491095552
8067.1,1438408704,1450205184,1491095552
8068.1,1438408704,1450205184,1491095552
8069.1,1438408704,1450205184,1491095552
8070.1,1438408704,1450205184,1491095552
8071.1,1438408704,1450205184,1491095552
8072.1,1438408704,1450205184,1491095552
8073.1,1438408704,1450205184,1491095552
8074.2,1438408704,1450205184,1491095552
8075.2,1438408704,1450205184,1491095552
8076.2,1438408704,1450205184,1491095552
8077.2,1438408704,1450205184,1491095552
8078.2,1438408704,1450205184,1491095552
8079.2,1438408704,1450205184,1491095552
8080.2,1438408704,1450205184,1491095552
8081.3,1438408704,1450205184,1491095552
8082.3,1438408704,1450205184,1491095552
8083.3,1438408704,1450205184,1491095552
8084.3,1438408704,1450205184,1491095552
8085.3,1438408704,1450205184,1491095552
8086.3,1438408704,1450205184,1491095552
8087.3,1438408704,1450205184,1491095552
8088.3,1438408704,1450205184,1491095552
8089.4,1438408704,1450205184,1491095552
8090.4,1438408704,1450205184,1491095552
8091.4,1438408704,1450205184,1491095552
8092.4,1438408704,1450205184,1491095552
8093.4,1438408704,1450205184,1491095552
8094.4,1438408704,1450205184,1491095552
8095.4,1438408704,1450205184,1491095552
8096.4,1438408704,1450205184,1491095552
8097.5,1438408704,1450205184,1491095552
8098.5,1438408704,1450205184,1491095552
8099.5,1438408704,1450205184,1491095552
8100.5,1438408704,1450205184,1491095552
8101.5,1438408704,1450205184,1491095552
8102.5,1438408704,1450205184,1491095552
8103.6,1438408704,1450205184,1491095552
8104.6,1438408704,1450205184,1491095552
8105.6,1438408704,1450205184,1491095552
8106.6,1438408704,1450205184,1491095552
8107.6,1438408704,1450205184,1491095552
8108.6,1438408704,1450205184,1491095552
8109.6,1438408704,1450205184,1491095552
8110.7,1438408704,1450205184,1491095552
8111.7,1438408704,1450205184,1491095552
8112.7,1438408704,1450205184,1491095552
8113.7,1438408704,1450205184,1491095552
8114.7,1438408704,1450205184,1491095552
8115.7,1438408704,1450205184,1491095552
8116.7,1438408704,1450205184,1491095552
8117.8,1438408704,1450205184,1491095552
8118.8,1438408704,1450205184,1491095552
8119.8,1438408704,1450205184,1491095552
8120.8,1438408704,1450205184,1491095552
8121.8,1438408704,1450205184,1491095552
8122.8,1438408704,1450205184,1491095552
8123.9,1438408704,1450205184,1491095552
8124.9,1438408704,1450205184,1491095552
8125.9,1438408704,1450205184,1491095552
8126.9,1438408704,1450205184,1491095552
8127.9,1438408704,1450205184,1491095552
8128.9,1438408704,1450205184,1491095552
8129.9,1438408704,1450205184,1491095552
8131.0,1438408704,1450205184,1491095552
8132.0,1438408704,1450205184,1491095552
8133.0,1438408704,1450205184,1491095552
8134.0,1438408704,1450205184,1491095552
8135.0,1438408704,1450205184,1491095552
8136.0,1438408704,1450205184,1491095552
8137.0,1438408704,1450205184,1491095552
8138.0,1438408704,1450205184,1491095552
8139.1,1438408704,1450205184,1491095552
8140.1,1438408704,1450205184,1491095552
8141.1,1438408704,1450205184,1491095552
8142.1,1438408704,1450205184,1491095552
8143.1,1438408704,1450205184,1491095552
8144.1,1438408704,1450205184,1491095552
8145.2,1438408704,1450205184,1491095552
8146.2,1438408704,1450205184,1491095552
8147.2,1438408704,1450205184,1491095552
8148.2,1438408704,1450205184,1491095552
8149.2,1438408704,1450205184,1491095552
8150.2,1438408704,1450205184,1491095552
8151.3,1438408704,1450205184,1491095552
8152.3,1438408704,1450205184,1491095552
8153.3,1438408704,1450205184,1491095552
8154.3,1438408704,1450205184,1491095552
8155.3,1438408704,1450205184,1491095552
8156.3,1438408704,1450205184,1491095552
8157.3,1438408704,1450205184,1491095552
8158.3,1438408704,1450205184,1491095552
8159.4,1438408704,1450205184,1491095552
8160.4,1438408704,1450205184,1491095552
8161.4,1438408704,1450205184,1491095552
8162.4,1438408704,1450205184,1491095552
8163.4,1438408704,1450205184,1491095552
8164.4,1438408704,1450205184,1491095552
8165.4,1438408704,1450205184,1491095552
8166.5,1438408704,1450205184,1491095552
8167.5,1438408704,1450205184,1491095552
8168.5,1438408704,1450205184,1491095552
8169.5,1438408704,1450205184,1491095552
8170.5,1438408704,1450205184,1491095552
8171.5,1438408704,1450205184,1491095552
8172.5,1438408704,1450205184,1491095552
8173.6,1438408704,1450205184,1491095552
8174.6,1438408704,1450205184,1491095552
8175.6,1438408704,1450205184,1491095552
8176.6,1438408704,1450205184,1491095552
8177.6,1438408704,1450205184,1491095552
8178.6,1438408704,1450205184,1491095552
8179.6,1438408704,1450205184,1491095552
8180.7,1438408704,1450205184,1491095552
8181.7,1438408704,1450205184,1491095552
8182.7,1438408704,1450205184,1491095552
8183.7,1438408704,1450205184,1491095552
8184.7,1438408704,1450205184,1491095552
8185.7,1438408704,1450205184,1491095552
8186.7,1438408704,1450205184,1491095552
8187.8,1438408704,1450205184,1491095552
8188.8,1438408704,1450205184,1491095552
8189.8,1438408704,1450205184,1491095552
8190.8,1438408704,1450205184,1491095552
8191.8,1438408704,1450205184,1491095552
8192.8,1438408704,1450205184,1491095552
8193.8,1438408704,1450205184,1491095552
8194.9,1438408704,1450205184,1491095552
8195.9,1438408704,1450205184,1491095552
8196.9,1438408704,1450205184,1491095552
8197.9,1438408704,1450205184,1491095552
8198.9,1438408704,1450205184,1491095552
8199.9,1438408704,1450205184,1491095552
8200.9,1438408704,1450205184,1491095552
8202.0,1438408704,1450205184,1491095552
8203.0,1438408704,1450205184,1491095552
8204.0,1438408704,1450205184,1491095552
8205.0,1438408704,1450205184,1491095552
8206.0,1438408704,1450205184,1491095552
8207.0,1438408704,1450205184,1491095552
8208.0,1438408704,1450205184,1491095552
8209.1,1438408704,1450205184,1491095552
8210.1,1438408704,1450205184,1491095552
8211.1,1438408704,1450205184,1491095552
8212.1,1438408704,1450205184,1491095552
8213.1,1438408704,1450205184,1491095552
8214.1,1438408704,1450205184,1491095552
8215.1,1438408704,1450205184,1491095552
8216.2,1438408704,1450205184,1491095552
8217.2,1438408704,1450205184,1491095552
8218.2,1438408704,1450205184,1491095552
8219.2,1438408704,1450205184,1491095552
8220.2,1438408704,1450205184,1491095552
8221.2,1438408704,1450205184,1491095552
8222.2,1438408704,1450205184,1491095552
8223.2,1438408704,1450205184,1491095552
8224.3,1438408704,1450205184,1491095552
8225.3,1438408704,1450205184,1491095552
8226.3,1438408704,1450205184,1491095552
8227.3,1438408704,1450205184,1491095552
8228.3,1438408704,1450205184,1491095552
8229.3,1438408704,1450205184,1491095552
8230.3,1438408704,1450205184,1491095552
8231.4,1438408704,1450205184,1491095552
8232.4,1438408704,1450205184,1491095552
8233.4,1438408704,1450205184,1491095552
8234.4,1438408704,1450205184,1491095552
8235.4,1438408704,1450205184,1491095552
8236.4,1438408704,1450205184,1491095552
8237.4,1438408704,1450205184,1491095552
8238.5,1438408704,1450205184,1491095552
8239.5,1438408704,1450205184,1491095552
8240.5,1438408704,1450205184,1491095552
8241.5,1438408704,1450205184,1491095552
8242.5,1438408704,1450205184,1491095552
8243.5,1438408704,1450205184,1491095552
8244.5,1438408704,1450205184,1491095552
8245.6,1438408704,1450205184,1491095552
8246.6,1438408704,1450205184,1491095552
8247.6,1438408704,1450205184,1491095552
8248.6,1438408704,1450205184,1491095552
8249.6,1438408704,1450205184,1491095552
8250.6,1438408704,1450205184,1491095552
8251.6,1438408704,1450205184,1491095552
8252.7,1438408704,1450205184,1491095552
8253.7,1438408704,1450205184,1491095552
8254.7,1438408704,1450205184,1491095552
8255.7,1438408704,1450205184,1491095552
8256.7,1438408704,1450205184,1491095552
8257.7,1438408704,1450205184,1491095552
8258.7,1438408704,1450205184,1491095552
8259.8,1438408704,1450205184,1491095552
8260.8,1438408704,1450205184,1491095552
8261.8,1438408704,1450205184,1491095552
8262.8,1438408704,1450205184,1491095552
8263.8,1438408704,1450205184,1491095552
8264.8,1438408704,1450205184,1491095552
8265.8,1438408704,1450205184,1491095552
8266.8,1438408704,1450205184,1491095552
8267.9,1438408704,1450205184,1491095552
8268.9,1438408704,1450205184,1491095552
8269.9,1438408704,1450205184,1491095552
8270.9,1438408704,1450205184,1491095552
8271.9,1438408704,1450205184,1491095552
8272.9,1438408704,1450205184,1491095552
8274.0,1438408704,1450205184,1491095552
8275.0,1438408704,1450205184,1491095552
8276.0,1438408704,1450205184,1491095552
8277.0,1438408704,1450205184,1491095552
8278.0,1438408704,1450205184,1491095552
8279.0,1438408704,1450205184,1491095552
8280.0,1438408704,1450205184,1491095552
8281.1,1438408704,1450205184,1491095552
8282.1,1438408704,1450205184,1491095552
8283.1,1438408704,1450205184,1491095552
8284.1,1438408704,1450205184,1491095552
8285.1,1438408704,1450205184,1491095552
8286.1,1438408704,1450205184,1491095552
8287.1,1438408704,1450205184,1491095552
8288.2,1438408704,1450205184,1491095552
8289.2,1438408704,1450205184,1491095552
8290.2,1438408704,1450205184,1491095552
8291.2,1438408704,1450205184,1491095552
8292.2,1438408704,1450205184,1491095552
8293.2,1438408704,1450205184,1491095552
8294.2,1438408704,1450205184,1491095552
8295.2,1438408704,1450205184,1491095552
8296.3,1438408704,1450205184,1491095552
8297.3,1438408704,1450205184,1491095552
8298.3,1438408704,1450205184,1491095552
8299.3,1438408704,1450205184,1491095552
8300.3,1438408704,1450205184,1491095552
8301.3,1438408704,1450205184,1491095552
8302.3,1438408704,1450205184,1491095552
8303.4,1438408704,1450205184,1491095552
8304.4,1438408704,1450205184,1491095552
8305.4,1438408704,1450205184,1491095552
8306.4,1438408704,1450205184,1491095552
8307.4,1438408704,1450205184,1491095552
8308.4,1438408704,1450205184,1491095552
8309.4,1438408704,1450205184,1491095552
8310.5,1438408704,1450205184,1491095552
8311.5,1438408704,1450205184,1491095552
8312.5,1438408704,1450205184,1491095552
8313.5,1438408704,1450205184,1491095552
8314.5,1438408704,1450205184,1491095552
8315.5,1438408704,1450205184,1491095552
8316.5,1438408704,1450205184,1491095552
8317.6,1438408704,1450205184,1491095552
8318.6,1438408704,1450205184,1491095552
8319.6,1438408704,1450205184,1491095552
8320.6,1438408704,1450205184,1491095552
8321.6,1438408704,1450205184,1491095552
8322.6,1438408704,1450205184,1491095552
8323.6,1438408704,1450205184,1491095552
8324.7,1438408704,1450205184,1491095552
8325.7,1438408704,1450205184,1491095552
8326.7,1438408704,1450205184,1491095552
8327.7,1438408704,1450205184,1491095552
8328.7,1438408704,1450205184,1491095552
8329.7,1438408704,1450205184,1491095552
8330.7,1438408704,1450205184,1491095552
8331.8,1438408704,1450205184,1491095552
8332.8,1438408704,1450205184,1491095552
8333.8,1438408704,1450205184,1491095552
8334.8,1438408704,1450205184,1491095552
8335.8,1438408704,1450205184,1491095552
8336.8,1438408704,1450205184,1491095552
8337.8,1438408704,1450205184,1491095552
8338.9,1438408704,1450205184,1491095552
8339.9,1438408704,1450205184,1491095552
8340.9,1438408704,1450205184,1491095552
8341.9,1438408704,1450205184,1491095552
8342.9,1438408704,1450205184,1491095552
8343.9,1438408704,1450205184,1491095552
8344.9,1438408704,1450205184,1491095552
8346.0,1438408704,1450205184,1491095552
8347.0,1438408704,1450205184,1491095552
8348.0,1438408704,1450205184,1491095552
8349.0,1438408704,1450205184,1491095552
8350.0,1438408704,1450205184,1491095552
8351.0,1438408704,1450205184,1491095552
8352.0,1438408704,1450205184,1491095552
8353.1,1438408704,1450205184,1491095552
8354.1,1438408704,1450205184,1491095552
8355.1,1438408704,1450205184,1491095552
8356.1,1438408704,1450205184,1491095552
8357.1,1438408704,1450205184,1491095552
8358.1,1438408704,1450205184,1491095552
8359.2,1438408704,1450205184,1491095552
8360.2,1438408704,1450205184,1491095552
8361.2,1438408704,1450205184,1491095552
8362.2,1438408704,1450205184,1491095552
8363.2,1438408704,1450205184,1491095552
8364.2,1438408704,1450205184,1491095552
8365.2,1438408704,1450205184,1491095552
8366.3,1438408704,1450205184,1491095552
8367.3,1438408704,1450205184,1491095552
8368.3,1438408704,1450205184,1491095552
8369.3,1438408704,1450205184,1491095552
8370.3,1438408704,1450205184,1491095552
8371.3,1438408704,1450205184,1491095552
8372.3,1438408704,1450205184,1491095552
8373.4,1438408704,1450205184,1491095552
8374.4,1438408704,1450205184,1491095552
8375.4,1438408704,1450205184,1491095552
8376.4,1438408704,1450205184,1491095552
8377.4,1438408704,1450205184,1491095552
8378.4,1438408704,1450205184,1491095552
8379.4,1438408704,1450205184,1491095552
8380.5,1438408704,1450205184,1491095552
8381.5,1438408704,1450205184,1491095552
8382.5,1438408704,1450205184,1491095552
8383.5,1438408704,1450205184,1491095552
8384.5,1438408704,1450205184,1491095552
8385.5,1438408704,1450205184,1491095552
8386.5,1438408704,1450205184,1491095552
8387.5,1438408704,1450205184,1491095552
8388.6,1438408704,1450205184,1491095552
8389.6,1438408704,1450205184,1491095552
8390.6,1438408704,1450205184,1491095552
8391.6,1438408704,1450205184,1491095552
8392.6,1438408704,1450205184,1491095552
8393.6,1438408704,1450205184,1491095552
8394.6,1438408704,1450205184,1491095552
8395.7,1438408704,1450205184,1491095552
8396.7,1438408704,1450205184,1491095552
8397.7,1438408704,1450205184,1491095552
8398.7,1438408704,1450205184,1491095552
8399.7,1438408704,1450205184,1491095552
8400.7,1438408704,1450205184,1491095552
8401.7,1438408704,1450205184,1491095552
8402.8,1438408704,1450205184,1491095552
8403.8,1438408704,1450205184,1491095552
8404.8,1438408704,1450205184,1491095552
8405.8,1438408704,1450205184,1491095552
8406.8,1438408704,1450205184,1491095552
8407.8,1438408704,1450205184,1491095552
8408.9,1438408704,1450205184,1491095552
8409.9,1438408704,1450205184,1491095552
8410.9,1438408704,1450205184,1491095552
8411.9,1438408704,1450205184,1491095552
8412.9,1438408704,1450205184,1491095552
8413.9,1438408704,1450205184,1491095552
8414.9,1438408704,1450205184,1491095552
8416.0,1438408704,1450205184,1491095552
8417.0,1438408704,1450205184,1491095552
8418.0,1438408704,1450205184,1491095552
8419.0,1438408704,1450205184,1491095552
8420.0,1438408704,1450205184,1491095552
8421.0,1438408704,1450205184,1491095552
8422.0,1438408704,1450205184,1491095552
8423.1,1438408704,1450205184,1491095552
8424.1,1438408704,1450205184,1491095552
8425.1,1438408704,1450205184,1491095552
8426.1,1438408704,1450205184,1491095552
8427.1,1438408704,1450205184,1491095552
8428.1,1438408704,1450205184,1491095552
8429.1,1438408704,1450205184,1491095552
8430.2,1438408704,1450205184,1491095552
8431.2,1438408704,1450205184,1491095552
8432.2,1438408704,1450205184,1491095552
8433.2,1438408704,1450205184,1491095552
8434.2,1438408704,1450205184,1491095552
8435.2,1438408704,1450205184,1491095552
8436.2,1438408704,1450205184,1491095552
8437.3,1438408704,1450205184,1491095552
8438.3,1438408704,1450205184,1491095552
8439.3,1438408704,1450205184,1491095552
8440.3,1438408704,1450205184,1491095552
8441.3,1438408704,1450205184,1491095552
8442.3,1438408704,1450205184,1491095552
8443.4,1438408704,1450205184,1491095552
8444.4,1438408704,1450205184,1491095552
8445.4,1438408704,1450205184,1491095552
8446.4,1438408704,1450205184,1491095552
8447.4,1438408704,1450205184,1491095552
8448.4,1438408704,1450205184,1491095552
8449.4,1438408704,1450205184,1491095552
8450.4,1438408704,1450205184,1491095552
8451.5,1438408704,1450205184,1491095552
8452.5,1438408704,1450205184,1491095552
8453.5,1438408704,1450205184,1491095552
8454.5,1438408704,1450205184,1491095552
8455.5,1438408704,1450205184,1491095552
8456.5,1438408704,1450205184,1491095552
8457.6,1438408704,1450205184,1491095552
8458.6,1438408704,1450205184,1491095552
8459.6,1438408704,1450205184,1491095552
8460.6,1438408704,1450205184,1491095552
8461.6,1438408704,1450205184,1491095552
8462.6,1438408704,1450205184,1491095552
8463.6,1438408704,1450205184,1491095552
8464.7,1438408704,1450205184,1491095552
8465.7,1438408704,1450205184,1491095552
8466.7,1438408704,1450205184,1491095552
8467.7,1438408704,1450205184,1491095552
8468.7,1438408704,1450205184,1491095552
8469.7,1438408704,1450205184,1491095552
8470.7,1438408704,1450205184,1491095552
8471.8,1438408704,1450205184,1491095552
8472.8,1438408704,1450205184,1491095552
8473.8,1438408704,1450205184,1491095552
8474.8,1438408704,1450205184,1491095552
8475.8,1438408704,1450205184,1491095552
8476.8,1438408704,1450205184,1491095552
8477.8,1438408704,1450205184,1491095552
8478.9,1438408704,1450205184,1491095552
8479.9,1438408704,1450205184,1491095552
8480.9,1438408704,1450205184,1491095552
8481.9,1438408704,1450205184,1491095552
8482.9,1438408704,1450205184,1491095552
8484.0,1438408704,1450205184,1491095552
8485.0,1438408704,1450205184,1491095552
8486.0,1438408704,1450205184,1491095552
8487.0,1438408704,1450205184,1491095552
8488.0,1438408704,1450205184,1491095552
8489.0,1438408704,1450205184,1491095552
8490.0,1438408704,1450205184,1491095552
8491.1,1438408704,1450205184,1491095552
8492.1,1438408704,1450205184,1491095552
8493.1,1438408704,1450205184,1491095552
8494.1,1438408704,1450205184,1491095552
8495.1,1438408704,1450205184,1491095552
8496.1,1438408704,1450205184,1491095552
8497.1,1438408704,1450205184,1491095552
8498.1,1438408704,1450205184,1491095552
8499.2,1438408704,1450205184,1491095552
8500.2,1438408704,1450205184,1491095552
8501.2,1438408704,1450205184,1491095552
8502.2,1438408704,1450205184,1491095552
8503.2,1438408704,1450205184,1491095552
8504.2,1438408704,1450205184,1491095552
8505.2,1438408704,1450205184,1491095552
8506.3,1438408704,1450205184,1491095552
8507.3,1438408704,1450205184,1491095552
8508.3,1438408704,1450205184,1491095552
8509.3,1438408704,1450205184,1491095552
8510.3,1438408704,1450205184,1491095552
8511.3,1438408704,1450205184,1491095552
8512.4,1438408704,1450205184,1491095552
8513.4,1438408704,1450205184,1491095552
8514.4,1438408704,1450205184,1491095552
8515.4,1438408704,1450205184,1491095552
8516.4,1438408704,1450205184,1491095552
8517.4,1438408704,1450205184,1491095552
8518.4,1438408704,1450205184,1491095552
8519.4,1438408704,1450205184,1491095552
8520.5,1438408704,1450205184,1491095552
8521.5,1438408704,1450205184,1491095552
8522.5,1438408704,1450205184,1491095552
8523.5,1438408704,1450205184,1491095552
8524.5,1438408704,1450205184,1491095552
8525.5,1438408704,1450205184,1491095552
8526.6,1438408704,1450205184,1491095552
8527.6,1438408704,1450205184,1491095552
8528.6,1438408704,1450205184,1491095552
8529.6,1438408704,1450205184,1491095552
8530.6,1438408704,1450205184,1491095552
8531.6,1438408704,1450205184,1491095552
8532.6,1438408704,1450205184,1491095552
8533.7,1438408704,1450205184,1491095552
8534.7,1438408704,1450205184,1491095552
8535.7,1438408704,1450205184,1491095552
8536.7,1438408704,1450205184,1491095552
8537.7,1438408704,1450205184,1491095552
8538.7,1438408704,1450205184,1491095552
8539.7,1438408704,1450205184,1491095552
8540.7,1438408704,1450205184,1491095552
8541.8,1438408704,1450205184,1491095552
8542.8,1438408704,1450205184,1491095552
8543.8,1438408704,1450205184,1491095552
8544.8,1438408704,1450205184,1491095552
8545.8,1438408704,1450205184,1491095552
8546.8,1438408704,1450205184,1491095552
8547.8,1438408704,1450205184,1491095552
8548.9,1438408704,1450205184,1491095552
8549.9,1438408704,1450205184,1491095552
8550.9,1438408704,1450205184,1491095552
8551.9,1438408704,1450205184,1491095552
8552.9,1438408704,1450205184,1491095552
8553.9,1438408704,1450205184,1491095552
8554.9,1438408704,1450205184,1491095552
8556.0,1438408704,1450205184,1491095552
8557.0,1438408704,1450205184,1491095552
8558.0,1438408704,1450205184,1491095552
8559.0,1438408704,1450205184,1491095552
8560.0,1438408704,1450205184,1491095552
8561.0,1438408704,1450205184,1491095552
8562.0,1438408704,1450205184,1491095552
8563.1,1438408704,1450205184,1491095552
8564.1,1438408704,1450205184,1491095552
8565.1,1438408704,1450205184,1491095552
8566.1,1438408704,1450205184,1491095552
8567.1,1438408704,1450205184,1491095552
8568.1,1438408704,1450205184,1491095552
8569.1,1438408704,1450205184,1491095552
8570.1,1438408704,1450205184,1491095552
8571.2,1438408704,1450205184,1491095552
8572.2,1438408704,1450205184,1491095552
8573.2,1438408704,1450205184,1491095552
8574.2,1438408704,1450205184,1491095552
8575.2,1438408704,1450205184,1491095552
8576.2,1438408704,1450205184,1491095552
8577.2,1438408704,1450205184,1491095552
8578.2,1438408704,1450205184,1491095552
8579.3,1438408704,1450205184,1491095552
8580.3,1438408704,1450205184,1491095552
8581.3,1438408704,1450205184,1491095552
8582.3,1438408704,1450205184,1491095552
8583.3,1438408704,1450205184,1491095552
8584.3,1438408704,1450205184,1491095552
8585.3,1438408704,1450205184,1491095552
8586.3,1438408704,1450205184,1491095552
8587.3,1438408704,1450205184,1491095552
8588.4,1438408704,1450205184,1491095552
8589.4,1438408704,1450205184,1491095552
8590.4,1438408704,1450205184,1491095552
8591.4,1438408704,1450205184,1491095552
8592.4,1438408704,1450205184,1491095552
8593.4,1438408704,1450205184,1491095552
8594.5,1438408704,1450205184,1491095552
8595.5,1438408704,1450205184,1491095552
8596.5,1438408704,1450205184,1491095552
8597.5,1438408704,1450205184,1491095552
8598.5,1438408704,1450205184,1491095552
8599.5,1438408704,1450205184,1491095552
8600.5,1438408704,1450205184,1491095552
8601.6,1438408704,1450205184,1491095552
8602.6,1438408704,1450205184,1491095552
8603.6,1438408704,1450205184,1491095552
8604.6,1438408704,1450205184,1491095552
8605.6,1438408704,1450205184,1491095552
8606.6,1438408704,1450205184,1491095552
8607.6,1438408704,1450205184,1491095552
8608.7,1438408704,1450205184,1491095552
8609.7,1438408704,1450205184,1491095552
8610.7,1438408704,1450205184,1491095552
8611.7,1438408704,1450205184,1491095552
8612.7,1438408704,1450205184,1491095552
8613.7,1438408704,1450205184,1491095552
8614.7,1438408704,1450205184,1491095552
8615.7,1438408704,1450205184,1491095552
8616.8,1438408704,1450205184,1491095552
8617.8,1438408704,1450205184,1491095552
8618.8,1438408704,1450205184,1491095552
8619.8,1438408704,1450205184,1491095552
8620.8,1438408704,1450205184,1491095552
8621.8,1438408704,1450205184,1491095552
8622.8,1438408704,1450205184,1491095552
8623.9,1438408704,1450205184,1491095552
8624.9,1438408704,1450205184,1491095552
8625.9,1438408704,1450205184,1491095552
8626.9,1438408704,1450205184,1491095552
8627.9,1438408704,1450205184,1491095552
8628.9,1438408704,1450205184,1491095552
8629.9,1438408704,1450205184,1491095552
8631.0,1438408704,1450205184,1491095552
8632.0,1438408704,1450205184,1491095552
8633.0,1438408704,1450205184,1491095552
8634.0,1438408704,1450205184,1491095552
8635.0,1438408704,1450205184,1491095552
8636.0,1438408704,1450205184,1491095552
8637.1,1438408704,1450205184,1491095552
8638.1,1438408704,1450205184,1491095552
8639.1,1438408704,1450205184,1491095552
8640.1,1438408704,1450205184,1491095552
8641.1,1438408704,1450205184,1491095552
8642.1,1438408704,1450205184,1491095552
8643.1,1438408704,1450205184,1491095552
8644.2,1438408704,1450205184,1491095552
8645.2,1438408704,1450205184,1491095552
8646.2,1438408704,1450205184,1491095552
8647.2,1438408704,1450205184,1491095552
8648.2,1438408704,1450205184,1491095552
8649.2,1438408704,1450205184,1491095552
8650.2,1438408704,1450205184,1491095552
8651.3,1438408704,1450205184,1491095552
8652.3,1438408704,1450205184,1491095552
8653.3,1438408704,1450205184,1491095552
8654.3,1438408704,1450205184,1491095552
8655.3,1438408704,1450205184,1491095552
8656.3,1438408704,1450205184,1491095552
8657.3,1438408704,1450205184,1491095552
8658.4,1438408704,1450205184,1491095552
8659.4,1438408704,1450205184,1491095552
8660.4,1438408704,1450205184,1491095552
8661.4,1438408704,1450205184,1491095552
8662.5,1438408704,1450205184,1491095552
8663.5,1438408704,1450205184,1491095552
8664.5,1438408704,1450205184,1491095552
8665.5,1438408704,1450205184,1491095552
8666.6,1438408704,1450205184,1491095552
8667.6,1438408704,1450205184,1491095552
8668.6,1438408704,1450205184,1491095552
8669.7,1438408704,1450205184,1491095552
8670.7,1438408704,1450205184,1491095552
8671.7,1438408704,1450205184,1491095552
8672.8,1438408704,1450205184,1491095552
8673.8,1438408704,1450205184,1491095552
8674.8,1438408704,1450205184,1491095552
8675.9,1438408704,1450205184,1491095552
8676.9,1438408704,1450205184,1491095552
8677.9,1438408704,1450205184,1491095552
8678.9,1438408704,1450205184,1491095552
8679.9,1438408704,1450205184,1491095552
8680.9,1438408704,1450205184,1491095552
8681.9,1438408704,1450205184,1491095552
8682.9,1438408704,1450205184,1491095552
8684.0,1438408704,1450205184,1491095552
8685.0,1438408704,1450205184,1491095552
8686.0,1438408704,1450205184,1491095552
8687.0,1438408704,1450205184,1491095552
8688.0,1438408704,1450205184,1491095552
8689.0,1438408704,1450205184,1491095552
8690.0,1438408704,1450205184,1491095552
8691.1,1438408704,1450205184,1491095552
8692.1,1438408704,1450205184,1491095552
8693.1,1438408704,1450205184,1491095552
8694.1,1438408704,1450205184,1491095552
8695.1,1438408704,1450205184,1491095552
8696.1,1438408704,1450205184,1491095552
8697.1,1438408704,1450205184,1491095552
8698.2,1438408704,1450205184,1491095552
8699.2,1438408704,1450205184,1491095552
8700.2,1438408704,1450205184,1491095552
8701.2,1438408704,1450205184,1491095552
8702.2,1438408704,1450205184,1491095552
8703.2,1438408704,1450205184,1491095552
8704.2,1438408704,1450205184,1491095552
8705.3,1438408704,1450205184,1491095552
8706.3,1438408704,1450205184,1491095552
8707.3,1438408704,1450205184,1491095552
8708.3,1438408704,1450205184,1491095552
8709.3,1438408704,1450205184,1491095552
8710.3,1438408704,1450205184,1491095552
8711.3,1438408704,1450205184,1491095552
8712.4,1438408704,1450205184,1491095552
8713.4,1438408704,1450205184,1491095552
8714.4,1438408704,1450205184,1491095552
8715.4,1438408704,1450205184,1491095552
8716.4,1438408704,1450205184,1491095552
8717.4,1438408704,1450205184,1491095552
8718.5,1438408704,1450205184,1491095552
8719.5,1438408704,1450205184,1491095552
8720.5,1438408704,1450205184,1491095552
8721.5,1438408704,1450205184,1491095552
8722.5,1438408704,1450205184,1491095552
8723.5,1438408704,1450205184,1491095552
8724.5,1438408704,1450205184,1491095552
8725.6,1438408704,1450205184,1491095552
8726.6,1438408704,1450205184,1491095552
8727.6,1438408704,1450205184,1491095552
8728.6,1438408704,1450205184,1491095552
8729.6,1438408704,1450205184,1491095552
8730.6,1438408704,1450205184,1491095552
8731.7,1438408704,1450205184,1491095552
8732.7,1438408704,1450205184,1491095552
8733.7,1438408704,1450205184,1491095552
8734.8,1438408704,1450205184,1491095552
8735.8,1438408704,1450205184,1491095552
8736.9,1438408704,1450205184,1491095552
8737.9,1438408704,1450205184,1491095552
8738.9,1438408704,1450205184,1491095552
8740.0,1438408704,1450205184,1491095552
8741.0,1438408704,1450205184,1491095552
8742.0,1438408704,1450205184,1491095552
8743.1,1438408704,1450205184,1491095552
8744.1,1438408704,1450205184,1491095552
8745.2,1438408704,1450205184,1491095552
8746.2,1438408704,1450205184,1491095552
8747.3,1438408704,1450205184,1491095552
8748.3,1438408704,1450205184,1491095552
8749.3,1438408704,1450205184,1491095552
8750.4,1438408704,1450205184,1491095552
8751.4,1438408704,1450205184,1491095552
8752.5,1438408704,1450205184,1491095552
8753.5,1438408704,1450205184,1491095552
8754.6,1438408704,1450205184,1491095552
8755.6,1438408704,1450205184,1491095552
8756.6,1438408704,1450205184,1491095552
8757.7,1438408704,1450205184,1491095552
8758.7,1438408704,1450205184,1491095552
8759.8,1438408704,1450205184,1491095552
8760.8,1438408704,1450205184,1491095552
8761.8,1438408704,1450205184,1491095552
8762.9,1438408704,1450205184,1491095552
8763.9,1438408704,1450205184,1491095552
8764.9,1438408704,1450205184,1491095552
8766.0,1438408704,1450205184,1491095552
8767.0,1438408704,1450205184,1491095552
8768.1,1438408704,1450205184,1491095552
8769.1,1438408704,1450205184,1491095552
8770.2,1438408704,1450205184,1491095552
8771.2,1438408704,1450205184,1491095552
8772.2,1438408704,1450205184,1491095552
8773.3,1438408704,1450205184,1491095552
8774.3,1438408704,1450205184,1491095552
8775.3,1438408704,1450205184,1491095552
8776.4,1438408704,1450205184,1491095552
8777.4,1438408704,1450205184,1491095552
8778.5,1438408704,1450205184,1491095552
8779.5,1438408704,1450205184,1491095552
8780.5,1438408704,1450205184,1491095552
8781.6,1438408704,1450205184,1491095552
8782.6,1438408704,1450205184,1491095552
8783.7,1438408704,1450205184,1491095552
8784.7,1438408704,1450205184,1491095552
8785.7,1438408704,1450205184,1491095552
8786.8,1438408704,1450205184,1491095552
8787.8,1438408704,1450205184,1491095552
8788.9,1438408704,1450205184,1491095552
8789.9,1438408704,1450205184,1491095552
8790.9,1438408704,1450205184,1491095552
8792.0,1438408704,1450205184,1491095552
8793.0,1438408704,1450205184,1491095552
8794.0,1438408704,1450205184,1491095552
8795.1,1438408704,1450205184,1491095552
8796.1,1438408704,1450205184,1491095552
8797.2,1438408704,1450205184,1491095552
8798.2,1438408704,1450205184,1491095552
8799.2,1438408704,1450205184,1491095552
8800.3,1438408704,1450205184,1491095552
8801.3,1438408704,1450205184,1491095552
8802.4,1438408704,1450205184,1491095552
8803.4,1438408704,1450205184,1491095552
8804.5,1438408704,1450205184,1491095552
8805.5,1438408704,1450205184,1491095552
8806.5,1438408704,1450205184,1491095552
8807.6,1438408704,1450205184,1491095552
8808.6,1438408704,1450205184,1491095552
8809.6,1438408704,1450205184,1491095552
8810.7,1438408704,1450205184,1491095552
8811.7,1438408704,1450205184,1491095552
8812.7,1438408704,1450205184,1491095552
8813.8,1438408704,1450205184,1491095552
8814.8,1438408704,1450205184,1491095552
8815.9,1438408704,1450205184,1491095552
8816.9,1438408704,1450205184,1491095552
8817.9,1438408704,1450205184,1491095552
8819.0,1438408704,1450205184,1491095552
8820.0,1438408704,1450205184,1491095552
8821.0,1438408704,1450205184,1491095552
8822.1,1438408704,1450205184,1491095552
8823.1,1438408704,1450205184,1491095552
8824.2,1438408704,1450205184,1491095552
8825.2,1438408704,1450205184,1491095552
8826.2,1438408704,1450205184,1491095552
8827.3,1438408704,1450205184,1491095552
8828.3,1438408704,1450205184,1491095552
8829.3,1438408704,1450205184,1491095552
8830.4,1438408704,1450205184,1491095552
8831.4,1438408704,1450205184,1491095552
8832.5,1438408704,1450205184,1491095552
8833.5,1438408704,1450205184,1491095552
8834.5,1438408704,1450205184,1491095552
8835.5,1438408704,1450205184,1491095552
8836.6,1438408704,1450205184,1491095552
8837.6,1438408704,1450205184,1491095552
8838.7,1438408704,1450205184,1491095552
8839.7,1438408704,1450205184,1491095552
8840.7,1438408704,1450205184,1491095552
8841.8,1438408704,1450205184,1491095552
8842.8,1438408704,1450205184,1491095552
8843.8,1438408704,1450205184,1491095552
8844.8,1438408704,1450205184,1491095552
8845.9,1438408704,1450205184,1491095552
8846.9,1438408704,1450205184,1491095552
8847.9,1438408704,1450205184,1491095552
8848.9,1438408704,1450205184,1491095552
8849.9,1438408704,1450205184,1491095552
8850.9,1438408704,1450205184,1491095552
8851.9,1438408704,1450205184,1491095552
8853.0,1438408704,1450205184,1491095552
8854.0,1438408704,1450205184,1491095552
8855.0,1438408704,1450205184,1491095552
8856.0,1438408704,1450205184,1491095552
8857.0,1438408704,1450205184,1491095552
8858.0,1438408704,1450205184,1491095552
8859.0,1438408704,1450205184,1491095552
8860.1,1438408704,1450205184,1491095552
8861.1,1438408704,1450205184,1491095552
8862.1,1438408704,1450205184,1491095552
8863.1,1438408704,1450205184,1491095552
8864.1,1438408704,1450205184,1491095552
8865.1,1438408704,1450205184,1491095552
8866.2,1438408704,1450205184,1491095552
8867.2,1438408704,1450205184,1491095552
8868.2,1438408704,1450205184,1491095552
8869.2,1438408704,1450205184,1491095552
8870.2,1438408704,1450205184,1491095552
8871.2,1438408704,1450205184,1491095552
8872.3,1438408704,1450205184,1491095552
8873.3,1438408704,1450205184,1491095552
8874.3,1438408704,1450205184,1491095552
8875.3,1438408704,1450205184,1491095552
8876.3,1438408704,1450205184,1491095552
8877.3,1438408704,1450205184,1491095552
8878.3,1438408704,1450205184,1491095552
8879.4,1438408704,1450205184,1491095552
8880.4,1438408704,1450205184,1491095552
8881.4,1438408704,1450205184,1491095552
8882.4,1438408704,1450205184,1491095552
8883.4,1438408704,1450205184,1491095552
8884.4,1438408704,1450205184,1491095552
8885.4,1438408704,1450205184,1491095552
8886.5,1438408704,1450205184,1491095552
8887.5,1438408704,1450205184,1491095552
8888.5,1438408704,1450205184,1491095552
8889.5,1438408704,1450205184,1491095552
8890.5,1438408704,1450205184,1491095552
8891.5,1438408704,1450205184,1491095552
8892.6,1438408704,1450205184,1491095552
8893.6,1438408704,1450205184,1491095552
8894.6,1438408704,1450205184,1491095552
8895.6,1438408704,1450205184,1491095552
8896.7,1438408704,1450205184,1491095552
8897.7,1438408704,1450205184,1491095552
8898.8,1438408704,1450205184,1491095552
8899.8,1438408704,1450205184,1491095552
8900.8,1438408704,1450205184,1491095552
8901.9,1438408704,1450205184,1491095552
8902.9,1438408704,1450205184,1491095552
8903.9,1438408704,1450205184,1491095552
8904.9,1438408704,1450205184,1491095552
8905.9,1438408704,1450205184,1491095552
8906.9,1438408704,1450205184,1491095552
8908.0,1438408704,1450205184,1491095552
8909.0,1438408704,1450205184,1491095552
8910.0,1438408704,1450205184,1491095552
8911.0,1438408704,1450205184,1491095552
8912.0,1438408704,1450205184,1491095552
8913.0,1438408704,1450205184,1491095552
8914.0,1438408704,1450205184,1491095552
8915.1,1438408704,1450205184,1491095552
8916.1,1438408704,1450205184,1491095552
8917.1,1438408704,1450205184,1491095552
8918.1,1438408704,1450205184,1491095552
8919.1,1438408704,1450205184,1491095552
8920.1,1438408704,1450205184,1491095552
8921.1,1438408704,1450205184,1491095552
8922.2,1438408704,1450205184,1491095552
8923.2,1438408704,1450205184,1491095552
8924.2,1438408704,1450205184,1491095552
8925.2,1438408704,1450205184,1491095552
8926.2,1438408704,1450205184,1491095552
8927.2,1438408704,1450205184,1491095552
8928.2,1438408704,1450205184,1491095552
8929.3,1438408704,1450205184,1491095552
8930.3,1438408704,1450205184,1491095552
8931.3,1438408704,1450205184,1491095552
8932.3,1438408704,1450205184,1491095552
8933.3,1438408704,1450205184,1491095552
8934.3,1438408704,1450205184,1491095552
8935.3,1438408704,1450205184,1491095552
8936.4,1438408704,1450205184,1491095552
8937.4,1438408704,1450205184,1491095552
8938.4,1438408704,1450205184,1491095552
8939.4,1438408704,1450205184,1491095552
8940.4,1438408704,1450205184,1491095552
8941.4,1438408704,1450205184,1491095552
8942.4,1438408704,1450205184,1491095552
8943.5,1438408704,1450205184,1491095552
8944.5,1438408704,1450205184,1491095552
8945.5,1438408704,1450205184,1491095552
8946.5,1438408704,1450205184,1491095552
8947.5,1438408704,1450205184,1491095552
8948.5,1438408704,1450205184,1491095552
8949.6,1438408704,1450205184,1491095552
8950.6,1438408704,1450205184,1491095552
8951.6,1438408704,1450205184,1491095552
8952.6,1438408704,1450205184,1491095552
8953.6,1438408704,1450205184,1491095552
8954.6,1438408704,1450205184,1491095552
8955.6,1438408704,1450205184,1491095552
8956.7,1438408704,1450205184,1491095552
8957.7,1438408704,1450205184,1491095552
8958.7,1438408704,1450205184,1491095552
8959.7,1438408704,1450205184,1491095552
8960.7,1438408704,1450205184,1491095552
8961.7,1438408704,1450205184,1491095552
8962.7,1438408704,1450205184,1491095552
8963.8,1438408704,1450205184,1491095552
8964.8,1438408704,1450205184,1491095552
8965.8,1438408704,1450205184,1491095552
8966.8,1438408704,1450205184,1491095552
8967.8,1438408704,1450205184,1491095552
8968.8,1438408704,1450205184,1491095552
8969.8,1438408704,1450205184,1491095552
8970.9,1438408704,1450205184,1491095552
8971.9,1438408704,1450205184,1491095552
8972.9,1438408704,1450205184,1491095552
8973.9,1438408704,1450205184,1491095552
8974.9,1438408704,1450205184,1491095552
8975.9,1438408704,1450205184,1491095552
8976.9,1438408704,1450205184,1491095552
8978.0,1438408704,1450205184,1491095552
8979.0,1438408704,1450205184,1491095552
8980.0,1438408704,1450205184,1491095552
8981.0,1438408704,1450205184,1491095552
8982.0,1438408704,1450205184,1491095552
8983.0,1438408704,1450205184,1491095552
8984.0,1438408704,1450205184,1491095552
8985.1,1438408704,1450205184,1491095552
8986.1,1438408704,1450205184,1491095552
8987.1,1438408704,1450205184,1491095552
8988.1,1438408704,1450205184,1491095552
8989.1,1438408704,1450205184,1491095552
8990.1,1438408704,1450205184,1491095552
8991.1,1438408704,1450205184,1491095552
8992.2,1438408704,1450205184,1491095552
8993.2,1438408704,1450205184,1491095552
8994.2,1438408704,1450205184,1491095552
8995.2,1438408704,1450205184,1491095552
8996.2,1438408704,1450205184,1491095552
8997.2,1438408704,1450205184,1491095552
8998.2,1438408704,1450205184,1491095552
8999.3,1438408704,1450205184,1491095552
9000.3,1438408704,1450205184,1491095552
9001.3,1438408704,1450205184,1491095552
9002.3,1438408704,1450205184,1491095552
9003.3,1438408704,1450205184,1491095552
9004.3,1438408704,1450205184,1491095552
9005.3,1438408704,1450205184,1491095552
9006.4,1438408704,1450205184,1491095552
9007.4,1438408704,1450205184,1491095552
9008.4,1438408704,1450205184,1491095552
9009.4,1438408704,1450205184,1491095552
9010.4,1438408704,1450205184,1491095552
9011.4,1438408704,1450205184,1491095552
9012.4,1438408704,1450205184,1491095552
9013.5,1438408704,1450205184,1491095552
9014.5,1438408704,1450205184,1491095552
9015.5,1438408704,1450205184,1491095552
9016.5,1438408704,1450205184,1491095552
9017.5,1438408704,1450205184,1491095552
9018.5,1438408704,1450205184,1491095552
9019.6,1438408704,1450205184,1491095552
9020.6,1438408704,1450205184,1491095552
9021.6,1438408704,1450205184,1491095552
9022.6,1438408704,1450205184,1491095552
9023.6,1438408704,1450205184,1491095552
9024.6,1438408704,1450205184,1491095552
9025.6,1438408704,1450205184,1491095552
9026.7,1438408704,1450205184,1491095552
9027.7,1438408704,1450205184,1491095552
9028.7,1438408704,1450205184,1491095552
9029.7,1438408704,1450205184,1491095552
9030.7,1438408704,1450205184,1491095552
9031.7,1438408704,1450205184,1491095552
9032.8,1438408704,1450205184,1491095552
9033.8,1438408704,1450205184,1491095552
9034.8,1438408704,1450205184,1491095552
9035.8,1438408704,1450205184,1491095552
9036.8,1438408704,1450205184,1491095552
9037.8,1438408704,1450205184,1491095552
9038.8,1438408704,1450205184,1491095552
9039.8,1438408704,1450205184,1491095552
9040.9,1438408704,1450205184,1491095552
9041.9,1438408704,1450205184,1491095552
9042.9,1438408704,1450205184,1491095552
9043.9,1438408704,1450205184,1491095552
9044.9,1438408704,1450205184,1491095552
9045.9,1438408704,1450205184,1491095552
9046.9,1438408704,1450205184,1491095552
9048.0,1438408704,1450205184,1491095552
9049.0,1438408704,1450205184,1491095552
9050.0,1438408704,1450205184,1491095552
9051.0,1438408704,1450205184,1491095552
9052.0,1438408704,1450205184,1491095552
9053.0,1438408704,1450205184,1491095552
9054.1,1438408704,1450205184,1491095552
9055.1,1438408704,1450205184,1491095552
9056.1,1438408704,1450205184,1491095552
9057.1,1438408704,1450205184,1491095552
9058.1,1438408704,1450205184,1491095552
9059.1,1438408704,1450205184,1491095552
9060.1,1438408704,1450205184,1491095552
9061.2,1438408704,1450205184,1491095552
9062.2,1438408704,1450205184,1491095552
9063.2,1438408704,1450205184,1491095552
9064.2,1438408704,1450205184,1491095552
9065.2,1438408704,1450205184,1491095552
9066.2,1438408704,1450205184,1491095552
9067.2,1438408704,1450205184,1491095552
9068.3,1438408704,1450205184,1491095552
9069.3,1438408704,1450205184,1491095552
9070.3,1438408704,1450205184,1491095552
9071.3,1438408704,1450205184,1491095552
9072.3,1438408704,1450205184,1491095552
9073.3,1438408704,1450205184,1491095552
9074.4,1438408704,1450205184,1491095552
9075.4,1438408704,1450205184,1491095552
9076.4,1438408704,1450205184,1491095552
9077.4,1438408704,1450205184,1491095552
9078.4,1438408704,1450205184,1491095552
9079.4,1438408704,1450205184,1491095552
9080.4,1438408704,1450205184,1491095552
9081.5,1438408704,1450205184,1491095552
9082.5,1438408704,1450205184,1491095552
9083.5,1438408704,1450205184,1491095552
9084.5,1438408704,1450205184,1491095552
9085.5,1438408704,1450205184,1491095552
9086.5,1438408704,1450205184,1491095552
9087.5,1438408704,1450205184,1491095552
9088.6,1438408704,1450205184,1491095552
9089.6,1438408704,1450205184,1491095552
9090.6,1438408704,1450205184,1491095552
9091.6,1438408704,1450205184,1491095552
9092.6,1438408704,1450205184,1491095552
9093.6,1438408704,1450205184,1491095552
9094.6,1438408704,1450205184,1491095552
9095.6,1438408704,1450205184,1491095552
9096.7,1438408704,1450205184,1491095552
9097.7,1438408704,1450205184,1491095552
9098.7,1438408704,1450205184,1491095552
9099.7,1438408704,1450205184,1491095552
9100.7,1438408704,1450205184,1491095552
9101.7,1438408704,1450205184,1491095552
9102.7,1438408704,1450205184,1491095552
9103.8,1438408704,1450205184,1491095552
9104.8,1438408704,1450205184,1491095552
9105.8,1438408704,1450205184,1491095552
9106.8,1438408704,1450205184,1491095552
9107.8,1438408704,1450205184,1491095552
9108.8,1438408704,1450205184,1491095552
9109.8,1438408704,1450205184,1491095552
9110.8,1438408704,1450205184,1491095552
9111.9,1438408704,1450205184,1491095552
9112.9,1438408704,1450205184,1491095552
9113.9,1438408704,1450205184,1491095552
9114.9,1438408704,1450205184,1491095552
9115.9,1438408704,1450205184,1491095552
9116.9,1438408704,1450205184,1491095552
9117.9,1438408704,1450205184,1491095552
9119.0,1438408704,1450205184,1491095552
9120.0,1438408704,1450205184,1491095552
9121.0,1438408704,1450205184,1491095552
9122.0,1438408704,1450205184,1491095552
9123.0,1438408704,1450205184,1491095552
9124.0,1438408704,1450205184,1491095552
9125.0,1438408704,1450205184,1491095552
9126.1,1438408704,1450205184,1491095552
9127.1,1438408704,1450205184,1491095552
9128.1,1438408704,1450205184,1491095552
9129.1,1438408704,1450205184,1491095552
9130.1,1438408704,1450205184,1491095552
9131.1,1438408704,1450205184,1491095552
9132.1,1438408704,1450205184,1491095552
9133.2,1438408704,1450205184,1491095552
9134.2,1438408704,1450205184,1491095552
9135.2,1438408704,1450205184,1491095552
9136.2,1438408704,1450205184,1491095552
9137.2,1438408704,1450205184,1491095552
9138.2,1438408704,1450205184,1491095552
9139.2,1438408704,1450205184,1491095552
9140.3,1438408704,1450205184,1491095552
9141.3,1438408704,1450205184,1491095552
9142.3,1438408704,1450205184,1491095552
9143.3,1438408704,1450205184,1491095552
9144.3,1438408704,1450205184,1491095552
9145.3,1438408704,1450205184,1491095552
9146.3,1438408704,1450205184,1491095552
9147.4,1438408704,1450205184,1491095552
9148.4,1438408704,1450205184,1491095552
9149.4,1438408704,1450205184,1491095552
9150.4,1438408704,1450205184,1491095552
9151.4,1438408704,1450205184,1491095552
9152.4,1438408704,1450205184,1491095552
9153.4,1438408704,1450205184,1491095552
9154.5,1438408704,1450205184,1491095552
9155.5,1438408704,1450205184,1491095552
9156.5,1438408704,1450205184,1491095552
9157.5,1438408704,1450205184,1491095552
9158.5,1438408704,1450205184,1491095552
9159.5,1438408704,1450205184,1491095552
9160.5,1438408704,1450205184,1491095552
9161.5,1438408704,1450205184,1491095552
9162.6,1438408704,1450205184,1491095552
9163.6,1438408704,1450205184,1491095552
9164.6,1438408704,1450205184,1491095552
9165.6,1438408704,1450205184,1491095552
9166.6,1438408704,1450205184,1491095552
9167.6,1438408704,1450205184,1491095552
9168.6,1438408704,1450205184,1491095552
9169.7,1438408704,1450205184,1491095552
9170.7,1438408704,1450205184,1491095552
9171.7,1438408704,1450205184,1491095552
9172.7,1438408704,1450205184,1491095552
9173.7,1438408704,1450205184,1491095552
9174.7,1438408704,1450205184,1491095552
9175.7,1438408704,1450205184,1491095552
9176.8,1438408704,1450205184,1491095552
9177.8,1438408704,1450205184,1491095552
9178.8,1438408704,1450205184,1491095552
9179.8,1438408704,1450205184,1491095552
9180.8,1438408704,1450205184,1491095552
9181.8,1438408704,1450205184,1491095552
9182.8,1438408704,1450205184,1491095552
9183.9,1438408704,1450205184,1491095552
9184.9,1438408704,1450205184,1491095552
9185.9,1438408704,1450205184,1491095552
9186.9,1438408704,1450205184,1491095552
9187.9,1438408704,1450205184,1491095552
9188.9,1438408704,1450205184,1491095552
9189.9,1438408704,1450205184,1491095552
9190.9,1438408704,1450205184,1491095552
9192.0,1438408704,1450205184,1491095552
9193.0,1438408704,1450205184,1491095552
9194.0,1438408704,1450205184,1491095552
9195.0,1438408704,1450205184,1491095552
9196.0,1438408704,1450205184,1491095552
9197.0,1438408704,1450205184,1491095552
9198.0,1438408704,1450205184,1491095552
9199.1,1438408704,1450205184,1491095552
9200.1,1438408704,1450205184,1491095552
9201.1,1438408704,1450205184,1491095552
9202.1,1438408704,1450205184,1491095552
9203.1,1438408704,1450205184,1491095552
9204.1,1438408704,1450205184,1491095552
9205.1,1438408704,1450205184,1491095552
9206.2,1438408704,1450205184,1491095552
9207.2,1438408704,1450205184,1491095552
9208.2,1438408704,1450205184,1491095552
9209.2,1438408704,1450205184,1491095552
9210.2,1438408704,1450205184,1491095552
9211.2,1438408704,1450205184,1491095552
9212.2,1438408704,1450205184,1491095552
9213.2,1438408704,1450205184,1491095552
9214.3,1438408704,1450205184,1491095552
9215.3,1438408704,1450205184,1491095552
9216.3,1438408704,1450205184,1491095552
9217.3,1438408704,1450205184,1491095552
9218.3,1438408704,1450205184,1491095552
9219.3,1438408704,1450205184,1491095552
9220.3,1438408704,1450205184,1491095552
9221.4,1438408704,1450205184,1491095552
9222.4,1438408704,1450205184,1491095552
9223.4,1438408704,1450205184,1491095552
9224.4,1438408704,1450205184,1491095552
9225.4,1438408704,1450205184,1491095552
9226.4,1438408704,1450205184,1491095552
9227.5,1438408704,1450205184,1491095552
9228.5,1438408704,1450205184,1491095552
9229.5,1438408704,1450205184,1491095552
9230.5,1438408704,1450205184,1491095552
9231.5,1438408704,1450205184,1491095552
9232.5,1438408704,1450205184,1491095552
9233.5,1438408704,1450205184,1491095552
9234.6,1438408704,1450205184,1491095552
9235.6,1438408704,1450205184,1491095552
9236.6,1438408704,1450205184,1491095552
9237.6,1438408704,1450205184,1491095552
9238.6,1438408704,1450205184,1491095552
9239.6,1438408704,1450205184,1491095552
9240.6,1438408704,1450205184,1491095552
9241.6,1438408704,1450205184,1491095552
9242.6,1438408704,1450205184,1491095552
9243.7,1438408704,1450205184,1491095552
9244.7,1438408704,1450205184,1491095552
9245.7,1438408704,1450205184,1491095552
9246.7,1438408704,1450205184,1491095552
9247.7,1438408704,1450205184,1491095552
9248.7,1438408704,1450205184,1491095552
9249.7,1438408704,1450205184,1491095552
9250.8,1438408704,1450205184,1491095552
9251.8,1438408704,1450205184,1491095552
9252.8,1438408704,1450205184,1491095552
9253.8,1438408704,1450205184,1491095552
9254.8,1438408704,1450205184,1491095552
9255.8,1438408704,1450205184,1491095552
9256.8,1438408704,1450205184,1491095552
9257.9,1438408704,1450205184,1491095552
9258.9,1438408704,1450205184,1491095552
9259.9,1438408704,1450205184,1491095552
9260.9,1438408704,1450205184,1491095552
9261.9,1438408704,1450205184,1491095552
9262.9,1438408704,1450205184,1491095552
9263.9,1438408704,1450205184,1491095552
9265.0,1438408704,1450205184,1491095552
9266.0,1438408704,1450205184,1491095552
9267.0,1438408704,1450205184,1491095552
9268.0,1438408704,1450205184,1491095552
9269.0,1438408704,1450205184,1491095552
9270.0,1438408704,1450205184,1491095552
9271.0,1438408704,1450205184,1491095552
9272.1,1438408704,1450205184,1491095552
9273.1,1438408704,1450205184,1491095552
9274.1,1438408704,1450205184,1491095552
9275.1,1438408704,1450205184,1491095552
9276.1,1438408704,1450205184,1491095552
9277.1,1438408704,1450205184,1491095552
9278.1,1438408704,1450205184,1491095552
9279.2,1438408704,1450205184,1491095552
9280.2,1438408704,1450205184,1491095552
9281.2,1438408704,1450205184,1491095552
9282.2,1438408704,1450205184,1491095552
9283.2,1438408704,1450205184,1491095552
9284.2,1438408704,1450205184,1491095552
9285.2,1438408704,1450205184,1491095552
9286.3,1438408704,1450205184,1491095552
9287.3,1438408704,1450205184,1491095552
9288.3,1438408704,1450205184,1491095552
9289.3,1438408704,1450205184,1491095552
9290.3,1438408704,1450205184,1491095552
9291.3,1438408704,1450205184,1491095552
9292.3,1438408704,1450205184,1491095552
9293.4,1438408704,1450205184,1491095552
9294.4,1438408704,1450205184,1491095552
9295.4,1438408704,1450205184,1491095552
9296.4,1438408704,1450205184,1491095552
9297.4,1438408704,1450205184,1491095552
9298.4,1438408704,1450205184,1491095552
9299.5,1438408704,1450205184,1491095552
9300.5,1438408704,1450205184,1491095552
9301.5,1438408704,1450205184,1491095552
9302.5,1438408704,1450205184,1491095552
9303.5,1438408704,1450205184,1491095552
9304.5,1438408704,1450205184,1491095552
9305.5,1438408704,1450205184,1491095552
9306.6,1438408704,1450205184,1491095552
9307.6,1438408704,1450205184,1491095552
9308.6,1438408704,1450205184,1491095552
9309.6,1438408704,1450205184,1491095552
9310.6,1438408704,1450205184,1491095552
9311.6,1438408704,1450205184,1491095552
9312.6,1438408704,1450205184,1491095552
9313.6,1438408704,1450205184,1491095552
9314.7,1438408704,1450205184,1491095552
9315.7,1438408704,1450205184,1491095552
9316.7,1438408704,1450205184,1491095552
9317.7,1438408704,1450205184,1491095552
9318.7,1438408704,1450205184,1491095552
9319.7,1438408704,1450205184,1491095552
9320.7,1438408704,1450205184,1491095552
9321.8,1438408704,1450205184,1491095552
9322.8,1438408704,1450205184,1491095552
9323.8,1438408704,1450205184,1491095552
9324.8,1438408704,1450205184,1491095552
9325.8,1438408704,1450205184,1491095552
9326.8,1438408704,1450205184,1491095552
9327.8,1438408704,1450205184,1491095552
9328.9,1438408704,1450205184,1491095552
9329.9,1438408704,1450205184,1491095552
9330.9,1438408704,1450205184,1491095552
9331.9,1438408704,1450205184,1491095552
9332.9,1438408704,1450205184,1491095552
9333.9,1438408704,1450205184,1491095552
9334.9,1438408704,1450205184,1491095552
9336.0,1438408704,1450205184,1491095552
9337.0,1438408704,1450205184,1491095552
9338.0,1438408704,1450205184,1491095552
9339.0,1438408704,1450205184,1491095552
9340.0,1438408704,1450205184,1491095552
9341.0,1438408704,1450205184,1491095552
9342.0,1438408704,1450205184,1491095552
9343.0,1438408704,1450205184,1491095552
9344.1,1438408704,1450205184,1491095552
9345.1,1438408704,1450205184,1491095552
9346.1,1438408704,1450205184,1491095552
9347.1,1438408704,1450205184,1491095552
9348.1,1438408704,1450205184,1491095552
9349.1,1438408704,1450205184,1491095552
9350.1,1438408704,1450205184,1491095552
9351.2,1438408704,1450205184,1491095552
9352.2,1438408704,1450205184,1491095552
9353.2,1438408704,1450205184,1491095552
9354.2,1438408704,1450205184,1491095552
9355.2,1438408704,1450205184,1491095552
9356.2,1438408704,1450205184,1491095552
9357.2,1438408704,1450205184,1491095552
9358.3,1438408704,1450205184,1491095552
9359.3,1438408704,1450205184,1491095552
9360.3,1438408704,1450205184,1491095552
9361.3,1438408704,1450205184,1491095552
9362.3,1438408704,1450205184,1491095552
9363.3,1438408704,1450205184,1491095552
9364.3,1438408704,1450205184,1491095552
9365.3,1438408704,1450205184,1491095552
9366.4,1438408704,1450205184,1491095552
9367.4,1438408704,1450205184,1491095552
9368.4,1438408704,1450205184,1491095552
9369.4,1438408704,1450205184,1491095552
9370.4,1438408704,1450205184,1491095552
9371.4,1438408704,1450205184,1491095552
9372.5,1438408704,1450205184,1491095552
9373.5,1438408704,1450205184,1491095552
9374.5,1438408704,1450205184,1491095552
9375.5,1438408704,1450205184,1491095552
9376.5,1438408704,1450205184,1491095552
9377.5,1438408704,1450205184,1491095552
9378.5,1438408704,1450205184,1491095552
9379.6,1438408704,1450205184,1491095552
9380.6,1438408704,1450205184,1491095552
9381.6,1438408704,1450205184,1491095552
9382.6,1438408704,1450205184,1491095552
9383.6,1438408704,1450205184,1491095552
9384.6,1438408704,1450205184,1491095552
9385.6,1438408704,1450205184,1491095552
9386.7,1438408704,1450205184,1491095552
9387.7,1438408704,1450205184,1491095552
9388.7,1438408704,1450205184,1491095552
9389.7,1438408704,1450205184,1491095552
9390.7,1438408704,1450205184,1491095552
9391.7,1438408704,1450205184,1491095552
9392.7,1438408704,1450205184,1491095552
9393.7,1438408704,1450205184,1491095552
9394.8,1438408704,1450205184,1491095552
9395.8,1438408704,1450205184,1491095552
9396.8,1438408704,1450205184,1491095552
9397.8,1438408704,1450205184,1491095552
9398.8,1438408704,1450205184,1491095552
9399.8,1438408704,1450205184,1491095552
9400.8,1438408704,1450205184,1491095552
9401.8,1438408704,1450205184,1491095552
9402.9,1438408704,1450205184,1491095552
9403.9,1438408704,1450205184,1491095552
9404.9,1438408704,1450205184,1491095552
9405.9,1438408704,1450205184,1491095552
9406.9,1438408704,1450205184,1491095552
9407.9,1438408704,1450205184,1491095552
9408.9,1438408704,1450205184,1491095552
9410.0,1438408704,1450205184,1491095552
9411.0,1438408704,1450205184,1491095552
9412.0,1438408704,1450205184,1491095552
9413.0,1438408704,1450205184,1491095552
9414.0,1438408704,1450205184,1491095552
9415.0,1438408704,1450205184,1491095552
9416.0,1438408704,1450205184,1491095552
9417.0,1438408704,1450205184,1491095552
9418.1,1438408704,1450205184,1491095552
9419.1,1438408704,1450205184,1491095552
9420.1,1438408704,1450205184,1491095552
9421.1,1438408704,1450205184,1491095552
9422.1,1438408704,1450205184,1491095552
9423.1,1438408704,1450205184,1491095552
9424.1,1438408704,1450205184,1491095552
9425.2,1438408704,1450205184,1491095552
9426.2,1438408704,1450205184,1491095552
9427.2,1438408704,1450205184,1491095552
9428.2,1438408704,1450205184,1491095552
9429.2,1438408704,1450205184,1491095552
9430.2,1438408704,1450205184,1491095552
9431.2,1438408704,1450205184,1491095552
9432.2,1438408704,1450205184,1491095552
9433.3,1438408704,1450205184,1491095552
9434.3,1438408704,1450205184,1491095552
9435.3,1438408704,1450205184,1491095552
9436.3,1438408704,1450205184,1491095552
9437.3,1438408704,1450205184,1491095552
9438.3,1438408704,1450205184,1491095552
9439.3,1438408704,1450205184,1491095552
9440.3,1438408704,1450205184,1491095552
9441.4,1438408704,1450205184,1491095552
9442.4,1438408704,1450205184,1491095552
9443.4,1438408704,1450205184,1491095552
9444.4,1438408704,1450205184,1491095552
9445.4,1438408704,1450205184,1491095552
9446.4,1438408704,1450205184,1491095552
9447.4,1438408704,1450205184,1491095552
9448.5,1438408704,1450205184,1491095552
9449.5,1438408704,1450205184,1491095552
9450.5,1438408704,1450205184,1491095552
9451.5,1438408704,1450205184,1491095552
9452.5,1438408704,1450205184,1491095552
9453.5,1438408704,1450205184,1491095552
9454.5,1438408704,1450205184,1491095552
9455.6,1438408704,1450205184,1491095552
9456.6,1438408704,1450205184,1491095552
9457.6,1438408704,1450205184,1491095552
9458.6,1438408704,1450205184,1491095552
9459.6,1438408704,1450205184,1491095552
9460.6,1438408704,1450205184,1491095552
9461.6,1438408704,1450205184,1491095552
9462.6,1438408704,1450205184,1491095552
9463.7,1438408704,1450205184,1491095552
9464.7,1438408704,1450205184,1491095552
9465.7,1438408704,1450205184,1491095552
9466.7,1438408704,1450205184,1491095552
9467.7,1438408704,1450205184,1491095552
9468.7,1438408704,1450205184,1491095552
9469.7,1438408704,1450205184,1491095552
9470.8,1438408704,1450205184,1491095552
9471.8,1438408704,1450205184,1491095552
9472.8,1438408704,1450205184,1491095552
9473.8,1438408704,1450205184,1491095552
9474.8,1438408704,1450205184,1491095552
9475.8,1438408704,1450205184,1491095552
9476.8,1438408704,1450205184,1491095552
9477.8,1438408704,1450205184,1491095552
9478.9,1438408704,1450205184,1491095552
9479.9,1438408704,1450205184,1491095552
9480.9,1438408704,1450205184,1491095552
9481.9,1438408704,1450205184,1491095552
9482.9,1438408704,1450205184,1491095552
9483.9,1438408704,1450205184,1491095552
9484.9,1438408704,1450205184,1491095552
9486.0,1438408704,1450205184,1491095552
9487.0,1438408704,1450205184,1491095552
9488.0,1438408704,1450205184,1491095552
9489.0,1438408704,1450205184,1491095552
9490.0,1438408704,1450205184,1491095552
9491.0,1438408704,1450205184,1491095552
9492.0,1438408704,1450205184,1491095552
9493.1,1438408704,1450205184,1491095552
9494.1,1438408704,1450205184,1491095552
9495.1,1438408704,1450205184,1491095552
9496.1,1438408704,1450205184,1491095552
9497.1,1438408704,1450205184,1491095552
9498.1,1438408704,1450205184,1491095552
9499.1,1438408704,1450205184,1491095552
9500.2,1438408704,1450205184,1491095552
9501.2,1438408704,1450205184,1491095552
9502.2,1438408704,1450205184,1491095552
9503.2,1438408704,1450205184,1491095552
9504.2,1438408704,1450205184,1491095552
9505.2,1438408704,1450205184,1491095552
9506.2,1438408704,1450205184,1491095552
9507.2,1438408704,1450205184,1491095552
9508.3,1438408704,1450205184,1491095552
9509.3,1438408704,1450205184,1491095552
9510.3,1438408704,1450205184,1491095552
9511.3,1438408704,1450205184,1491095552
9512.3,1438408704,1450205184,1491095552
9513.3,1438408704,1450205184,1491095552
9514.3,1438408704,1450205184,1491095552
9515.3,1438408704,1450205184,1491095552
9516.4,1438408704,1450205184,1491095552
9517.4,1438408704,1450205184,1491095552
9518.4,1438408704,1450205184,1491095552
9519.4,1438408704,1450205184,1491095552
9520.4,1438408704,1450205184,1491095552
9521.4,1438408704,1450205184,1491095552
9522.4,1438408704,1450205184,1491095552
9523.5,1438408704,1450205184,1491095552
9524.5,1438408704,1450205184,1491095552
9525.5,1438408704,1450205184,1491095552
9526.5,1438408704,1450205184,1491095552
9527.5,1438408704,1450205184,1491095552
9528.5,1438408704,1450205184,1491095552
9529.5,1438408704,1450205184,1491095552
9530.6,1438408704,1450205184,1491095552
9531.6,1438408704,1450205184,1491095552
9532.6,1438408704,1450205184,1491095552
9533.6,1438408704,1450205184,1491095552
9534.6,1438408704,1450205184,1491095552
9535.6,1438408704,1450205184,1491095552
9536.6,1438408704,1450205184,1491095552
9537.7,1438408704,1450205184,1491095552
9538.7,1438408704,1450205184,1491095552
9539.7,1438408704,1450205184,1491095552
9540.7,1438408704,1450205184,1491095552
9541.7,1438408704,1450205184,1491095552
9542.7,1438408704,1450205184,1491095552
9543.7,1438408704,1450205184,1491095552
9544.8,1438408704,1450205184,1491095552
9545.8,1438408704,1450205184,1491095552
9546.8,1438408704,1450205184,1491095552
9547.8,1438408704,1450205184,1491095552
9548.8,1438408704,1450205184,1491095552
9549.8,1438408704,1450205184,1491095552
9550.9,1438408704,1450205184,1491095552
9551.9,1438408704,1450205184,1491095552
9552.9,1438408704,1450205184,1491095552
9553.9,1438408704,1450205184,1491095552
9554.9,1438408704,1450205184,1491095552
9555.9,1438408704,1450205184,1491095552
9556.9,1438408704,1450205184,1491095552
9558.0,1438408704,1450205184,1491095552
9559.0,1438408704,1450205184,1491095552
9560.0,1438408704,1450205184,1491095552
9561.0,1438408704,1450205184,1491095552
9562.0,1438408704,1450205184,1491095552
9563.1,1438408704,1450205184,1491095552
9564.1,1438408704,1450205184,1491095552
9565.1,1438408704,1450205184,1491095552
9566.1,1438408704,1450205184,1491095552
9567.1,1438408704,1450205184,1491095552
9568.1,1438408704,1450205184,1491095552
9569.1,1438408704,1450205184,1491095552
9570.1,1438408704,1450205184,1491095552
9571.2,1438408704,1450205184,1491095552
9572.2,1438408704,1450205184,1491095552
9573.2,1438408704,1450205184,1491095552
9574.2,1438408704,1450205184,1491095552
9575.2,1438408704,1450205184,1491095552
9576.2,1438408704,1450205184,1491095552
9577.3,1438408704,1450205184,1491095552
9578.3,1438408704,1450205184,1491095552
9579.3,1438408704,1450205184,1491095552
9580.3,1438408704,1450205184,1491095552
9581.3,1438408704,1450205184,1491095552
9582.3,1438408704,1450205184,1491095552
9583.3,1438408704,1450205184,1491095552
9584.3,1438408704,1450205184,1491095552
9585.4,1438408704,1450205184,1491095552
9586.4,1438408704,1450205184,1491095552
9587.4,1438408704,1450205184,1491095552
9588.4,1438408704,1450205184,1491095552
9589.4,1438408704,1450205184,1491095552
9590.4,1438408704,1450205184,1491095552
9591.5,1438408704,1450205184,1491095552
9592.5,1438408704,1450205184,1491095552
9593.5,1438408704,1450205184,1491095552
9594.5,1438408704,1450205184,1491095552
9595.5,1438408704,1450205184,1491095552
9596.5,1438408704,1450205184,1491095552
9597.5,1438408704,1450205184,1491095552
9598.6,1438408704,1450205184,1491095552
9599.6,1438408704,1450205184,1491095552
9600.6,1438408704,1450205184,1491095552
9601.6,1438408704,1450205184,1491095552
9602.6,1438408704,1450205184,1491095552
9603.6,1438408704,1450205184,1491095552
9604.7,1438408704,1450205184,1491095552
9605.7,1438408704,1450205184,1491095552
9606.7,1438408704,1450205184,1491095552
9607.7,1438408704,1450205184,1491095552
9608.7,1438408704,1450205184,1491095552
9609.7,1438408704,1450205184,1491095552
9610.7,1438408704,1450205184,1491095552
9611.8,1438408704,1450205184,1491095552
9612.8,1438408704,1450205184,1491095552
9613.8,1438408704,1450205184,1491095552
9614.8,1438408704,1450205184,1491095552
9615.8,1438408704,1450205184,1491095552
9616.8,1438408704,1450205184,1491095552
9617.8,1438408704,1450205184,1491095552
9618.9,1438408704,1450205184,1491095552
9619.9,1438408704,1450205184,1491095552
9620.9,1438408704,1450205184,1491095552
9621.9,1438408704,1450205184,1491095552
9622.9,1438408704,1450205184,1491095552
9623.9,1438408704,1450205184,1491095552
9625.0,1438408704,1450205184,1491095552
9626.0,1438408704,1450205184,1491095552
9627.0,1438408704,1450205184,1491095552
9628.0,1438408704,1450205184,1491095552
9629.0,1438408704,1450205184,1491095552
9630.0,1438408704,1450205184,1491095552
9631.0,1438408704,1450205184,1491095552
9632.1,1438408704,1450205184,1491095552
9633.1,1438408704,1450205184,1491095552
9634.1,1438408704,1450205184,1491095552
9635.1,1438408704,1450205184,1491095552
9636.1,1438408704,1450205184,1491095552
9637.1,1438408704,1450205184,1491095552
9638.1,1438408704,1450205184,1491095552
9639.2,1438408704,1450205184,1491095552
9640.2,1438408704,1450205184,1491095552
9641.2,1438408704,1450205184,1491095552
9642.2,1438408704,1450205184,1491095552
9643.2,1438408704,1450205184,1491095552
9644.2,1438408704,1450205184,1491095552
9645.3,1438408704,1450205184,1491095552
9646.3,1438408704,1450205184,1491095552
9647.3,1438408704,1450205184,1491095552
9648.3,1438408704,1450205184,1491095552
9649.3,1438408704,1450205184,1491095552
9650.3,1438408704,1450205184,1491095552
9651.3,1438408704,1450205184,1491095552
9652.4,1438408704,1450205184,1491095552
9653.4,1438408704,1450205184,1491095552
9654.4,1438408704,1450205184,1491095552
9655.4,1438408704,1450205184,1491095552
9656.4,1438408704,1450205184,1491095552
9657.4,1438408704,1450205184,1491095552
9658.5,1438408704,1450205184,1491095552
9659.5,1438408704,1450205184,1491095552
9660.5,1438408704,1450205184,1491095552
9661.5,1438408704,1450205184,1491095552
9662.5,1438408704,1450205184,1491095552
9663.5,1438408704,1450205184,1491095552
9664.5,1438408704,1450205184,1491095552
9665.6,1438408704,1450205184,1491095552
9666.6,1438408704,1450205184,1491095552
9667.6,1438408704,1450205184,1491095552
9668.6,1438408704,1450205184,1491095552
9669.6,1438408704,1450205184,1491095552
9670.6,1438408704,1450205184,1491095552
9671.6,1438408704,1450205184,1491095552
9672.7,1438408704,1450205184,1491095552
9673.7,1438408704,1450205184,1491095552
9674.7,1438408704,1450205184,1491095552
9675.7,1438408704,1450205184,1491095552
9676.7,1438408704,1450205184,1491095552
9677.7,1438408704,1450205184,1491095552
9678.7,1438408704,1450205184,1491095552
9679.8,1438408704,1450205184,1491095552
9680.8,1438408704,1450205184,1491095552
9681.8,1438408704,1450205184,1491095552
9682.8,1438408704,1450205184,1491095552
9683.8,1438408704,1450205184,1491095552
9684.8,1438408704,1450205184,1491095552
9685.8,1438408704,1450205184,1491095552
9686.9,1438408704,1450205184,1491095552
9687.9,1438408704,1450205184,1491095552
9688.9,1438408704,1450205184,1491095552
9689.9,1438408704,1450205184,1491095552
9690.9,1438408704,1450205184,1491095552
9691.9,1438408704,1450205184,1491095552
9692.9,1438408704,1450205184,1491095552
9693.9,1438408704,1450205184,1491095552
9695.0,1438408704,1450205184,1491095552
9696.0,1438408704,1450205184,1491095552
9697.0,1438408704,1450205184,1491095552
9698.0,1438408704,1450205184,1491095552
9699.0,1438408704,1450205184,1491095552
9700.0,1438408704,1450205184,1491095552
9701.1,1438408704,1450205184,1491095552
9702.1,1438408704,1450205184,1491095552
9703.1,1438408704,1450205184,1491095552
9704.1,1438408704,1450205184,1491095552
9705.1,1438408704,1450205184,1491095552
9706.1,1438408704,1450205184,1491095552
9707.1,1438408704,1450205184,1491095552
9708.2,1438408704,1450205184,1491095552
9709.2,1438408704,1450205184,1491095552
9710.2,1438408704,1450205184,1491095552
9711.2,1438408704,1450205184,1491095552
9712.2,1438408704,1450205184,1491095552
9713.2,1438408704,1450205184,1491095552
9714.2,1438408704,1450205184,1491095552
9715.3,1438408704,1450205184,1491095552
9716.3,1438408704,1450205184,1491095552
9717.3,1438408704,1450205184,1491095552
9718.3,1438408704,1450205184,1491095552
9719.3,1438408704,1450205184,1491095552
9720.3,1438408704,1450205184,1491095552
9721.3,1438408704,1450205184,1491095552
9722.3,1438408704,1450205184,1491095552
9723.4,1438408704,1450205184,1491095552
9724.4,1438408704,1450205184,1491095552
9725.4,1438408704,1450205184,1491095552
9726.4,1438408704,1450205184,1491095552
9727.4,1438408704,1450205184,1491095552
9728.4,1438408704,1450205184,1491095552
9729.4,1438408704,1450205184,1491095552
9730.5,1438408704,1450205184,1491095552
9731.5,1438408704,1450205184,1491095552
9732.5,1438408704,1450205184,1491095552
9733.5,1438408704,1450205184,1491095552
9734.5,1438408704,1450205184,1491095552
9735.5,1438408704,1450205184,1491095552
9736.5,1438408704,1450205184,1491095552
9737.6,1438408704,1450205184,1491095552
9738.6,1438408704,1450205184,1491095552
9739.6,1438408704,1450205184,1491095552
9740.6,1438408704,1450205184,1491095552
9741.6,1438408704,1450205184,1491095552
9742.6,1438408704,1450205184,1491095552
9743.6,1438408704,1450205184,1491095552
9744.7,1438408704,1450205184,1491095552
9745.7,1438408704,1450205184,1491095552
9746.7,1438408704,1450205184,1491095552
9747.7,1438408704,1450205184,1491095552
9748.7,1438408704,1450205184,1491095552
9749.7,1438408704,1450205184,1491095552
9750.7,1438408704,1450205184,1491095552
9751.8,1438408704,1450205184,1491095552
9752.8,1438408704,1450205184,1491095552
9753.8,1438408704,1450205184,1491095552
9754.8,1438408704,1450205184,1491095552
9755.8,1438408704,1450205184,1491095552
9756.8,1438408704,1450205184,1491095552
9757.8,1438408704,1450205184,1491095552
9758.8,1438408704,1450205184,1491095552
9759.9,1438408704,1450205184,1491095552
9760.9,1438408704,1450205184,1491095552
9761.9,1438408704,1450205184,1491095552
9762.9,1438408704,1450205184,1491095552
9763.9,1438408704,1450205184,1491095552
9764.9,1438408704,1450205184,1491095552
9765.9,1438408704,1450205184,1491095552
9767.0,1438408704,1450205184,1491095552
9768.0,1438408704,1450205184,1491095552
9769.0,1438408704,1450205184,1491095552
9770.0,1438408704,1450205184,1491095552
9771.0,1438408704,1450205184,1491095552
9772.0,1438408704,1450205184,1491095552
9773.0,1438408704,1450205184,1491095552
9774.0,1438408704,1450205184,1491095552
9775.1,1438408704,1450205184,1491095552
9776.1,1438408704,1450205184,1491095552
9777.1,1438408704,1450205184,1491095552
9778.1,1438408704,1450205184,1491095552
9779.1,1438408704,1450205184,1491095552
9780.1,1438408704,1450205184,1491095552
9781.1,1438408704,1450205184,1491095552
9782.1,1438408704,1450205184,1491095552
9783.2,1438408704,1450205184,1491095552
9784.2,1438408704,1450205184,1491095552
9785.2,1438408704,1450205184,1491095552
9786.2,1438408704,1450205184,1491095552
9787.2,1438408704,1450205184,1491095552
9788.2,1438408704,1450205184,1491095552
9789.2,1438408704,1450205184,1491095552
9790.3,1438408704,1450205184,1491095552
9791.3,1438408704,1450205184,1491095552
9792.3,1438408704,1450205184,1491095552
9793.3,1438408704,1450205184,1491095552
9794.3,1438408704,1450205184,1491095552
9795.3,1438408704,1450205184,1491095552
9796.3,1438408704,1450205184,1491095552
9797.3,1438408704,1450205184,1491095552
9798.4,1438408704,1450205184,1491095552
9799.4,1438408704,1450205184,1491095552
9800.4,1438408704,1450205184,1491095552
9801.4,1438408704,1450205184,1491095552
9802.4,1438408704,1450205184,1491095552
9803.4,1438408704,1450205184,1491095552
9804.4,1438408704,1450205184,1491095552
9805.5,1438408704,1450205184,1491095552
9806.5,1438408704,1450205184,1491095552
9807.5,1438408704,1450205184,1491095552
9808.5,1438408704,1450205184,1491095552
9809.5,1438408704,1450205184,1491095552
9810.5,1438408704,1450205184,1491095552
9811.5,1438408704,1450205184,1491095552
9812.6,1438408704,1450205184,1491095552
9813.6,1438408704,1450205184,1491095552
9814.6,1438408704,1450205184,1491095552
9815.6,1438408704,1450205184,1491095552
9816.6,1438408704,1450205184,1491095552
9817.6,1438408704,1450205184,1491095552
9818.6,1438408704,1450205184,1491095552
9819.6,1438408704,1450205184,1491095552
9820.7,1438408704,1450205184,1491095552
9821.7,1438408704,1450205184,1491095552
9822.7,1438408704,1450205184,1491095552
9823.7,1438408704,1450205184,1491095552
9824.7,1438408704,1450205184,1491095552
9825.7,1438408704,1450205184,1491095552
9826.7,1438408704,1450205184,1491095552
9827.8,1438408704,1450205184,1491095552
9828.8,1438408704,1450205184,1491095552
9829.8,1438408704,1450205184,1491095552
9830.8,1438408704,1450205184,1491095552
9831.8,1438408704,1450205184,1491095552
9832.8,1438408704,1450205184,1491095552
9833.8,1438408704,1450205184,1491095552
9834.9,1438408704,1450205184,1491095552
9835.9,1438408704,1450205184,1491095552
9836.9,1438408704,1450205184,1491095552
9837.9,1438408704,1450205184,1491095552
9838.9,1438408704,1450205184,1491095552
9839.9,1438408704,1450205184,1491095552
9841.0,1438408704,1450205184,1491095552
9842.0,1438408704,1450205184,1491095552
9843.0,1438408704,1450205184,1491095552
9844.0,1438408704,1450205184,1491095552
9845.0,1438408704,1450205184,1491095552
9846.0,1438408704,1450205184,1491095552
9847.1,1438408704,1450205184,1491095552
9848.1,1438408704,1450205184,1491095552
9849.1,1438408704,1450205184,1491095552
9850.1,1438408704,1450205184,1491095552
9851.1,1438408704,1450205184,1491095552
9852.1,1438408704,1450205184,1491095552
9853.1,1438408704,1450205184,1491095552
9854.2,1438408704,1450205184,1491095552
9855.2,1438408704,1450205184,1491095552
9856.2,1438408704,1450205184,1491095552
9857.2,1438408704,1450205184,1491095552
9858.2,1438408704,1450205184,1491095552
9859.2,1438408704,1450205184,1491095552
9860.2,1438408704,1450205184,1491095552
9861.3,1438408704,1450205184,1491095552
9862.3,1438408704,1450205184,1491095552
9863.3,1438408704,1450205184,1491095552
9864.3,1438408704,1450205184,1491095552
9865.3,1438408704,1450205184,1491095552
9866.3,1438408704,1450205184,1491095552
9867.3,1438408704,1450205184,1491095552
9868.4,1438408704,1450205184,1491095552
9869.4,1438408704,1450205184,1491095552
9870.4,1438408704,1450205184,1491095552
9871.4,1438408704,1450205184,1491095552
9872.4,1438408704,1450205184,1491095552
9873.4,1438408704,1450205184,1491095552
9874.4,1438408704,1450205184,1491095552
9875.5,1438408704,1450205184,1491095552
9876.5,1438408704,1450205184,1491095552
9877.5,1438408704,1450205184,1491095552
9878.5,1438408704,1450205184,1491095552
9879.5,1438408704,1450205184,1491095552
9880.5,1438408704,1450205184,1491095552
9881.5,1438408704,1450205184,1491095552
9882.6,1438408704,1450205184,1491095552
9883.6,1438408704,1450205184,1491095552
9884.6,1438408704,1450205184,1491095552
9885.6,1438408704,1450205184,1491095552
9886.6,1438408704,1450205184,1491095552
9887.6,1438408704,1450205184,1491095552
9888.7,1438408704,1450205184,1491095552
9889.7,1438408704,1450205184,1491095552
9890.7,1438408704,1450205184,1491095552
9891.7,1438408704,1450205184,1491095552
9892.7,1438408704,1450205184,1491095552
9893.7,1438408704,1450205184,1491095552
9894.7,1438408704,1450205184,1491095552
9895.7,1438408704,1450205184,1491095552
9896.8,1438408704,1450205184,1491095552
9897.8,1438408704,1450205184,1491095552
9898.8,1438408704,1450205184,1491095552
9899.8,1438408704,1450205184,1491095552
9900.8,1438408704,1450205184,1491095552
9901.8,1438408704,1450205184,1491095552
9902.8,1438408704,1450205184,1491095552
9903.9,1438408704,1450205184,1491095552
9904.9,1438408704,1450205184,1491095552
9905.9,1438408704,1450205184,1491095552
9906.9,1438408704,1450205184,1491095552
9907.9,1438408704,1450205184,1491095552
9908.9,1438408704,1450205184,1491095552
9909.9,1438408704,1450205184,1491095552
9911.0,1438408704,1450205184,1491095552
9912.0,1438408704,1450205184,1491095552
9913.0,1438408704,1450205184,1491095552
9914.0,1438408704,1450205184,1491095552
9915.0,1438408704,1450205184,1491095552
9916.0,1438408704,1450205184,1491095552
9917.1,1438408704,1450205184,1491095552
9918.1,1438408704,1450205184,1491095552
9919.1,1438408704,1450205184,1491095552
9920.1,1438408704,1450205184,1491095552
9921.1,1438408704,1450205184,1491095552
9922.1,1438408704,1450205184,1491095552
9923.1,1438408704,1450205184,1491095552
9924.1,1438408704,1450205184,1491095552
9925.2,1438408704,1450205184,1491095552
9926.2,1438408704,1450205184,1491095552
9927.2,1438408704,1450205184,1491095552
9928.2,1438408704,1450205184,1491095552
9929.2,1438408704,1450205184,1491095552
9930.2,1438408704,1450205184,1491095552
9931.2,1438408704,1450205184,1491095552
9932.3,1438408704,1450205184,1491095552
9933.3,1438408704,1450205184,1491095552
9934.3,1438408704,1450205184,1491095552
9935.3,1438408704,1450205184,1491095552
9936.3,1438408704,1450205184,1491095552
9937.3,1438408704,1450205184,1491095552
9938.3,1438408704,1450205184,1491095552
9939.4,1438408704,1450205184,1491095552
9940.4,1438408704,1450205184,1491095552
9941.4,1438408704,1450205184,1491095552
9942.4,1438408704,1450205184,1491095552
9943.4,1438408704,1450205184,1491095552
9944.4,1438408704,1450205184,1491095552
9945.5,1438408704,1450205184,1491095552
9946.5,1438408704,1450205184,1491095552
9947.5,1438408704,1450205184,1491095552
9948.5,1438408704,1450205184,1491095552
9949.5,1438408704,1450205184,1491095552
9950.5,1438408704,1450205184,1491095552
9951.5,1438408704,1450205184,1491095552
9952.5,1438408704,1450205184,1491095552
9953.6,1438408704,1450205184,1491095552
9954.6,1438408704,1450205184,1491095552
9955.6,1438408704,1450205184,1491095552
9956.6,1438408704,1450205184,1491095552
9957.6,1438408704,1450205184,1491095552
9958.6,1438408704,1450205184,1491095552
9959.6,1438408704,1450205184,1491095552
9960.7,1438408704,1450205184,1491095552
9961.7,1438408704,1450205184,1491095552
9962.7,1438408704,1450205184,1491095552
9963.7,1438408704,1450205184,1491095552
9964.7,1438408704,1450205184,1491095552
9965.7,1438408704,1450205184,1491095552
9966.7,1438408704,1450205184,1491095552
9967.7,1438408704,1450205184,1491095552
9968.8,1438408704,1450205184,1491095552
9969.8,1438408704,1450205184,1491095552
9970.8,1438408704,1450205184,1491095552
9971.8,1438408704,1450205184,1491095552
9972.8,1438408704,1450205184,1491095552
9973.8,1438408704,1450205184,1491095552
9974.8,1438408704,1450205184,1491095552
9975.8,1438408704,1450205184,1491095552
9976.9,1438408704,1450205184,1491095552
9977.9,1438408704,1450205184,1491095552
9978.9,1438408704,1450205184,1491095552
9979.9,1438408704,1450205184,1491095552
9980.9,1438408704,1450205184,1491095552
9981.9,1438408704,1450205184,1491095552
9982.9,1438408704,1450205184,1491095552
9983.9,1438408704,1450205184,1491095552
9985.0,1438408704,1450205184,1491095552
9986.0,1438408704,1450205184,1491095552
9987.0,1438408704,1450205184,1491095552
9988.0,1438408704,1450205184,1491095552
9989.0,1438408704,1450205184,1491095552
9990.0,1438408704,1450205184,1491095552
9991.1,1438408704,1450205184,1491095552
9992.1,1438408704,1450205184,1491095552
9993.1,1438408704,1450205184,1491095552
9994.1,1438408704,1450205184,1491095552
9995.1,1438408704,1450205184,1491095552
9996.1,1438408704,1450205184,1491095552
9997.1,1438408704,1450205184,1491095552
9998.1,1438408704,1450205184,1491095552
9999.2,1438408704,1450205184,1491095552
10000.2,1438408704,1450205184,1491095552
10001.2,1438408704,1450205184,1491095552
10002.2,1438408704,1450205184,1491095552
10003.2,1438408704,1450205184,1491095552
10004.2,1438408704,1450205184,1491095552
10005.2,1438408704,1450205184,1491095552
10006.2,1438408704,1450205184,1491095552
10007.3,1438408704,1450205184,1491095552
10008.3,1438408704,1450205184,1491095552
10009.3,1438408704,1450205184,1491095552
10010.3,1438408704,1450205184,1491095552
10011.3,1438408704,1450205184,1491095552
10012.3,1438408704,1450205184,1491095552
10013.3,1438408704,1450205184,1491095552
10014.4,1438408704,1450205184,1491095552
10015.4,1438408704,1450205184,1491095552
10016.4,1438408704,1450205184,1491095552
10017.4,1438408704,1450205184,1491095552
10018.4,1438408704,1450205184,1491095552
10019.4,1438408704,1450205184,1491095552
10020.4,1438408704,1450205184,1491095552
10021.4,1438408704,1450205184,1491095552
10022.5,1438408704,1450205184,1491095552
10023.5,1438408704,1450205184,1491095552
10024.5,1438408704,1450205184,1491095552
10025.5,1438408704,1450205184,1491095552
10026.5,1438408704,1450205184,1491095552
10027.5,1438408704,1450205184,1491095552
10028.5,1438408704,1450205184,1491095552
10029.6,1438408704,1450205184,1491095552
10030.6,1438408704,1450205184,1491095552
10031.6,1438408704,1450205184,1491095552
10032.6,1438408704,1450205184,1491095552
10033.6,1438408704,1450205184,1491095552
10034.6,1438408704,1450205184,1491095552
10035.6,1438408704,1450205184,1491095552
10036.7,1438408704,1450205184,1491095552
10037.7,1438408704,1450205184,1491095552
10038.7,1438408704,1450205184,1491095552
10039.7,1438408704,1450205184,1491095552
10040.7,1438408704,1450205184,1491095552
10041.7,1438408704,1450205184,1491095552
10042.7,1438408704,1450205184,1491095552
10043.8,1438408704,1450205184,1491095552
10044.8,1438408704,1450205184,1491095552
10045.8,1438408704,1450205184,1491095552
10046.8,1438408704,1450205184,1491095552
10047.8,1438408704,1450205184,1491095552
10048.8,1438408704,1450205184,1491095552
10049.8,1438408704,1450205184,1491095552
10050.8,1438408704,1450205184,1491095552
10051.9,1438408704,1450205184,1491095552
10052.9,1438408704,1450205184,1491095552
10053.9,1438408704,1450205184,1491095552
10054.9,1438408704,1450205184,1491095552
10055.9,1438408704,1450205184,1491095552
10056.9,1438408704,1450205184,1491095552
10058.0,1438408704,1450205184,1491095552
10059.0,1438408704,1450205184,1491095552
10060.0,1438408704,1450205184,1491095552
10061.0,1438408704,1450205184,1491095552
10062.0,1438408704,1450205184,1491095552
10063.0,1438408704,1450205184,1491095552
10064.0,1438408704,1450205184,1491095552
10065.1,1438408704,1450205184,1491095552
10066.1,1438408704,1450205184,1491095552
10067.1,1438408704,1450205184,1491095552
10068.1,1438408704,1450205184,1491095552
10069.1,1438408704,1450205184,1491095552
10070.1,1438408704,1450205184,1491095552
10071.1,1438408704,1450205184,1491095552
10072.2,1438408704,1450205184,1491095552
10073.2,1438408704,1450205184,1491095552
10074.2,1438408704,1450205184,1491095552
10075.2,1438408704,1450205184,1491095552
10076.2,1438408704,1450205184,1491095552
10077.2,1438408704,1450205184,1491095552
10078.2,1438408704,1450205184,1491095552
10079.3,1438408704,1450205184,1491095552
10080.3,1438408704,1450205184,1491095552
10081.3,1438408704,1450205184,1491095552
10082.3,1438408704,1450205184,1491095552
10083.3,1438408704,1450205184,1491095552
10084.3,1438408704,1450205184,1491095552
10085.3,1438408704,1450205184,1491095552
10086.4,1438408704,1450205184,1491095552
10087.4,1438408704,1450205184,1491095552
10088.4,1438408704,1450205184,1491095552
10089.4,1438408704,1450205184,1491095552
10090.4,1438408704,1450205184,1491095552
10091.4,1438408704,1450205184,1491095552
10092.4,1438408704,1450205184,1491095552
10093.5,1438408704,1450205184,1491095552
10094.5,1438408704,1450205184,1491095552
10095.5,1438408704,1450205184,1491095552
10096.5,1438408704,1450205184,1491095552
10097.5,1438408704,1450205184,1491095552
10098.5,1438408704,1450205184,1491095552
10099.5,1438408704,1450205184,1491095552
10100.6,1438408704,1450205184,1491095552
10101.6,1438408704,1450205184,1491095552
10102.6,1438408704,1450205184,1491095552
10103.6,1438408704,1450205184,1491095552
10104.6,1438408704,1450205184,1491095552
10105.6,1438408704,1450205184,1491095552
10106.6,1438408704,1450205184,1491095552
10107.7,1438408704,1450205184,1491095552
10108.7,1438408704,1450205184,1491095552
10109.7,1438408704,1450205184,1491095552
10110.7,1438408704,1450205184,1491095552
10111.7,1438408704,1450205184,1491095552
10112.7,1438408704,1450205184,1491095552
10113.7,1438408704,1450205184,1491095552
10114.8,1438408704,1450205184,1491095552
10115.8,1438408704,1450205184,1491095552
10116.8,1438408704,1450205184,1491095552
10117.8,1438408704,1450205184,1491095552
10118.8,1438408704,1450205184,1491095552
10119.8,1438408704,1450205184,1491095552
10120.8,1438408704,1450205184,1491095552
10121.8,1438408704,1450205184,1491095552
10122.9,1438408704,1450205184,1491095552
10123.9,1438408704,1450205184,1491095552
10124.9,1438408704,1450205184,1491095552
10125.9,1438408704,1450205184,1491095552
10126.9,1438408704,1450205184,1491095552
10127.9,1438408704,1450205184,1491095552
10128.9,1438408704,1450205184,1491095552
10130.0,1438408704,1450205184,1491095552
10131.0,1438408704,1450205184,1491095552
10132.0,1438408704,1450205184,1491095552
10133.1,1438408704,1450205184,1491095552
10134.1,1438408704,1450205184,1491095552
10135.1,1438408704,1450205184,1491095552
10136.1,1438408704,1450205184,1491095552
10137.1,1438408704,1450205184,1491095552
10138.1,1438408704,1450205184,1491095552
10139.2,1438408704,1450205184,1491095552
10140.2,1438408704,1450205184,1491095552
10141.2,1438408704,1450205184,1491095552
10142.2,1438408704,1450205184,1491095552
10143.2,1438408704,1450205184,1491095552
10144.2,1438408704,1450205184,1491095552
10145.2,1438408704,1450205184,1491095552
10146.3,1438408704,1450205184,1491095552
10147.3,1438408704,1450205184,1491095552
10148.3,1438408704,1450205184,1491095552
10149.3,1438408704,1450205184,1491095552
10150.3,1438408704,1450205184,1491095552
10151.3,1438408704,1450205184,1491095552
10152.3,1438408704,1450205184,1491095552
10153.3,1438408704,1450205184,1491095552
10154.4,1438408704,1450205184,1491095552
10155.4,1438408704,1450205184,1491095552
10156.4,1438408704,1450205184,1491095552
10157.4,1438408704,1450205184,1491095552
10158.4,1438408704,1450205184,1491095552
10159.4,1438408704,1450205184,1491095552
10160.4,1438408704,1450205184,1491095552
10161.5,1438408704,1450205184,1491095552
10162.5,1438408704,1450205184,1491095552
10163.5,1438408704,1450205184,1491095552
10164.5,1438408704,1450205184,1491095552
10165.5,1438408704,1450205184,1491095552
10166.5,1438408704,1450205184,1491095552
10167.6,1438408704,1450205184,1491095552
10168.6,1438408704,1450205184,1491095552
10169.6,1438408704,1450205184,1491095552
10170.6,1438408704,1450205184,1491095552
10171.6,1438408704,1450205184,1491095552
10172.6,1438408704,1450205184,1491095552
10173.6,1438408704,1450205184,1491095552
10174.7,1438408704,1450205184,1491095552
10175.7,1438408704,1450205184,1491095552
10176.7,1438408704,1450205184,1491095552
10177.7,1438408704,1450205184,1491095552
10178.7,1438408704,1450205184,1491095552
10179.7,1438408704,1450205184,1491095552
10180.7,1438408704,1450205184,1491095552
10181.8,1438408704,1450205184,1491095552
10182.8,1438408704,1450205184,1491095552
10183.8,1438408704,1450205184,1491095552
10184.8,1438408704,1450205184,1491095552
10185.8,1438408704,1450205184,1491095552
10186.8,1438408704,1450205184,1491095552
10187.8,1438408704,1450205184,1491095552
10188.8,1438408704,1450205184,1491095552
10189.9,1438408704,1450205184,1491095552
10190.9,1438408704,1450205184,1491095552
10191.9,1438408704,1450205184,1491095552
10192.9,1438408704,1450205184,1491095552
10193.9,1438408704,1450205184,1491095552
10194.9,1438408704,1450205184,1491095552
10195.9,1438408704,1450205184,1491095552
10197.0,1438408704,1450205184,1491095552
10198.0,1438408704,1450205184,1491095552
10199.0,1438408704,1450205184,1491095552
10200.0,1438408704,1450205184,1491095552
10201.0,1438408704,1450205184,1491095552
10202.0,1438408704,1450205184,1491095552
10203.0,1438408704,1450205184,1491095552
10204.1,1438408704,1450205184,1491095552
10205.1,1438408704,1450205184,1491095552
10206.1,1438408704,1450205184,1491095552
10207.1,1438408704,1450205184,1491095552
10208.1,1438408704,1450205184,1491095552
10209.1,1438408704,1450205184,1491095552
10210.1,1438408704,1450205184,1491095552
10211.2,1438408704,1450205184,1491095552
10212.2,1438408704,1450205184,1491095552
10213.2,1438408704,1450205184,1491095552
10214.2,1438408704,1450205184,1491095552
10215.2,1438408704,1450205184,1491095552
10216.2,1438408704,1450205184,1491095552
10217.3,1438408704,1450205184,1491095552
10218.3,1438408704,1450205184,1491095552
10219.3,1438408704,1450205184,1491095552
10220.3,1438408704,1450205184,1491095552
10221.3,1438408704,1450205184,1491095552
10222.3,1438408704,1450205184,1491095552
10223.3,1438408704,1450205184,1491095552
10224.4,1438408704,1450205184,1491095552
10225.4,1438408704,1450205184,1491095552
10226.4,1438408704,1450205184,1491095552
10227.4,1438408704,1450205184,1491095552
10228.4,1438408704,1450205184,1491095552
10229.4,1438408704,1450205184,1491095552
10230.5,1438408704,1450205184,1491095552
10231.5,1438408704,1450205184,1491095552
10232.5,1438408704,1450205184,1491095552
10233.5,1438408704,1450205184,1491095552
10234.5,1438408704,1450205184,1491095552
10235.5,1438408704,1450205184,1491095552
10236.5,1438408704,1450205184,1491095552
10237.6,1438408704,1450205184,1491095552
10238.6,1438408704,1450205184,1491095552
10239.6,1438408704,1450205184,1491095552
10240.6,1438408704,1450205184,1491095552
10241.6,1438408704,1450205184,1491095552
10242.6,1438408704,1450205184,1491095552
10243.6,1438408704,1450205184,1491095552
10244.7,1438408704,1450205184,1491095552
10245.7,1438408704,1450205184,1491095552
10246.7,1438408704,1450205184,1491095552
10247.7,1438408704,1450205184,1491095552
10248.7,1438408704,1450205184,1491095552
10249.7,1438408704,1450205184,1491095552
10250.7,1438408704,1450205184,1491095552
10251.8,1438408704,1450205184,1491095552
10252.8,1438408704,1450205184,1491095552
10253.8,1438408704,1450205184,1491095552
10254.8,1438408704,1450205184,1491095552
10255.8,1438408704,1450205184,1491095552
10256.8,1438408704,1450205184,1491095552
10257.8,1438408704,1450205184,1491095552
10258.8,1438408704,1450205184,1491095552
10259.9,1438408704,1450205184,1491095552
10260.9,1438408704,1450205184,1491095552
10261.9,1438408704,1450205184,1491095552
10262.9,1438408704,1450205184,1491095552
10263.9,1438408704,1450205184,1491095552
10264.9,1438408704,1450205184,1491095552
10265.9,1438408704,1450205184,1491095552
10266.9,1438408704,1450205184,1491095552
10268.0,1438408704,1450205184,1491095552
10269.0,1438408704,1450205184,1491095552
10270.0,1438408704,1450205184,1491095552
10271.0,1438408704,1450205184,1491095552
10272.0,1438408704,1450205184,1491095552
10273.0,1438408704,1450205184,1491095552
10274.0,1438408704,1450205184,1491095552
10275.1,1438408704,1450205184,1491095552
10276.1,1438408704,1450205184,1491095552
10277.1,1438408704,1450205184,1491095552
10278.1,1438408704,1450205184,1491095552
10279.1,1438408704,1450205184,1491095552
10280.1,1438408704,1450205184,1491095552
10281.2,1438408704,1450205184,1491095552
10282.2,1438408704,1450205184,1491095552
10283.2,1438408704,1450205184,1491095552
10284.2,1438408704,1450205184,1491095552
10285.2,1438408704,1450205184,1491095552
10286.2,1438408704,1450205184,1491095552
10287.2,1438408704,1450205184,1491095552
10288.3,1438408704,1450205184,1491095552
10289.3,1438408704,1450205184,1491095552
10290.3,1438408704,1450205184,1491095552
10291.3,1438408704,1450205184,1491095552
10292.3,1438408704,1450205184,1491095552
10293.3,1438408704,1450205184,1491095552
10294.3,1438408704,1450205184,1491095552
10295.3,1438408704,1450205184,1491095552
10296.4,1438408704,1450205184,1491095552
10297.4,1438408704,1450205184,1491095552
10298.4,1438408704,1450205184,1491095552
10299.4,1438408704,1450205184,1491095552
10300.4,1438408704,1450205184,1491095552
10301.4,1438408704,1450205184,1491095552
10302.4,1438408704,1450205184,1491095552
10303.5,1438408704,1450205184,1491095552
10304.5,1438408704,1450205184,1491095552
10305.5,1438408704,1450205184,1491095552
10306.5,1438408704,1450205184,1491095552
10307.5,1438408704,1450205184,1491095552
10308.5,1438408704,1450205184,1491095552
10309.5,1438408704,1450205184,1491095552
10310.6,1438408704,1450205184,1491095552
10311.6,1438408704,1450205184,1491095552
10312.6,1438408704,1450205184,1491095552
10313.6,1438408704,1450205184,1491095552
10314.6,1438408704,1450205184,1491095552
10315.6,1438408704,1450205184,1491095552
10316.6,1438408704,1450205184,1491095552
10317.7,1438408704,1450205184,1491095552
10318.7,1438408704,1450205184,1491095552
10319.7,1438408704,1450205184,1491095552
10320.7,1438408704,1450205184,1491095552
10321.7,1438408704,1450205184,1491095552
10322.7,1438408704,1450205184,1491095552
10323.7,1438408704,1450205184,1491095552
10324.8,1438408704,1450205184,1491095552
10325.8,1438408704,1450205184,1491095552
10326.8,1438408704,1450205184,1491095552
10327.8,1438408704,1450205184,1491095552
10328.8,1438408704,1450205184,1491095552
10329.8,1438408704,1450205184,1491095552
10330.8,1438408704,1450205184,1491095552
10331.9,1438408704,1450205184,1491095552
10332.9,1438408704,1450205184,1491095552
10333.9,1438408704,1450205184,1491095552
10334.9,1438408704,1450205184,1491095552
10335.9,1438408704,1450205184,1491095552
10336.9,1438408704,1450205184,1491095552
10337.9,1438408704,1450205184,1491095552
10339.0,1438408704,1450205184,1491095552
10340.0,1438408704,1450205184,1491095552
10341.0,1438408704,1450205184,1491095552
10342.0,1438408704,1450205184,1491095552
10343.0,1438408704,1450205184,1491095552
10344.0,1438408704,1450205184,1491095552
10345.0,1438408704,1450205184,1491095552
10346.0,1438408704,1450205184,1491095552
10347.1,1438408704,1450205184,1491095552
10348.1,1438408704,1450205184,1491095552
10349.1,1438408704,1450205184,1491095552
10350.1,1438408704,1450205184,1491095552
10351.1,1438408704,1450205184,1491095552
10352.1,1438408704,1450205184,1491095552
10353.1,1438408704,1450205184,1491095552
10354.2,1438408704,1450205184,1491095552
10355.2,1438408704,1450205184,1491095552
10356.2,1438408704,1450205184,1491095552
10357.2,1438408704,1450205184,1491095552
10358.2,1438408704,1450205184,1491095552
10359.2,1438408704,1450205184,1491095552
10360.2,1438408704,1450205184,1491095552
10361.2,1438408704,1450205184,1491095552
10362.3,1438408704,1450205184,1491095552
10363.3,1438408704,1450205184,1491095552
10364.3,1438408704,1450205184,1491095552
10365.3,1438408704,1450205184,1491095552
10366.3,1438408704,1450205184,1491095552
10367.3,1438408704,1450205184,1491095552
10368.3,1438408704,1450205184,1491095552
10369.4,1438408704,1450205184,1491095552
10370.4,1438408704,1450205184,1491095552
10371.4,1438408704,1450205184,1491095552
10372.4,1438408704,1450205184,1491095552
10373.4,1438408704,1450205184,1491095552
10374.4,1438408704,1450205184,1491095552
10375.4,1438408704,1450205184,1491095552
10376.5,1438408704,1450205184,1491095552
10377.5,1438408704,1450205184,1491095552
10378.5,1438408704,1450205184,1491095552
10379.5,1438408704,1450205184,1491095552
10380.5,1438408704,1450205184,1491095552
10381.5,1438408704,1450205184,1491095552
10382.5,1438408704,1450205184,1491095552
10383.5,1438408704,1450205184,1491095552
10384.6,1438408704,1450205184,1491095552
10385.6,1438408704,1450205184,1491095552
10386.6,1438408704,1450205184,1491095552
10387.6,1438408704,1450205184,1491095552
10388.6,1438408704,1450205184,1491095552
10389.6,1438408704,1450205184,1491095552
10390.6,1438408704,1450205184,1491095552
10391.7,1438408704,1450205184,1491095552
10392.7,1438408704,1450205184,1491095552
10393.7,1438408704,1450205184,1491095552
10394.7,1438408704,1450205184,1491095552
10395.7,1438408704,1450205184,1491095552
10396.7,1438408704,1450205184,1491095552
10397.7,1438408704,1450205184,1491095552
10398.8,1438408704,1450205184,1491095552
10399.8,1438408704,1450205184,1491095552
10400.8,1438408704,1450205184,1491095552
10401.8,1438408704,1450205184,1491095552
10402.8,1438408704,1450205184,1491095552
10403.8,1438408704,1450205184,1491095552
10404.8,1438408704,1450205184,1491095552
10405.8,1438408704,1450205184,1491095552
10406.9,1438408704,1450205184,1491095552
10407.9,1438408704,1450205184,1491095552
10408.9,1438408704,1450205184,1491095552
10409.9,1438408704,1450205184,1491095552
10410.9,1438408704,1450205184,1491095552
10411.9,1438408704,1450205184,1491095552
10412.9,1438408704,1450205184,1491095552
10413.9,1438408704,1450205184,1491095552
10415.0,1438408704,1450205184,1491095552
10416.0,1438408704,1450205184,1491095552
10417.0,1438408704,1450205184,1491095552
10418.0,1438408704,1450205184,1491095552
10419.0,1438408704,1450205184,1491095552
10420.0,1438408704,1450205184,1491095552
10421.0,1438408704,1450205184,1491095552
10422.1,1438408704,1450205184,1491095552
10423.1,1438408704,1450205184,1491095552
10424.1,1438408704,1450205184,1491095552
10425.1,1438408704,1450205184,1491095552
10426.1,1438408704,1450205184,1491095552
10427.1,1438408704,1450205184,1491095552
10428.1,1438408704,1450205184,1491095552
10429.2,1438408704,1450205184,1491095552
10430.2,1438408704,1450205184,1491095552
10431.2,1438408704,1450205184,1491095552
10432.2,1438408704,1450205184,1491095552
10433.2,1438408704,1450205184,1491095552
10434.2,1438408704,1450205184,1491095552
10435.2,1438408704,1450205184,1491095552
10436.3,1438408704,1450205184,1491095552
10437.3,1438408704,1450205184,1491095552
10438.3,1438408704,1450205184,1491095552
10439.3,1438408704,1450205184,1491095552
10440.3,1438408704,1450205184,1491095552
10441.3,1438408704,1450205184,1491095552
10442.3,1438408704,1450205184,1491095552
10443.3,1438408704,1450205184,1491095552
10444.3,1438408704,1450205184,1491095552
10445.4,1438408704,1450205184,1491095552
10446.4,1438408704,1450205184,1491095552
10447.4,1438408704,1450205184,1491095552
10448.4,1438408704,1450205184,1491095552
10449.4,1438408704,1450205184,1491095552
10450.4,1438408704,1450205184,1491095552
10451.4,1438408704,1450205184,1491095552
10452.5,1438408704,1450205184,1491095552
10453.5,1438408704,1450205184,1491095552
10454.5,1438408704,1450205184,1491095552
10455.5,1438408704,1450205184,1491095552
10456.5,1438408704,1450205184,1491095552
10457.5,1438408704,1450205184,1491095552
10458.5,1438408704,1450205184,1491095552
10459.6,1438408704,1450205184,1491095552
10460.6,1438408704,1450205184,1491095552
10461.6,1438408704,1450205184,1491095552
10462.6,1438408704,1450205184,1491095552
10463.6,1438408704,1450205184,1491095552
10464.6,1438408704,1450205184,1491095552
10465.6,1438408704,1450205184,1491095552
10466.6,1438408704,1450205184,1491095552
10467.7,1438408704,1450205184,1491095552
10468.7,1438408704,1450205184,1491095552
10469.7,1438408704,1450205184,1491095552
10470.7,1438408704,1450205184,1491095552
10471.7,1438408704,1450205184,1491095552
10472.7,1438408704,1450205184,1491095552
10473.7,1438408704,1450205184,1491095552
10474.8,1438408704,1450205184,1491095552
10475.8,1438408704,1450205184,1491095552
10476.8,1438408704,1450205184,1491095552
10477.8,1438408704,1450205184,1491095552
10478.8,1438408704,1450205184,1491095552
10479.8,1438408704,1450205184,1491095552
10480.8,1438408704,1450205184,1491095552
10481.9,1438408704,1450205184,1491095552
10482.9,1438408704,1450205184,1491095552
10483.9,1438408704,1450205184,1491095552
10484.9,1438408704,1450205184,1491095552
10485.9,1438408704,1450205184,1491095552
10486.9,1438408704,1450205184,1491095552
10487.9,1438408704,1450205184,1491095552
10488.9,1438408704,1450205184,1491095552
10490.0,1438408704,1450205184,1491095552
10491.0,1438408704,1450205184,1491095552
10492.0,1438408704,1450205184,1491095552
10493.0,1438408704,1450205184,1491095552
10494.0,1438408704,1450205184,1491095552
10495.0,1438408704,1450205184,1491095552
10496.0,1438408704,1450205184,1491095552
10497.0,1438408704,1450205184,1491095552
10498.1,1438408704,1450205184,1491095552
10499.1,1438408704,1450205184,1491095552
10500.1,1438408704,1450205184,1491095552
10501.1,1438408704,1450205184,1491095552
10502.1,1438408704,1450205184,1491095552
10503.1,1438408704,1450205184,1491095552
10504.1,1438408704,1450205184,1491095552
10505.2,1438408704,1450205184,1491095552
10506.2,1438408704,1450205184,1491095552
10507.2,1438408704,1450205184,1491095552
10508.2,1438408704,1450205184,1491095552
10509.2,1438408704,1450205184,1491095552
10510.2,1438408704,1450205184,1491095552
10511.2,1438408704,1450205184,1491095552
10512.3,1438408704,1450205184,1491095552
10513.3,1438408704,1450205184,1491095552
10514.3,1438408704,1450205184,1491095552
10515.3,1438408704,1450205184,1491095552
10516.3,1438408704,1450205184,1491095552
10517.3,1438408704,1450205184,1491095552
10518.3,1438408704,1450205184,1491095552
10519.4,1438408704,1450205184,1491095552
10520.4,1438408704,1450205184,1491095552
10521.4,1438408704,1450205184,1491095552
10522.4,1438408704,1450205184,1491095552
10523.4,1438408704,1450205184,1491095552
10524.4,1438408704,1450205184,1491095552
10525.4,1438408704,1450205184,1491095552
10526.4,1438408704,1450205184,1491095552
10527.5,1438408704,1450205184,1491095552
10528.5,1438408704,1450205184,1491095552
10529.5,1438408704,1450205184,1491095552
10530.5,1438408704,1450205184,1491095552
10531.5,1438408704,1450205184,1491095552
10532.5,1438408704,1450205184,1491095552
10533.5,1438408704,1450205184,1491095552
10534.6,1438408704,1450205184,1491095552
10535.6,1438408704,1450205184,1491095552
10536.6,1438408704,1450205184,1491095552
10537.6,1438408704,1450205184,1491095552
10538.6,1438408704,1450205184,1491095552
10539.6,1438408704,1450205184,1491095552
10540.6,1438408704,1450205184,1491095552
10541.6,1438408704,1450205184,1491095552
10542.7,1438408704,1450205184,1491095552
10543.7,1438408704,1450205184,1491095552
10544.7,1438408704,1450205184,1491095552
10545.7,1438408704,1450205184,1491095552
10546.7,1438408704,1450205184,1491095552
10547.7,1438408704,1450205184,1491095552
10548.7,1438408704,1450205184,1491095552
10549.8,1438408704,1450205184,1491095552
10550.8,1438408704,1450205184,1491095552
10551.8,1438408704,1450205184,1491095552
10552.8,1438408704,1450205184,1491095552
10553.8,1438408704,1450205184,1491095552
10554.8,1438408704,1450205184,1491095552
10555.8,1438408704,1450205184,1491095552
10556.9,1438408704,1450205184,1491095552
10557.9,1438408704,1450205184,1491095552
10558.9,1438408704,1450205184,1491095552
10559.9,1438408704,1450205184,1491095552
10560.9,1438408704,1450205184,1491095552
10561.9,1438408704,1450205184,1491095552
10562.9,1438408704,1450205184,1491095552
10564.0,1438408704,1450205184,1491095552
10565.0,1438408704,1450205184,1491095552
10566.0,1438408704,1450205184,1491095552
10567.0,1438408704,1450205184,1491095552
10568.0,1438408704,1450205184,1491095552
10569.0,1438408704,1450205184,1491095552
10570.0,1438408704,1450205184,1491095552
10571.1,1438408704,1450205184,1491095552
10572.1,1438408704,1450205184,1491095552
10573.1,1438408704,1450205184,1491095552
10574.1,1438408704,1450205184,1491095552
10575.1,1438408704,1450205184,1491095552
10576.1,1438408704,1450205184,1491095552
10577.1,1438408704,1450205184,1491095552
10578.1,1438408704,1450205184,1491095552
10579.2,1438408704,1450205184,1491095552
10580.2,1438408704,1450205184,1491095552
10581.2,1438408704,1450205184,1491095552
10582.2,1438408704,1450205184,1491095552
10583.2,1438408704,1450205184,1491095552
10584.2,1438408704,1450205184,1491095552
10585.3,1438408704,1450205184,1491095552
10586.3,1438408704,1450205184,1491095552
10587.3,1438408704,1450205184,1491095552
10588.3,1438408704,1450205184,1491095552
10589.3,1438408704,1450205184,1491095552
10590.3,1438408704,1450205184,1491095552
10591.3,1438408704,1450205184,1491095552
10592.3,1438408704,1450205184,1491095552
10593.4,1438408704,1450205184,1491095552
10594.4,1438408704,1450205184,1491095552
10595.4,1438408704,1450205184,1491095552
10596.4,1438408704,1450205184,1491095552
10597.4,1438408704,1450205184,1491095552
10598.4,1438408704,1450205184,1491095552
10599.4,1438408704,1450205184,1491095552
10600.5,1438408704,1450205184,1491095552
10601.5,1438408704,1450205184,1491095552
10602.5,1438408704,1450205184,1491095552
10603.5,1438408704,1450205184,1491095552
10604.5,1438408704,1450205184,1491095552
10605.5,1438408704,1450205184,1491095552
10606.5,1438408704,1450205184,1491095552
10607.5,1438408704,1450205184,1491095552
10608.6,1438408704,1450205184,1491095552
10609.6,1438408704,1450205184,1491095552
10610.6,1438408704,1450205184,1491095552
10611.6,1438408704,1450205184,1491095552
10612.6,1438408704,1450205184,1491095552
10613.6,1438408704,1450205184,1491095552
10614.6,1438408704,1450205184,1491095552
10615.7,1438408704,1450205184,1491095552
10616.7,1438408704,1450205184,1491095552
10617.7,1438408704,1450205184,1491095552
10618.7,1438408704,1450205184,1491095552
10619.7,1438408704,1450205184,1491095552
10620.7,1438408704,1450205184,1491095552
10621.7,1438408704,1450205184,1491095552
10622.7,1438408704,1450205184,1491095552
10623.8,1438408704,1450205184,1491095552
10624.8,1438408704,1450205184,1491095552
10625.8,1438408704,1450205184,1491095552
10626.8,1438408704,1450205184,1491095552
10627.8,1438408704,1450205184,1491095552
10628.8,1438408704,1450205184,1491095552
10629.8,1438408704,1450205184,1491095552
10630.9,1438408704,1450205184,1491095552
10631.9,1438408704,1450205184,1491095552
10632.9,1438408704,1450205184,1491095552
10633.9,1438408704,1450205184,1491095552
10634.9,1438408704,1450205184,1491095552
10635.9,1438408704,1450205184,1491095552
10636.9,1438408704,1450205184,1491095552
10637.9,1438408704,1450205184,1491095552
10639.0,1438408704,1450205184,1491095552
10640.0,1438408704,1450205184,1491095552
10641.0,1438408704,1450205184,1491095552
10642.0,1438408704,1450205184,1491095552
10643.0,1438408704,1450205184,1491095552
10644.0,1438408704,1450205184,1491095552
10645.0,1438408704,1450205184,1491095552
10646.1,1438408704,1450205184,1491095552
10647.1,1438408704,1450205184,1491095552
10648.1,1438408704,1450205184,1491095552
10649.1,1438408704,1450205184,1491095552
10650.1,1438408704,1450205184,1491095552
10651.1,1438408704,1450205184,1491095552
10652.1,1438408704,1450205184,1491095552
10653.2,1438408704,1450205184,1491095552
10654.2,1438408704,1450205184,1491095552
10655.2,1438408704,1450205184,1491095552
10656.2,1438408704,1450205184,1491095552
10657.2,1438408704,1450205184,1491095552
10658.2,1438408704,1450205184,1491095552
10659.2,1438408704,1450205184,1491095552
10660.2,1438408704,1450205184,1491095552
10661.3,1438408704,1450205184,1491095552
10662.3,1438408704,1450205184,1491095552
10663.3,1438408704,1450205184,1491095552
10664.3,1438408704,1450205184,1491095552
10665.3,1438408704,1450205184,1491095552
10666.3,1438408704,1450205184,1491095552
10667.3,1438408704,1450205184,1491095552
10668.4,1438408704,1450205184,1491095552
10669.4,1438408704,1450205184,1491095552
10670.4,1438408704,1450205184,1491095552
10671.4,1438408704,1450205184,1491095552
10672.4,1438408704,1450205184,1491095552
10673.4,1438408704,1450205184,1491095552
10674.4,1438408704,1450205184,1491095552
10675.5,1438408704,1450205184,1491095552
10676.5,1438408704,1450205184,1491095552
10677.5,1438408704,1450205184,1491095552
10678.5,1438408704,1450205184,1491095552
10679.5,1438408704,1450205184,1491095552
10680.5,1438408704,1450205184,1491095552
10681.5,1438408704,1450205184,1491095552
10682.5,1438408704,1450205184,1491095552
10683.6,1438408704,1450205184,1491095552
10684.6,1438408704,1450205184,1491095552
10685.6,1438408704,1450205184,1491095552
10686.6,1438408704,1450205184,1491095552
10687.6,1438408704,1450205184,1491095552
10688.6,1438408704,1450205184,1491095552
10689.6,1438408704,1450205184,1491095552
10690.7,1438408704,1450205184,1491095552
10691.7,1438408704,1450205184,1491095552
10692.7,1438408704,1450205184,1491095552
10693.7,1438408704,1450205184,1491095552
10694.7,1438408704,1450205184,1491095552
10695.7,1438408704,1450205184,1491095552
10696.7,1438408704,1450205184,1491095552
10697.8,1438408704,1450205184,1491095552
10698.8,1438408704,1450205184,1491095552
10699.8,1438408704,1450205184,1491095552
10700.8,1438408704,1450205184,1491095552
10701.8,1438408704,1450205184,1491095552
10702.8,1438408704,1450205184,1491095552
10703.8,1438408704,1450205184,1491095552
10704.8,1438408704,1450205184,1491095552
10705.9,1438408704,1450205184,1491095552
10706.9,1438408704,1450205184,1491095552
10707.9,1438408704,1450205184,1491095552
10708.9,1438408704,1450205184,1491095552
10709.9,1438408704,1450205184,1491095552
10710.9,1438408704,1450205184,1491095552
10711.9,1438408704,1450205184,1491095552
10713.0,1438408704,1450205184,1491095552
10714.0,1438408704,1450205184,1491095552
10715.0,1438408704,1450205184,1491095552
10716.0,1438408704,1450205184,1491095552
10717.0,1438408704,1450205184,1491095552
10718.0,1438408704,1450205184,1491095552
10719.0,1438408704,1450205184,1491095552
10720.1,1438408704,1450205184,1491095552
10721.1,1438408704,1450205184,1491095552
10722.1,1438408704,1450205184,1491095552
10723.1,1438408704,1450205184,1491095552
10724.1,1438408704,1450205184,1491095552
10725.1,1438408704,1450205184,1491095552
10726.1,1438408704,1450205184,1491095552
10727.2,1438408704,1450205184,1491095552
10728.2,1438408704,1450205184,1491095552
10729.2,1438408704,1450205184,1491095552
10730.2,1438408704,1450205184,1491095552
10731.2,1438408704,1450205184,1491095552
10732.2,1438408704,1450205184,1491095552
10733.3,1438408704,1450205184,1491095552
10734.3,1438408704,1450205184,1491095552
10735.3,1438408704,1450205184,1491095552
10736.3,1438408704,1450205184,1491095552
10737.3,1438408704,1450205184,1491095552
10738.4,1438408704,1450205184,1491095552
10739.4,1438408704,1450205184,1491095552
10740.4,1438408704,1450205184,1491095552
10741.4,1438408704,1450205184,1491095552
10742.4,1438408704,1450205184,1491095552
10743.4,1438408704,1450205184,1491095552
10744.5,1438408704,1450205184,1491095552
10745.5,1438408704,1450205184,1491095552
10746.5,1438408704,1450205184,1491095552
10747.5,1438408704,1450205184,1491095552
10748.5,1438408704,1450205184,1491095552
10749.5,1438408704,1450205184,1491095552
10750.6,1438408704,1450205184,1491095552
10751.6,1438408704,1450205184,1491095552
10752.6,1438408704,1450205184,1491095552
10753.6,1438408704,1450205184,1491095552
10754.6,1438408704,1450205184,1491095552
10755.6,1438408704,1450205184,1491095552
10756.6,1438408704,1450205184,1491095552
10757.7,1438408704,1450205184,1491095552
10758.7,1438408704,1450205184,1491095552
10759.7,1438408704,1450205184,1491095552
10760.7,1438408704,1450205184,1491095552
10761.7,1438408704,1450205184,1491095552
10762.7,1438408704,1450205184,1491095552
10763.7,1438408704,1450205184,1491095552
10764.7,1438408704,1450205184,1491095552
10765.8,1438408704,1450205184,1491095552
10766.8,1438408704,1450205184,1491095552
10767.8,1438408704,1450205184,1491095552
10768.8,1438408704,1450205184,1491095552
10769.8,1438408704,1450205184,1491095552
10770.8,1438408704,1450205184,1491095552
10771.8,1438408704,1450205184,1491095552
10772.9,1438408704,1450205184,1491095552
10773.9,1438408704,1450205184,1491095552
10774.9,1438408704,1450205184,1491095552
10775.9,1438408704,1450205184,1491095552
10776.9,1438408704,1450205184,1491095552
10777.9,1438408704,1450205184,1491095552
10778.9,1438408704,1450205184,1491095552
10780.0,1438408704,1450205184,1491095552
10781.0,1438408704,1450205184,1491095552
10782.0,1438408704,1450205184,1491095552
10783.0,1438408704,1450205184,1491095552
10784.0,1438408704,1450205184,1491095552
10785.0,1438408704,1450205184,1491095552
10786.0,1438408704,1450205184,1491095552
10787.1,1438408704,1450205184,1491095552
10788.1,1438408704,1450205184,1491095552
10789.1,1438408704,1450205184,1491095552
10790.1,1438408704,1450205184,1491095552
10791.1,1438408704,1450205184,1491095552
10792.1,1438408704,1450205184,1491095552
10793.1,1438408704,1450205184,1491095552
10794.1,1438408704,1450205184,1491095552
10795.2,1438408704,1450205184,1491095552
10796.2,1438408704,1450205184,1491095552
10797.2,1438408704,1450205184,1491095552
10798.2,1438408704,1450205184,1491095552
10799.2,1438408704,1450205184,1491095552
10800.2,1438408704,1450205184,1491095552
10801.3,1438408704,1450205184,1491095552
10802.3,1438408704,1450205184,1491095552
10803.3,1438408704,1450205184,1491095552
10804.3,1438408704,1450205184,1491095552
10805.3,1438408704,1450205184,1491095552
10806.3,1438408704,1450205184,1491095552
10807.3,1438408704,1450205184,1491095552
10808.4,1438408704,1450205184,1491095552
10809.4,1438408704,1450205184,1491095552
10810.4,1438408704,1450205184,1491095552
10811.4,1438408704,1450205184,1491095552
10812.4,1438408704,1450205184,1491095552
10813.4,1438408704,1450205184,1491095552
10814.5,1438408704,1450205184,1491095552
10815.5,1438408704,1450205184,1491095552
10816.5,1438408704,1450205184,1491095552
10817.5,1438408704,1450205184,1491095552
10818.5,1438408704,1450205184,1491095552
10819.5,1438408704,1450205184,1491095552
10820.5,1438408704,1450205184,1491095552
10821.6,1438408704,1450205184,1491095552
10822.6,1438408704,1450205184,1491095552
10823.6,1438408704,1450205184,1491095552
10824.6,1438408704,1450205184,1491095552
10825.6,1438408704,1450205184,1491095552
10826.6,1438408704,1450205184,1491095552
10827.6,1438408704,1450205184,1491095552
10828.7,1438408704,1450205184,1491095552
10829.7,1438408704,1450205184,1491095552
10830.7,1438408704,1450205184,1491095552
10831.7,1438408704,1450205184,1491095552
10832.7,1438408704,1450205184,1491095552
10833.7,1438408704,1450205184,1491095552
10834.7,1438408704,1450205184,1491095552
10835.8,1438408704,1450205184,1491095552
10836.8,1438408704,1450205184,1491095552
10837.8,1438408704,1450205184,1491095552
10838.8,1438408704,1450205184,1491095552
10839.8,1438408704,1450205184,1491095552
10840.8,1438408704,1450205184,1491095552
10841.8,1438408704,1450205184,1491095552
10842.9,1438408704,1450205184,1491095552
10843.9,1438408704,1450205184,1491095552
10844.9,1438408704,1450205184,1491095552
10845.9,1438408704,1450205184,1491095552
10846.9,1438408704,1450205184,1491095552
10847.9,1438408704,1450205184,1491095552
10849.0,1438408704,1450205184,1491095552
10850.0,1438408704,1450205184,1491095552
10851.0,1438408704,1450205184,1491095552
10852.0,1438408704,1450205184,1491095552
10853.0,1438408704,1450205184,1491095552
10854.0,1438408704,1450205184,1491095552
10855.1,1438408704,1450205184,1491095552
10856.1,1438408704,1450205184,1491095552
10857.1,1438408704,1450205184,1491095552
10858.1,1438408704,1450205184,1491095552
10859.1,1438408704,1450205184,1491095552
10860.1,1438408704,1450205184,1491095552
10861.1,1438408704,1450205184,1491095552
10862.2,1438408704,1450205184,1491095552
10863.2,1438408704,1450205184,1491095552
10864.2,1438408704,1450205184,1491095552
10865.2,1438408704,1450205184,1491095552
10866.2,1438408704,1450205184,1491095552
10867.2,1438408704,1450205184,1491095552
10868.2,1438408704,1450205184,1491095552
10869.3,1438408704,1450205184,1491095552
10870.3,1438408704,1450205184,1491095552
10871.3,1438408704,1450205184,1491095552
10872.3,1438408704,1450205184,1491095552
10873.3,1438408704,1450205184,1491095552
10874.3,1438408704,1450205184,1491095552
10875.3,1438408704,1450205184,1491095552
10876.4,1438408704,1450205184,1491095552
10877.4,1438408704,1450205184,1491095552
10878.4,1438408704,1450205184,1491095552
10879.4,1438408704,1450205184,1491095552
10880.4,1438408704,1450205184,1491095552
10881.4,1438408704,1450205184,1491095552
10882.5,1438408704,1450205184,1491095552
10883.5,1438408704,1450205184,1491095552
10884.5,1438408704,1450205184,1491095552
10885.5,1438408704,1450205184,1491095552
10886.5,1438453760,1450205184,1491128320
10887.7,1438453760,1450205184,1491128320
10888.7,1438453760,1450205184,1491128320
10889.9,1438453760,1450205184,1491128320
10891.0,1438457856,1450205184,1491128320
10892.2,1438457856,1450205184,1491128320
10893.3,1438457856,1450205184,1491128320
10894.4,1438457856,1450205184,1491128320
10895.5,1438588928,1450205184,1491128320
10896.8,1438588928,1450205184,1491128320
10898.3,1438588928,1450205184,1491128320
10899.5,1438588928,1450205184,1491128320
10900.6,1438588928,1450205184,1491128320
10901.6,1438588928,1450205184,1491128320
10902.7,1438588928,1450205184,1491128320
10903.7,1438588928,1450205184,1491128320
10904.7,1438588928,1450205184,1491128320
10905.8,1438588928,1450205184,1491128320
10906.8,1438588928,1450205184,1491128320
10907.8,1438588928,1450205184,1491128320
10908.9,1438588928,1450205184,1491128320
10909.9,1438588928,1450205184,1491128320
10910.9,1438588928,1450205184,1491128320
10912.0,1438588928,1450205184,1491128320
10913.0,1438588928,1450205184,1491128320
10914.0,1438588928,1450205184,1491128320
10915.0,1438588928,1450205184,1491128320
10916.0,1438588928,1450205184,1491128320
10917.1,1438588928,1450205184,1491128320
10918.1,1438588928,1450205184,1491128320
10919.1,1438588928,1450205184,1491128320
10920.1,1438588928,1450205184,1491128320
10921.1,1438588928,1450205184,1491128320
10922.1,1438588928,1450205184,1491128320
10923.2,1438588928,1450205184,1491128320
10924.2,1438588928,1450205184,1491128320
10925.2,1438588928,1450205184,1491128320
10926.2,1438588928,1450205184,1491128320
10927.2,1438588928,1450205184,1491128320
10928.2,1438588928,1450205184,1491128320
10929.2,1438588928,1450205184,1491128320
10930.3,1438588928,1450205184,1491128320
10931.3,1438588928,1450205184,1491128320
10932.3,1438588928,1450205184,1491128320
10933.3,1438588928,1450205184,1491128320
10934.3,1438588928,1450205184,1491128320
10935.3,1438588928,1450205184,1491128320
10936.4,1438588928,1450205184,1491128320
10937.4,1438588928,1450205184,1491128320
10938.4,1438588928,1450205184,1491128320
10939.5,1438588928,1450205184,1491128320
10940.5,1438588928,1450205184,1491128320
10941.6,1438588928,1450205184,1491128320
10942.6,1438588928,1450205184,1491128320
10943.6,1438588928,1450205184,1491128320
10944.7,1438588928,1450205184,1491128320
10945.7,1438588928,1450205184,1491128320
10946.7,1438588928,1450205184,1491128320
10947.7,1438588928,1450205184,1491128320
10948.8,1438588928,1450205184,1491128320
10949.8,1438588928,1450205184,1491128320
10950.8,1438588928,1450205184,1491128320
10951.8,1438588928,1450205184,1491128320
10952.9,1438588928,1450205184,1491128320
10953.9,1438588928,1450205184,1491128320
10954.9,1438588928,1450205184,1491128320
10955.9,1438588928,1450205184,1491128320
10956.9,1438588928,1450205184,1491128320
10958.0,1438588928,1450205184,1491128320
10959.0,1438588928,1450205184,1491128320
