
baseline_21345671111111.elf:     file format elf32-littleriscv


Disassembly of section .text:

00000000 <_start>:
       0:	12000117          	auipc	sp,0x12000
       4:	00010113          	mv	sp,sp
       8:	10001197          	auipc	gp,0x10001
       c:	81018193          	addi	gp,gp,-2032 # 10000818 <__global_pointer$>
      10:	0040006f          	j	14 <_cstart>

00000014 <_cstart>:
      14:	7b5002ef          	jal	t0,fc8 <__riscv_save_0>
      18:	100005b7          	lui	a1,0x10000
      1c:	10000537          	lui	a0,0x10000
      20:	01c00613          	li	a2,28
      24:	00058593          	mv	a1,a1
      28:	00050513          	mv	a0,a0
      2c:	0d4010ef          	jal	1100 <memcpy>
      30:	00000593          	li	a1,0
      34:	01400613          	li	a2,20
      38:	80418513          	addi	a0,gp,-2044 # 1000001c <__bss_start>
      3c:	0e8010ef          	jal	1124 <memset>
      40:	80418513          	addi	a0,gp,-2044 # 1000001c <__bss_start>
      44:	444010ef          	jal	1488 <_set_tls>
      48:	364010ef          	jal	13ac <__libc_init_array>
      4c:	00000593          	li	a1,0
      50:	00000513          	li	a0,0
      54:	008000ef          	jal	5c <main>
      58:	0000006f          	j	58 <__data_size+0x3c>

0000005c <main>:
      5c:	000047b7          	lui	a5,0x4
      60:	fe010113          	addi	sp,sp,-32 # 11ffffe0 <__heap_end+0xffe0>
      64:	0e078793          	addi	a5,a5,224 # 40e0 <__init_array_end>
      68:	00f12223          	sw	a5,4(sp)
      6c:	000047b7          	lui	a5,0x4
      70:	18878793          	addi	a5,a5,392 # 4188 <__init_array_end+0xa8>
      74:	00410593          	addi	a1,sp,4
      78:	00200513          	li	a0,2
      7c:	00112e23          	sw	ra,28(sp)
      80:	00f12423          	sw	a5,8(sp)
      84:	00012623          	sw	zero,12(sp)
      88:	0d1000ef          	jal	958 <solver_main>
      8c:	0c1000ef          	jal	94c <_exit>

00000090 <ripes_putc>:
      90:	00050793          	mv	a5,a0
      94:	00b00893          	li	a7,11
      98:	00000073          	ecall
      9c:	00078513          	mv	a0,a5
      a0:	00008067          	ret

000000a4 <quarter_turn>:
      a4:	fd010113          	addi	sp,sp,-48
      a8:	02912223          	sw	s1,36(sp)
      ac:	000044b7          	lui	s1,0x4
      b0:	1cc48493          	addi	s1,s1,460 # 41cc <source>
      b4:	00361793          	slli	a5,a2,0x3
      b8:	40c78633          	sub	a2,a5,a2
      bc:	03212023          	sw	s2,32(sp)
      c0:	01848913          	addi	s2,s1,24
      c4:	02812423          	sw	s0,40(sp)
      c8:	01312e23          	sw	s3,28(sp)
      cc:	01412c23          	sw	s4,24(sp)
      d0:	01512a23          	sw	s5,20(sp)
      d4:	02112623          	sw	ra,44(sp)
      d8:	00050a13          	mv	s4,a0
      dc:	00058993          	mv	s3,a1
      e0:	00c484b3          	add	s1,s1,a2
      e4:	00010413          	mv	s0,sp
      e8:	00c90933          	add	s2,s2,a2
      ec:	00710a93          	addi	s5,sp,7
      f0:	0004c783          	lbu	a5,0(s1)
      f4:	00094703          	lbu	a4,0(s2)
      f8:	00300593          	li	a1,3
      fc:	00f987b3          	add	a5,s3,a5
     100:	0077c503          	lbu	a0,7(a5)
     104:	0007c783          	lbu	a5,0(a5)
     108:	00140413          	addi	s0,s0,1
     10c:	00e50533          	add	a0,a0,a4
     110:	fef40fa3          	sb	a5,-1(s0)
     114:	789000ef          	jal	109c <__umodsi3>
     118:	00a40323          	sb	a0,6(s0)
     11c:	00148493          	addi	s1,s1,1
     120:	00190913          	addi	s2,s2,1
     124:	fd5416e3          	bne	s0,s5,f0 <quarter_turn+0x4c>
     128:	00010593          	mv	a1,sp
     12c:	000a0513          	mv	a0,s4
     130:	00e00613          	li	a2,14
     134:	7cd000ef          	jal	1100 <memcpy>
     138:	02c12083          	lw	ra,44(sp)
     13c:	02812403          	lw	s0,40(sp)
     140:	02412483          	lw	s1,36(sp)
     144:	02012903          	lw	s2,32(sp)
     148:	01c12983          	lw	s3,28(sp)
     14c:	01412a83          	lw	s5,20(sp)
     150:	000a0513          	mv	a0,s4
     154:	01812a03          	lw	s4,24(sp)
     158:	03010113          	addi	sp,sp,48
     15c:	00008067          	ret

00000160 <rank_state>:
     160:	fe010113          	addi	sp,sp,-32
     164:	00912a23          	sw	s1,20(sp)
     168:	01212823          	sw	s2,16(sp)
     16c:	01312623          	sw	s3,12(sp)
     170:	01412423          	sw	s4,8(sp)
     174:	00112e23          	sw	ra,28(sp)
     178:	00812c23          	sw	s0,24(sp)
     17c:	00050493          	mv	s1,a0
     180:	00100993          	li	s3,1
     184:	00000a13          	li	s4,0
     188:	00000593          	li	a1,0
     18c:	00700913          	li	s2,7
     190:	014487b3          	add	a5,s1,s4
     194:	0007c803          	lbu	a6,0(a5)
     198:	000a0513          	mv	a0,s4
     19c:	00098793          	mv	a5,s3
     1a0:	0ff9fa13          	zext.b	s4,s3
     1a4:	00000413          	li	s0,0
     1a8:	00f48733          	add	a4,s1,a5
     1ac:	00074683          	lbu	a3,0(a4)
     1b0:	00178793          	addi	a5,a5,1
     1b4:	0ff7f713          	zext.b	a4,a5
     1b8:	00140613          	addi	a2,s0,1
     1bc:	0106f463          	bgeu	a3,a6,1c4 <rank_state+0x64>
     1c0:	0ff67413          	zext.b	s0,a2
     1c4:	ff2712e3          	bne	a4,s2,1a8 <rank_state+0x48>
     1c8:	40a90533          	sub	a0,s2,a0
     1cc:	65d000ef          	jal	1028 <__mulsi3>
     1d0:	00198993          	addi	s3,s3,1
     1d4:	00a405b3          	add	a1,s0,a0
     1d8:	fb299ce3          	bne	s3,s2,190 <rank_state+0x30>
     1dc:	00748713          	addi	a4,s1,7
     1e0:	00000793          	li	a5,0
     1e4:	00d48493          	addi	s1,s1,13
     1e8:	00074683          	lbu	a3,0(a4)
     1ec:	00179613          	slli	a2,a5,0x1
     1f0:	00f607b3          	add	a5,a2,a5
     1f4:	00170713          	addi	a4,a4,1
     1f8:	00f687b3          	add	a5,a3,a5
     1fc:	fee496e3          	bne	s1,a4,1e8 <rank_state+0x88>
     200:	00259513          	slli	a0,a1,0x2
     204:	00b50533          	add	a0,a0,a1
     208:	00451513          	slli	a0,a0,0x4
     20c:	01c12083          	lw	ra,28(sp)
     210:	01812403          	lw	s0,24(sp)
     214:	00b50533          	add	a0,a0,a1
     218:	00351713          	slli	a4,a0,0x3
     21c:	00e50533          	add	a0,a0,a4
     220:	01412483          	lw	s1,20(sp)
     224:	01012903          	lw	s2,16(sp)
     228:	00c12983          	lw	s3,12(sp)
     22c:	00812a03          	lw	s4,8(sp)
     230:	00f50533          	add	a0,a0,a5
     234:	02010113          	addi	sp,sp,32
     238:	00008067          	ret

0000023c <unrank_state>:
     23c:	030207b7          	lui	a5,0x3020
     240:	fc010113          	addi	sp,sp,-64
     244:	10078793          	addi	a5,a5,256 # 3020100 <__ram_size+0x1020100>
     248:	00f12423          	sw	a5,8(sp)
     24c:	50400793          	li	a5,1284
     250:	03612023          	sw	s6,32(sp)
     254:	00f11623          	sh	a5,12(sp)
     258:	00058b13          	mv	s6,a1
     25c:	00600793          	li	a5,6
     260:	2d900593          	li	a1,729
     264:	02112e23          	sw	ra,60(sp)
     268:	02812c23          	sw	s0,56(sp)
     26c:	02912a23          	sw	s1,52(sp)
     270:	03212823          	sw	s2,48(sp)
     274:	00050493          	mv	s1,a0
     278:	03312623          	sw	s3,44(sp)
     27c:	03412423          	sw	s4,40(sp)
     280:	03512223          	sw	s5,36(sp)
     284:	01812c23          	sw	s8,24(sp)
     288:	00f10723          	sb	a5,14(sp)
     28c:	01712e23          	sw	s7,28(sp)
     290:	5c5000ef          	jal	1054 <__hidden___udivsi3>
     294:	00050413          	mv	s0,a0
     298:	2d900593          	li	a1,729
     29c:	00048513          	mv	a0,s1
     2a0:	5fd000ef          	jal	109c <__umodsi3>
     2a4:	00050913          	mv	s2,a0
     2a8:	000b0993          	mv	s3,s6
     2ac:	00700c13          	li	s8,7
     2b0:	2d000493          	li	s1,720
     2b4:	00700a93          	li	s5,7
     2b8:	00500a13          	li	s4,5
     2bc:	00048593          	mv	a1,s1
     2c0:	00040513          	mv	a0,s0
     2c4:	591000ef          	jal	1054 <__hidden___udivsi3>
     2c8:	00050b93          	mv	s7,a0
     2cc:	00048593          	mv	a1,s1
     2d0:	00040513          	mv	a0,s0
     2d4:	5c9000ef          	jal	109c <__umodsi3>
     2d8:	0ffbf693          	zext.b	a3,s7
     2dc:	01068793          	addi	a5,a3,16
     2e0:	002787b3          	add	a5,a5,sp
     2e4:	ff87c603          	lbu	a2,-8(a5)
     2e8:	0ffbf413          	zext.b	s0,s7
     2ec:	00240713          	addi	a4,s0,2
     2f0:	00168793          	addi	a5,a3,1
     2f4:	00c98023          	sb	a2,0(s3)
     2f8:	00810613          	addi	a2,sp,8
     2fc:	00050413          	mv	s0,a0
     300:	00d606b3          	add	a3,a2,a3
     304:	0ff77713          	zext.b	a4,a4
     308:	0587fe63          	bgeu	a5,s8,364 <unrank_state+0x128>
     30c:	01078793          	addi	a5,a5,16
     310:	002787b3          	add	a5,a5,sp
     314:	ff87c603          	lbu	a2,-8(a5)
     318:	00070793          	mv	a5,a4
     31c:	00170713          	addi	a4,a4,1
     320:	00c68023          	sb	a2,0(a3)
     324:	0ff77713          	zext.b	a4,a4
     328:	00168693          	addi	a3,a3,1
     32c:	ff87e0e3          	bltu	a5,s8,30c <unrank_state+0xd0>
     330:	418a87b3          	sub	a5,s5,s8
     334:	0ff7f793          	zext.b	a5,a5
     338:	03478063          	beq	a5,s4,358 <unrank_state+0x11c>
     33c:	fffc0c13          	addi	s8,s8,-1
     340:	00048513          	mv	a0,s1
     344:	000c0593          	mv	a1,s8
     348:	50d000ef          	jal	1054 <__hidden___udivsi3>
     34c:	00050493          	mv	s1,a0
     350:	00198993          	addi	s3,s3,1
     354:	f69ff06f          	j	2bc <unrank_state+0x80>
     358:	00198993          	addi	s3,s3,1
     35c:	00100c13          	li	s8,1
     360:	f5dff06f          	j	2bc <unrank_state+0x80>
     364:	00700793          	li	a5,7
     368:	418787b3          	sub	a5,a5,s8
     36c:	0ff7f793          	zext.b	a5,a5
     370:	00400713          	li	a4,4
     374:	fcf774e3          	bgeu	a4,a5,33c <unrank_state+0x100>
     378:	00100793          	li	a5,1
     37c:	fcfc1ee3          	bne	s8,a5,358 <unrank_state+0x11c>
     380:	00cb0493          	addi	s1,s6,12
     384:	006b0993          	addi	s3,s6,6
     388:	00000413          	li	s0,0
     38c:	00300593          	li	a1,3
     390:	00090513          	mv	a0,s2
     394:	509000ef          	jal	109c <__umodsi3>
     398:	0ff57513          	zext.b	a0,a0
     39c:	00a48023          	sb	a0,0(s1)
     3a0:	00850433          	add	s0,a0,s0
     3a4:	00300593          	li	a1,3
     3a8:	00090513          	mv	a0,s2
     3ac:	4a9000ef          	jal	1054 <__hidden___udivsi3>
     3b0:	fff48493          	addi	s1,s1,-1
     3b4:	0ff47413          	zext.b	s0,s0
     3b8:	00050913          	mv	s2,a0
     3bc:	fd3498e3          	bne	s1,s3,38c <unrank_state+0x150>
     3c0:	00300593          	li	a1,3
     3c4:	00040513          	mv	a0,s0
     3c8:	4d5000ef          	jal	109c <__umodsi3>
     3cc:	0ff57793          	zext.b	a5,a0
     3d0:	00300513          	li	a0,3
     3d4:	00300593          	li	a1,3
     3d8:	40f50533          	sub	a0,a0,a5
     3dc:	4c1000ef          	jal	109c <__umodsi3>
     3e0:	00ab06a3          	sb	a0,13(s6)
     3e4:	03c12083          	lw	ra,60(sp)
     3e8:	03812403          	lw	s0,56(sp)
     3ec:	03412483          	lw	s1,52(sp)
     3f0:	03012903          	lw	s2,48(sp)
     3f4:	02c12983          	lw	s3,44(sp)
     3f8:	02812a03          	lw	s4,40(sp)
     3fc:	02412a83          	lw	s5,36(sp)
     400:	02012b03          	lw	s6,32(sp)
     404:	01c12b83          	lw	s7,28(sp)
     408:	01812c03          	lw	s8,24(sp)
     40c:	04010113          	addi	sp,sp,64
     410:	00008067          	ret

00000414 <valid>:
     414:	00050693          	mv	a3,a0
     418:	00000593          	li	a1,0
     41c:	00000813          	li	a6,0
     420:	00600313          	li	t1,6
     424:	00200e13          	li	t3,2
     428:	0006c603          	lbu	a2,0(a3)
     42c:	02c36463          	bltu	t1,a2,454 <valid+0x40>
     430:	0076c883          	lbu	a7,7(a3)
     434:	031e6063          	bltu	t3,a7,454 <valid+0x40>
     438:	06058463          	beqz	a1,4a0 <valid+0x8c>
     43c:	00050793          	mv	a5,a0
     440:	0080006f          	j	448 <valid+0x34>
     444:	00d78c63          	beq	a5,a3,45c <valid+0x48>
     448:	0007c703          	lbu	a4,0(a5)
     44c:	00178793          	addi	a5,a5,1
     450:	fec71ae3          	bne	a4,a2,444 <valid+0x30>
     454:	00000513          	li	a0,0
     458:	00008067          	ret
     45c:	00158593          	addi	a1,a1,1 # 10000001 <ripes_stdio+0x1>
     460:	01088833          	add	a6,a7,a6
     464:	0ff5f593          	zext.b	a1,a1
     468:	00700713          	li	a4,7
     46c:	0ff87813          	zext.b	a6,a6
     470:	00178693          	addi	a3,a5,1
     474:	fae59ae3          	bne	a1,a4,428 <valid+0x14>
     478:	ff010113          	addi	sp,sp,-16
     47c:	00300593          	li	a1,3
     480:	00080513          	mv	a0,a6
     484:	00112623          	sw	ra,12(sp)
     488:	415000ef          	jal	109c <__umodsi3>
     48c:	00c12083          	lw	ra,12(sp)
     490:	0ff57513          	zext.b	a0,a0
     494:	00153513          	seqz	a0,a0
     498:	01010113          	addi	sp,sp,16
     49c:	00008067          	ret
     4a0:	01088833          	add	a6,a7,a6
     4a4:	0ff87813          	zext.b	a6,a6
     4a8:	00168693          	addi	a3,a3,1
     4ac:	00100593          	li	a1,1
     4b0:	f79ff06f          	j	428 <valid+0x14>

000004b4 <build_table>:
     4b4:	85010113          	addi	sp,sp,-1968
     4b8:	79412c23          	sw	s4,1944(sp)
     4bc:	ffff82b7          	lui	t0,0xffff8
     4c0:	00050a13          	mv	s4,a0
     4c4:	00381537          	lui	a0,0x381
     4c8:	7a112623          	sw	ra,1964(sp)
     4cc:	7b212023          	sw	s2,1952(sp)
     4d0:	79312e23          	sw	s3,1948(sp)
     4d4:	7a812423          	sw	s0,1960(sp)
     4d8:	7a912223          	sw	s1,1956(sp)
     4dc:	79512a23          	sw	s5,1940(sp)
     4e0:	79612823          	sw	s6,1936(sp)
     4e4:	79712623          	sw	s7,1932(sp)
     4e8:	79812423          	sw	s8,1928(sp)
     4ec:	79912223          	sw	s9,1924(sp)
     4f0:	79a12023          	sw	s10,1920(sp)
     4f4:	03050513          	addi	a0,a0,48 # 381030 <__flash_size+0x281030>
     4f8:	00510133          	add	sp,sp,t0
     4fc:	5cd000ef          	jal	12c8 <__malloc_malloc>
     500:	00050913          	mv	s2,a0
     504:	00e04537          	lui	a0,0xe04
     508:	0c050513          	addi	a0,a0,192 # e040c0 <__flash_size+0xd040c0>
     50c:	5bd000ef          	jal	12c8 <__malloc_malloc>
     510:	00050993          	mv	s3,a0
     514:	42090063          	beqz	s2,934 <build_table+0x480>
     518:	40050e63          	beqz	a0,934 <build_table+0x480>
     51c:	000085b7          	lui	a1,0x8
     520:	ffff8637          	lui	a2,0xffff8
     524:	77058513          	addi	a0,a1,1904 # 8770 <stdin+0x4060>
     528:	00c50533          	add	a0,a0,a2
     52c:	01010613          	addi	a2,sp,16
     530:	00c50633          	add	a2,a0,a2
     534:	ffff9bb7          	lui	s7,0xffff9
     538:	9e0b8b93          	addi	s7,s7,-1568 # ffff89e0 <__stack+0xedff89e0>
     53c:	00c12023          	sw	a2,0(sp)
     540:	00058613          	mv	a2,a1
     544:	77058593          	addi	a1,a1,1904
     548:	01010513          	addi	a0,sp,16
     54c:	017585b3          	add	a1,a1,s7
     550:	ffff86b7          	lui	a3,0xffff8
     554:	8a868693          	addi	a3,a3,-1880 # ffff78a8 <__stack+0xedff78a8>
     558:	00a58bb3          	add	s7,a1,a0
     55c:	77060593          	addi	a1,a2,1904 # ffff8770 <__stack+0xedff8770>
     560:	00d585b3          	add	a1,a1,a3
     564:	00a586b3          	add	a3,a1,a0
     568:	00d12623          	sw	a3,12(sp)
     56c:	00012683          	lw	a3,0(sp)
     570:	ffff8737          	lui	a4,0xffff8
     574:	89070713          	addi	a4,a4,-1904 # ffff7890 <__stack+0xedff7890>
     578:	8c868c93          	addi	s9,a3,-1848
     57c:	77060693          	addi	a3,a2,1904
     580:	00e686b3          	add	a3,a3,a4
     584:	00a68733          	add	a4,a3,a0
     588:	ffff87b7          	lui	a5,0xffff8
     58c:	8c878793          	addi	a5,a5,-1848 # ffff78c8 <__stack+0xedff78c8>
     590:	00e12223          	sw	a4,4(sp)
     594:	77060713          	addi	a4,a2,1904
     598:	00f70733          	add	a4,a4,a5
     59c:	00002c37          	lui	s8,0x2
     5a0:	00381d37          	lui	s10,0x381
     5a4:	00a707b3          	add	a5,a4,a0
     5a8:	00000a93          	li	s5,0
     5ac:	00f12423          	sw	a5,8(sp)
     5b0:	760c0c13          	addi	s8,s8,1888 # 2760 <mulShiftAll64+0x1d8>
     5b4:	030d0d13          	addi	s10,s10,48 # 381030 <__flash_size+0x281030>
     5b8:	00c12583          	lw	a1,12(sp)
     5bc:	000a8513          	mv	a0,s5
     5c0:	000b8493          	mv	s1,s7
     5c4:	c79ff0ef          	jal	23c <unrank_state>
     5c8:	00000413          	li	s0,0
     5cc:	00300b13          	li	s6,3
     5d0:	00012783          	lw	a5,0(sp)
     5d4:	00012883          	lw	a7,0(sp)
     5d8:	00412583          	lw	a1,4(sp)
     5dc:	8a87a803          	lw	a6,-1880(a5)
     5e0:	8ac7a683          	lw	a3,-1876(a5)
     5e4:	8b07a703          	lw	a4,-1872(a5)
     5e8:	8b47d783          	lhu	a5,-1868(a5)
     5ec:	8908a823          	sw	a6,-1904(a7)
     5f0:	00012803          	lw	a6,0(sp)
     5f4:	00040613          	mv	a2,s0
     5f8:	000c8513          	mv	a0,s9
     5fc:	88d82a23          	sw	a3,-1900(a6)
     600:	00012683          	lw	a3,0(sp)
     604:	00140413          	addi	s0,s0,1
     608:	0ff47413          	zext.b	s0,s0
     60c:	88e6ac23          	sw	a4,-1896(a3)
     610:	00012703          	lw	a4,0(sp)
     614:	88f71e23          	sh	a5,-1892(a4)
     618:	a8dff0ef          	jal	a4 <quarter_turn>
     61c:	00812503          	lw	a0,8(sp)
     620:	b41ff0ef          	jal	160 <rank_state>
     624:	2d900593          	li	a1,729
     628:	22d000ef          	jal	1054 <__hidden___udivsi3>
     62c:	00a49023          	sh	a0,0(s1)
     630:	018484b3          	add	s1,s1,s8
     634:	f9641ee3          	bne	s0,s6,5d0 <build_table+0x11c>
     638:	2d9a8a93          	addi	s5,s5,729
     63c:	002b8b93          	addi	s7,s7,2
     640:	f7aa9ce3          	bne	s5,s10,5b8 <build_table+0x104>
     644:	00008637          	lui	a2,0x8
     648:	ffff86b7          	lui	a3,0xffff8
     64c:	77060593          	addi	a1,a2,1904 # 8770 <stdin+0x4060>
     650:	00d585b3          	add	a1,a1,a3
     654:	01010693          	addi	a3,sp,16
     658:	00d586b3          	add	a3,a1,a3
     65c:	ffff8737          	lui	a4,0xffff8
     660:	8a870713          	addi	a4,a4,-1880 # ffff78a8 <__stack+0xedff78a8>
     664:	00d12023          	sw	a3,0(sp)
     668:	00060693          	mv	a3,a2
     66c:	77060613          	addi	a2,a2,1904
     670:	00e60633          	add	a2,a2,a4
     674:	01010713          	addi	a4,sp,16
     678:	00e60733          	add	a4,a2,a4
     67c:	00e12623          	sw	a4,12(sp)
     680:	00012703          	lw	a4,0(sp)
     684:	ffff87b7          	lui	a5,0xffff8
     688:	8b878793          	addi	a5,a5,-1864 # ffff78b8 <__stack+0xedff78b8>
     68c:	8b870c13          	addi	s8,a4,-1864
     690:	77068713          	addi	a4,a3,1904 # ffff8770 <__stack+0xedff8770>
     694:	00f70733          	add	a4,a4,a5
     698:	01010793          	addi	a5,sp,16
     69c:	00f707b3          	add	a5,a4,a5
     6a0:	00812a83          	lw	s5,8(sp)
     6a4:	00000b13          	li	s6,0
     6a8:	00f12423          	sw	a5,8(sp)
     6ac:	00300b93          	li	s7,3
     6b0:	00c12583          	lw	a1,12(sp)
     6b4:	000b0513          	mv	a0,s6
     6b8:	000a8493          	mv	s1,s5
     6bc:	b81ff0ef          	jal	23c <unrank_state>
     6c0:	00000413          	li	s0,0
     6c4:	00012783          	lw	a5,0(sp)
     6c8:	00012883          	lw	a7,0(sp)
     6cc:	00412583          	lw	a1,4(sp)
     6d0:	8a87a803          	lw	a6,-1880(a5)
     6d4:	8ac7a683          	lw	a3,-1876(a5)
     6d8:	8b07a703          	lw	a4,-1872(a5)
     6dc:	8b47d783          	lhu	a5,-1868(a5)
     6e0:	8908a823          	sw	a6,-1904(a7)
     6e4:	00012803          	lw	a6,0(sp)
     6e8:	00040613          	mv	a2,s0
     6ec:	000c0513          	mv	a0,s8
     6f0:	88d82a23          	sw	a3,-1900(a6)
     6f4:	00012683          	lw	a3,0(sp)
     6f8:	00140413          	addi	s0,s0,1
     6fc:	0ff47413          	zext.b	s0,s0
     700:	88e6ac23          	sw	a4,-1896(a3)
     704:	00012703          	lw	a4,0(sp)
     708:	5b248493          	addi	s1,s1,1458
     70c:	88f71e23          	sh	a5,-1892(a4)
     710:	995ff0ef          	jal	a4 <quarter_turn>
     714:	00812503          	lw	a0,8(sp)
     718:	a49ff0ef          	jal	160 <rank_state>
     71c:	2d900593          	li	a1,729
     720:	17d000ef          	jal	109c <__umodsi3>
     724:	a4a49723          	sh	a0,-1458(s1)
     728:	f9741ee3          	bne	s0,s7,6c4 <build_table+0x210>
     72c:	001b0b13          	addi	s6,s6,1
     730:	2d900793          	li	a5,729
     734:	002a8a93          	addi	s5,s5,2
     738:	f6fb1ce3          	bne	s6,a5,6b0 <build_table+0x1fc>
     73c:	00381637          	lui	a2,0x381
     740:	03060613          	addi	a2,a2,48 # 381030 <__flash_size+0x281030>
     744:	0ff00593          	li	a1,255
     748:	00090513          	mv	a0,s2
     74c:	1d9000ef          	jal	1124 <memset>
     750:	000086b7          	lui	a3,0x8
     754:	ffff97b7          	lui	a5,0xffff9
     758:	77068713          	addi	a4,a3,1904 # 8770 <stdin+0x4060>
     75c:	00f70733          	add	a4,a4,a5
     760:	01010793          	addi	a5,sp,16
     764:	00f707b3          	add	a5,a4,a5
     768:	00f12023          	sw	a5,0(sp)
     76c:	77068713          	addi	a4,a3,1904
     770:	ffff87b7          	lui	a5,0xffff8
     774:	00f70733          	add	a4,a4,a5
     778:	01010793          	addi	a5,sp,16
     77c:	00f707b3          	add	a5,a4,a5
     780:	00004cb7          	lui	s9,0x4
     784:	0009a023          	sw	zero,0(s3)
     788:	00090023          	sb	zero,0(s2)
     78c:	000a0023          	sb	zero,0(s4)
     790:	00098d13          	mv	s10,s3
     794:	00100493          	li	s1,1
     798:	00000c13          	li	s8,0
     79c:	00100413          	li	s0,1
     7a0:	00f12223          	sw	a5,4(sp)
     7a4:	0ff00b13          	li	s6,255
     7a8:	1ccc8c93          	addi	s9,s9,460 # 41cc <source>
     7ac:	00300a93          	li	s5,3
     7b0:	000d2b83          	lw	s7,0(s10)
     7b4:	2d900593          	li	a1,729
     7b8:	001c0c13          	addi	s8,s8,1
     7bc:	000b8513          	mv	a0,s7
     7c0:	095000ef          	jal	1054 <__hidden___udivsi3>
     7c4:	00050793          	mv	a5,a0
     7c8:	2d900593          	li	a1,729
     7cc:	000b8513          	mv	a0,s7
     7d0:	01079b93          	slli	s7,a5,0x10
     7d4:	0c9000ef          	jal	109c <__umodsi3>
     7d8:	01051513          	slli	a0,a0,0x10
     7dc:	010bdb93          	srli	s7,s7,0x10
     7e0:	01055513          	srli	a0,a0,0x10
     7e4:	00000313          	li	t1,0
     7e8:	00000893          	li	a7,0
     7ec:	00289793          	slli	a5,a7,0x2
     7f0:	011787b3          	add	a5,a5,a7
     7f4:	00479593          	slli	a1,a5,0x4
     7f8:	011585b3          	add	a1,a1,a7
     7fc:	00679813          	slli	a6,a5,0x6
     800:	40f80833          	sub	a6,a6,a5
     804:	00359793          	slli	a5,a1,0x3
     808:	00050693          	mv	a3,a0
     80c:	000b8713          	mv	a4,s7
     810:	00000613          	li	a2,0
     814:	00481813          	slli	a6,a6,0x4
     818:	00f585b3          	add	a1,a1,a5
     81c:	00012783          	lw	a5,0(sp)
     820:	00e80733          	add	a4,a6,a4
     824:	00171713          	slli	a4,a4,0x1
     828:	00e78733          	add	a4,a5,a4
     82c:	9e075703          	lhu	a4,-1568(a4)
     830:	00412e03          	lw	t3,4(sp)
     834:	00d586b3          	add	a3,a1,a3
     838:	00271793          	slli	a5,a4,0x2
     83c:	00169693          	slli	a3,a3,0x1
     840:	00e787b3          	add	a5,a5,a4
     844:	00de06b3          	add	a3,t3,a3
     848:	00479793          	slli	a5,a5,0x4
     84c:	00e787b3          	add	a5,a5,a4
     850:	8c86d683          	lhu	a3,-1848(a3)
     854:	00379e13          	slli	t3,a5,0x3
     858:	01c787b3          	add	a5,a5,t3
     85c:	00d787b3          	add	a5,a5,a3
     860:	00f90e33          	add	t3,s2,a5
     864:	000e4f03          	lbu	t5,0(t3)
     868:	00160e93          	addi	t4,a2,1
     86c:	036f1463          	bne	t5,s6,894 <build_table+0x3e0>
     870:	00c30633          	add	a2,t1,a2
     874:	0ff67613          	zext.b	a2,a2
     878:	00cc8633          	add	a2,s9,a2
     87c:	03064f03          	lbu	t5,48(a2)
     880:	00249613          	slli	a2,s1,0x2
     884:	00c98633          	add	a2,s3,a2
     888:	01ee0023          	sb	t5,0(t3)
     88c:	00f62023          	sw	a5,0(a2)
     890:	00148493          	addi	s1,s1,1
     894:	0ffef613          	zext.b	a2,t4
     898:	f95612e3          	bne	a2,s5,81c <build_table+0x368>
     89c:	00330313          	addi	t1,t1,3
     8a0:	00188893          	addi	a7,a7,1
     8a4:	0ff37313          	zext.b	t1,t1
     8a8:	f4c892e3          	bne	a7,a2,7ec <build_table+0x338>
     8ac:	004d0d13          	addi	s10,s10,4
     8b0:	009c7e63          	bgeu	s8,s1,8cc <build_table+0x418>
     8b4:	ef841ee3          	bne	s0,s8,7b0 <build_table+0x2fc>
     8b8:	000a4783          	lbu	a5,0(s4)
     8bc:	00048413          	mv	s0,s1
     8c0:	00178793          	addi	a5,a5,1 # ffff8001 <__stack+0xedff8001>
     8c4:	00fa0023          	sb	a5,0(s4)
     8c8:	ee9ff06f          	j	7b0 <build_table+0x2fc>
     8cc:	00098513          	mv	a0,s3
     8d0:	091000ef          	jal	1160 <__malloc_free>
     8d4:	003817b7          	lui	a5,0x381
     8d8:	03078793          	addi	a5,a5,48 # 381030 <__flash_size+0x281030>
     8dc:	04f49463          	bne	s1,a5,924 <build_table+0x470>
     8e0:	000082b7          	lui	t0,0x8
     8e4:	00510133          	add	sp,sp,t0
     8e8:	7ac12083          	lw	ra,1964(sp)
     8ec:	00090513          	mv	a0,s2
     8f0:	7a812403          	lw	s0,1960(sp)
     8f4:	7a412483          	lw	s1,1956(sp)
     8f8:	7a012903          	lw	s2,1952(sp)
     8fc:	79c12983          	lw	s3,1948(sp)
     900:	79812a03          	lw	s4,1944(sp)
     904:	79412a83          	lw	s5,1940(sp)
     908:	79012b03          	lw	s6,1936(sp)
     90c:	78c12b83          	lw	s7,1932(sp)
     910:	78812c03          	lw	s8,1928(sp)
     914:	78412c83          	lw	s9,1924(sp)
     918:	78012d03          	lw	s10,1920(sp)
     91c:	7b010113          	addi	sp,sp,1968
     920:	00008067          	ret
     924:	00090513          	mv	a0,s2
     928:	039000ef          	jal	1160 <__malloc_free>
     92c:	00000913          	li	s2,0
     930:	fb1ff06f          	j	8e0 <build_table+0x42c>
     934:	00090513          	mv	a0,s2
     938:	029000ef          	jal	1160 <__malloc_free>
     93c:	00098513          	mv	a0,s3
     940:	021000ef          	jal	1160 <__malloc_free>
     944:	00000913          	li	s2,0
     948:	f99ff06f          	j	8e0 <build_table+0x42c>

0000094c <_exit>:
     94c:	05d00893          	li	a7,93
     950:	00000073          	ecall
     954:	0000006f          	j	954 <_exit+0x8>

00000958 <solver_main>:
     958:	f7010113          	addi	sp,sp,-144
     95c:	07312e23          	sw	s3,124(sp)
     960:	08112623          	sw	ra,140(sp)
     964:	00200793          	li	a5,2
     968:	00058993          	mv	s3,a1
     96c:	30f51863          	bne	a0,a5,c7c <solver_main+0x324>
     970:	07512a23          	sw	s5,116(sp)
     974:	0045aa83          	lw	s5,4(a1)
     978:	000045b7          	lui	a1,0x4
     97c:	0e858593          	addi	a1,a1,232 # 40e8 <__init_array_end+0x8>
     980:	000a8513          	mv	a0,s5
     984:	08812423          	sw	s0,136(sp)
     988:	08912223          	sw	s1,132(sp)
     98c:	09212023          	sw	s2,128(sp)
     990:	07412c23          	sw	s4,120(sp)
     994:	07612823          	sw	s6,112(sp)
     998:	7a8000ef          	jal	1140 <strcmp>
     99c:	04050c63          	beqz	a0,9f4 <solver_main+0x9c>
     9a0:	00000413          	li	s0,0
     9a4:	00600913          	li	s2,6
     9a8:	03000b13          	li	s6,48
     9ac:	00e00a13          	li	s4,14
     9b0:	008a87b3          	add	a5,s5,s0
     9b4:	0007c483          	lbu	s1,0(a5)
     9b8:	008927b3          	slt	a5,s2,s0
     9bc:	40f007b3          	neg	a5,a5
     9c0:	ffc7f793          	andi	a5,a5,-4
     9c4:	05040713          	addi	a4,s0,80
     9c8:	00700593          	li	a1,7
     9cc:	00040513          	mv	a0,s0
     9d0:	00270733          	add	a4,a4,sp
     9d4:	fcf48693          	addi	a3,s1,-49
     9d8:	03778793          	addi	a5,a5,55
     9dc:	249b7c63          	bgeu	s6,s1,c34 <solver_main+0x2dc>
     9e0:	2497ca63          	blt	a5,s1,c34 <solver_main+0x2dc>
     9e4:	22894663          	blt	s2,s0,c10 <solver_main+0x2b8>
     9e8:	fcd70823          	sb	a3,-48(a4)
     9ec:	00140413          	addi	s0,s0,1
     9f0:	fc1ff06f          	j	9b0 <solver_main+0x58>
     9f4:	03020737          	lui	a4,0x3020
     9f8:	000607b7          	lui	a5,0x60
     9fc:	07712623          	sw	s7,108(sp)
     a00:	10070713          	addi	a4,a4,256 # 3020100 <__ram_size+0x1020100>
     a04:	50478793          	addi	a5,a5,1284 # 60504 <__stack_size+0x50504>
     a08:	00004bb7          	lui	s7,0x4
     a0c:	07812423          	sw	s8,104(sp)
     a10:	07912223          	sw	s9,100(sp)
     a14:	07a12023          	sw	s10,96(sp)
     a18:	05b12e23          	sw	s11,92(sp)
     a1c:	00e12823          	sw	a4,16(sp)
     a20:	00f12a23          	sw	a5,20(sp)
     a24:	00012c23          	sw	zero,24(sp)
     a28:	00011e23          	sh	zero,28(sp)
     a2c:	1fcb8b93          	addi	s7,s7,508 # 41fc <inverse_move>
     a30:	00000a93          	li	s5,0
     a34:	03010913          	addi	s2,sp,48
     a38:	00010493          	mv	s1,sp
     a3c:	02010b13          	addi	s6,sp,32
     a40:	00900c13          	li	s8,9
     a44:	01012603          	lw	a2,16(sp)
     a48:	01412683          	lw	a3,20(sp)
     a4c:	01812703          	lw	a4,24(sp)
     a50:	01c15783          	lhu	a5,28(sp)
     a54:	00300593          	li	a1,3
     a58:	000a8513          	mv	a0,s5
     a5c:	02c12023          	sw	a2,32(sp)
     a60:	02d12223          	sw	a3,36(sp)
     a64:	02e12423          	sw	a4,40(sp)
     a68:	02f11623          	sh	a5,44(sp)
     a6c:	02c12823          	sw	a2,48(sp)
     a70:	02d12a23          	sw	a3,52(sp)
     a74:	02e12c23          	sw	a4,56(sp)
     a78:	02f11e23          	sh	a5,60(sp)
     a7c:	620000ef          	jal	109c <__umodsi3>
     a80:	00150993          	addi	s3,a0,1
     a84:	00300593          	li	a1,3
     a88:	000a8513          	mv	a0,s5
     a8c:	5c8000ef          	jal	1054 <__hidden___udivsi3>
     a90:	0ff9f993          	zext.b	s3,s3
     a94:	0ff57a13          	zext.b	s4,a0
     a98:	00000413          	li	s0,0
     a9c:	03012703          	lw	a4,48(sp)
     aa0:	03c15783          	lhu	a5,60(sp)
     aa4:	00140413          	addi	s0,s0,1
     aa8:	00e12023          	sw	a4,0(sp)
     aac:	03412703          	lw	a4,52(sp)
     ab0:	000a0613          	mv	a2,s4
     ab4:	00048593          	mv	a1,s1
     ab8:	00e12223          	sw	a4,4(sp)
     abc:	03812703          	lw	a4,56(sp)
     ac0:	00090513          	mv	a0,s2
     ac4:	0ff47413          	zext.b	s0,s0
     ac8:	00e12423          	sw	a4,8(sp)
     acc:	00f11623          	sh	a5,12(sp)
     ad0:	dd4ff0ef          	jal	a4 <quarter_turn>
     ad4:	fd3464e3          	bltu	s0,s3,a9c <solver_main+0x144>
     ad8:	000bc403          	lbu	s0,0(s7)
     adc:	03c15703          	lhu	a4,60(sp)
     ae0:	03012d83          	lw	s11,48(sp)
     ae4:	03412a03          	lw	s4,52(sp)
     ae8:	03812983          	lw	s3,56(sp)
     aec:	00300593          	li	a1,3
     af0:	00040513          	mv	a0,s0
     af4:	04e11623          	sh	a4,76(sp)
     af8:	02e11623          	sh	a4,44(sp)
     afc:	02e11e23          	sh	a4,60(sp)
     b00:	05b12023          	sw	s11,64(sp)
     b04:	05412223          	sw	s4,68(sp)
     b08:	05312423          	sw	s3,72(sp)
     b0c:	03b12023          	sw	s11,32(sp)
     b10:	03412223          	sw	s4,36(sp)
     b14:	03312423          	sw	s3,40(sp)
     b18:	584000ef          	jal	109c <__umodsi3>
     b1c:	00150c93          	addi	s9,a0,1
     b20:	00300593          	li	a1,3
     b24:	00040513          	mv	a0,s0
     b28:	52c000ef          	jal	1054 <__hidden___udivsi3>
     b2c:	0ffcfc93          	zext.b	s9,s9
     b30:	0ff57d13          	zext.b	s10,a0
     b34:	00000413          	li	s0,0
     b38:	03c15783          	lhu	a5,60(sp)
     b3c:	00140413          	addi	s0,s0,1
     b40:	000d0613          	mv	a2,s10
     b44:	00048593          	mv	a1,s1
     b48:	00090513          	mv	a0,s2
     b4c:	0ff47413          	zext.b	s0,s0
     b50:	01b12023          	sw	s11,0(sp)
     b54:	01412223          	sw	s4,4(sp)
     b58:	01312423          	sw	s3,8(sp)
     b5c:	00f11623          	sh	a5,12(sp)
     b60:	d44ff0ef          	jal	a4 <quarter_turn>
     b64:	01947a63          	bgeu	s0,s9,b78 <solver_main+0x220>
     b68:	03012d83          	lw	s11,48(sp)
     b6c:	03412a03          	lw	s4,52(sp)
     b70:	03812983          	lw	s3,56(sp)
     b74:	fc5ff06f          	j	b38 <solver_main+0x1e0>
     b78:	03012603          	lw	a2,48(sp)
     b7c:	03412683          	lw	a3,52(sp)
     b80:	03812703          	lw	a4,56(sp)
     b84:	03c15783          	lhu	a5,60(sp)
     b88:	02c12023          	sw	a2,32(sp)
     b8c:	02d12223          	sw	a3,36(sp)
     b90:	02e12423          	sw	a4,40(sp)
     b94:	02f11623          	sh	a5,44(sp)
     b98:	01012503          	lw	a0,16(sp)
     b9c:	000b2583          	lw	a1,0(s6)
     ba0:	04c12023          	sw	a2,64(sp)
     ba4:	04d12223          	sw	a3,68(sp)
     ba8:	04e12423          	sw	a4,72(sp)
     bac:	04f11623          	sh	a5,76(sp)
     bb0:	0cb50e63          	beq	a0,a1,c8c <solver_main+0x334>
     bb4:	100006b7          	lui	a3,0x10000
     bb8:	00004537          	lui	a0,0x4
     bbc:	00068693          	mv	a3,a3
     bc0:	01100613          	li	a2,17
     bc4:	00100593          	li	a1,1
     bc8:	0f450513          	addi	a0,a0,244 # 40f4 <__init_array_end+0x14>
     bcc:	155000ef          	jal	1520 <fwrite>
     bd0:	06012d03          	lw	s10,96(sp)
     bd4:	05c12d83          	lw	s11,92(sp)
     bd8:	00100513          	li	a0,1
     bdc:	08812403          	lw	s0,136(sp)
     be0:	08c12083          	lw	ra,140(sp)
     be4:	08412483          	lw	s1,132(sp)
     be8:	08012903          	lw	s2,128(sp)
     bec:	07812a03          	lw	s4,120(sp)
     bf0:	07412a83          	lw	s5,116(sp)
     bf4:	07012b03          	lw	s6,112(sp)
     bf8:	06c12b83          	lw	s7,108(sp)
     bfc:	06812c03          	lw	s8,104(sp)
     c00:	06412c83          	lw	s9,100(sp)
     c04:	07c12983          	lw	s3,124(sp)
     c08:	09010113          	addi	sp,sp,144
     c0c:	00008067          	ret
     c10:	4c0000ef          	jal	10d0 <__modsi3>
     c14:	05050793          	addi	a5,a0,80
     c18:	00278533          	add	a0,a5,sp
     c1c:	fcf48493          	addi	s1,s1,-49
     c20:	fc950ba3          	sb	s1,-41(a0)
     c24:	00140413          	addi	s0,s0,1
     c28:	d94414e3          	bne	s0,s4,9b0 <solver_main+0x58>
     c2c:	00eac783          	lbu	a5,14(s5)
     c30:	10078863          	beqz	a5,d40 <solver_main+0x3e8>
     c34:	08812403          	lw	s0,136(sp)
     c38:	08412483          	lw	s1,132(sp)
     c3c:	08012903          	lw	s2,128(sp)
     c40:	07812a03          	lw	s4,120(sp)
     c44:	07412a83          	lw	s5,116(sp)
     c48:	07012b03          	lw	s6,112(sp)
     c4c:	0009a603          	lw	a2,0(s3)
     c50:	02060863          	beqz	a2,c80 <solver_main+0x328>
     c54:	000045b7          	lui	a1,0x4
     c58:	10000537          	lui	a0,0x10000
     c5c:	16058593          	addi	a1,a1,352 # 4160 <__init_array_end+0x80>
     c60:	00050513          	mv	a0,a0
     c64:	041000ef          	jal	14a4 <fprintf>
     c68:	00200513          	li	a0,2
     c6c:	08c12083          	lw	ra,140(sp)
     c70:	07c12983          	lw	s3,124(sp)
     c74:	09010113          	addi	sp,sp,144
     c78:	00008067          	ret
     c7c:	fca048e3          	bgtz	a0,c4c <solver_main+0x2f4>
     c80:	00004637          	lui	a2,0x4
     c84:	0e060613          	addi	a2,a2,224 # 40e0 <__init_array_end>
     c88:	fcdff06f          	j	c54 <solver_main+0x2fc>
     c8c:	01412703          	lw	a4,20(sp)
     c90:	004b2783          	lw	a5,4(s6)
     c94:	f2f710e3          	bne	a4,a5,bb4 <solver_main+0x25c>
     c98:	01812703          	lw	a4,24(sp)
     c9c:	008b2783          	lw	a5,8(s6)
     ca0:	f0f71ae3          	bne	a4,a5,bb4 <solver_main+0x25c>
     ca4:	01c15703          	lhu	a4,28(sp)
     ca8:	00cb5783          	lhu	a5,12(s6)
     cac:	f0f714e3          	bne	a4,a5,bb4 <solver_main+0x25c>
     cb0:	001a8a93          	addi	s5,s5,1
     cb4:	0ffafa93          	zext.b	s5,s5
     cb8:	001b8b93          	addi	s7,s7,1
     cbc:	d98a94e3          	bne	s5,s8,a44 <solver_main+0xec>
     cc0:	003814b7          	lui	s1,0x381
     cc4:	00000413          	li	s0,0
     cc8:	03048493          	addi	s1,s1,48 # 381030 <__flash_size+0x281030>
     ccc:	000b0593          	mv	a1,s6
     cd0:	00040513          	mv	a0,s0
     cd4:	d68ff0ef          	jal	23c <unrank_state>
     cd8:	000b0513          	mv	a0,s6
     cdc:	f38ff0ef          	jal	414 <valid>
     ce0:	00050793          	mv	a5,a0
     ce4:	000b0513          	mv	a0,s6
     ce8:	ec0786e3          	beqz	a5,bb4 <solver_main+0x25c>
     cec:	c74ff0ef          	jal	160 <rank_state>
     cf0:	ec8512e3          	bne	a0,s0,bb4 <solver_main+0x25c>
     cf4:	00140413          	addi	s0,s0,1
     cf8:	fc941ae3          	bne	s0,s1,ccc <solver_main+0x374>
     cfc:	01010513          	addi	a0,sp,16
     d00:	fb4ff0ef          	jal	4b4 <build_table>
     d04:	1a050863          	beqz	a0,eb4 <solver_main+0x55c>
     d08:	458000ef          	jal	1160 <__malloc_free>
     d0c:	01014703          	lbu	a4,16(sp)
     d10:	00b00793          	li	a5,11
     d14:	1cf70463          	beq	a4,a5,edc <solver_main+0x584>
     d18:	100006b7          	lui	a3,0x10000
     d1c:	00004537          	lui	a0,0x4
     d20:	00068693          	mv	a3,a3
     d24:	01100613          	li	a2,17
     d28:	00100593          	li	a1,1
     d2c:	13050513          	addi	a0,a0,304 # 4130 <__init_array_end+0x50>
     d30:	7f0000ef          	jal	1520 <fwrite>
     d34:	06012d03          	lw	s10,96(sp)
     d38:	05c12d83          	lw	s11,92(sp)
     d3c:	e9dff06f          	j	bd8 <solver_main+0x280>
     d40:	02010b13          	addi	s6,sp,32
     d44:	000b0513          	mv	a0,s6
     d48:	07712623          	sw	s7,108(sp)
     d4c:	07812423          	sw	s8,104(sp)
     d50:	07912223          	sw	s9,100(sp)
     d54:	ec0ff0ef          	jal	414 <valid>
     d58:	1a050863          	beqz	a0,f08 <solver_main+0x5b0>
     d5c:	01010513          	addi	a0,sp,16
     d60:	f54ff0ef          	jal	4b4 <build_table>
     d64:	00050a13          	mv	s4,a0
     d68:	14050a63          	beqz	a0,ebc <solver_main+0x564>
     d6c:	000b0513          	mv	a0,s6
     d70:	bf0ff0ef          	jal	160 <rank_state>
     d74:	10050463          	beqz	a0,e7c <solver_main+0x524>
     d78:	000045b7          	lui	a1,0x4
     d7c:	00004bb7          	lui	s7,0x4
     d80:	00004ab7          	lui	s5,0x4
     d84:	18058593          	addi	a1,a1,384 # 4180 <__init_array_end+0xa0>
     d88:	1ccb8b93          	addi	s7,s7,460 # 41cc <source>
     d8c:	03010913          	addi	s2,sp,48
     d90:	00010493          	mv	s1,sp
     d94:	00004c37          	lui	s8,0x4
     d98:	184a8a93          	addi	s5,s5,388 # 4184 <__init_array_end+0xa4>
     d9c:	00aa0533          	add	a0,s4,a0
     da0:	00054403          	lbu	s0,0(a0)
     da4:	17cc0513          	addi	a0,s8,380 # 417c <__init_array_end+0x9c>
     da8:	00241793          	slli	a5,s0,0x2
     dac:	00fb87b3          	add	a5,s7,a5
     db0:	03c7a603          	lw	a2,60(a5)
     db4:	7cc000ef          	jal	1580 <printf>
     db8:	02012703          	lw	a4,32(sp)
     dbc:	02c15783          	lhu	a5,44(sp)
     dc0:	00300593          	li	a1,3
     dc4:	02e12823          	sw	a4,48(sp)
     dc8:	02412703          	lw	a4,36(sp)
     dcc:	00040513          	mv	a0,s0
     dd0:	02f11e23          	sh	a5,60(sp)
     dd4:	02e12a23          	sw	a4,52(sp)
     dd8:	02812703          	lw	a4,40(sp)
     ddc:	02e12c23          	sw	a4,56(sp)
     de0:	2bc000ef          	jal	109c <__umodsi3>
     de4:	00150993          	addi	s3,a0,1
     de8:	00300593          	li	a1,3
     dec:	00040513          	mv	a0,s0
     df0:	264000ef          	jal	1054 <__hidden___udivsi3>
     df4:	0ff9f993          	zext.b	s3,s3
     df8:	0ff57c93          	zext.b	s9,a0
     dfc:	00000413          	li	s0,0
     e00:	03012703          	lw	a4,48(sp)
     e04:	03c15783          	lhu	a5,60(sp)
     e08:	00140413          	addi	s0,s0,1
     e0c:	00e12023          	sw	a4,0(sp)
     e10:	03412703          	lw	a4,52(sp)
     e14:	000c8613          	mv	a2,s9
     e18:	00048593          	mv	a1,s1
     e1c:	00e12223          	sw	a4,4(sp)
     e20:	03812703          	lw	a4,56(sp)
     e24:	00090513          	mv	a0,s2
     e28:	0ff47413          	zext.b	s0,s0
     e2c:	00e12423          	sw	a4,8(sp)
     e30:	00f11623          	sh	a5,12(sp)
     e34:	a70ff0ef          	jal	a4 <quarter_turn>
     e38:	fd3464e3          	bltu	s0,s3,e00 <solver_main+0x4a8>
     e3c:	03012603          	lw	a2,48(sp)
     e40:	03412683          	lw	a3,52(sp)
     e44:	03812703          	lw	a4,56(sp)
     e48:	03c15783          	lhu	a5,60(sp)
     e4c:	000b0513          	mv	a0,s6
     e50:	04c12023          	sw	a2,64(sp)
     e54:	04d12223          	sw	a3,68(sp)
     e58:	04e12423          	sw	a4,72(sp)
     e5c:	04f11623          	sh	a5,76(sp)
     e60:	02c12023          	sw	a2,32(sp)
     e64:	02d12223          	sw	a3,36(sp)
     e68:	02e12423          	sw	a4,40(sp)
     e6c:	02f11623          	sh	a5,44(sp)
     e70:	af0ff0ef          	jal	160 <rank_state>
     e74:	000a8593          	mv	a1,s5
     e78:	f20512e3          	bnez	a0,d9c <solver_main+0x444>
     e7c:	10000437          	lui	s0,0x10000
     e80:	00040593          	mv	a1,s0
     e84:	00a00513          	li	a0,10
     e88:	654000ef          	jal	14dc <fputc>
     e8c:	000a0513          	mv	a0,s4
     e90:	2d0000ef          	jal	1160 <__malloc_free>
     e94:	00040513          	mv	a0,s0
     e98:	00040493          	mv	s1,s0
     e9c:	5f4000ef          	jal	1490 <fflush>
     ea0:	d2051ce3          	bnez	a0,bd8 <solver_main+0x280>
     ea4:	0044c503          	lbu	a0,4(s1)
     ea8:	00255513          	srli	a0,a0,0x2
     eac:	00157513          	andi	a0,a0,1
     eb0:	d2dff06f          	j	bdc <solver_main+0x284>
     eb4:	06012d03          	lw	s10,96(sp)
     eb8:	05c12d83          	lw	s11,92(sp)
     ebc:	100006b7          	lui	a3,0x10000
     ec0:	00004537          	lui	a0,0x4
     ec4:	00068693          	mv	a3,a3
     ec8:	02500613          	li	a2,37
     ecc:	00100593          	li	a1,1
     ed0:	10850513          	addi	a0,a0,264 # 4108 <__init_array_end+0x28>
     ed4:	64c000ef          	jal	1520 <fwrite>
     ed8:	d01ff06f          	j	bd8 <solver_main+0x280>
     edc:	00004537          	lui	a0,0x4
     ee0:	14450513          	addi	a0,a0,324 # 4144 <__init_array_end+0x64>
     ee4:	6e4000ef          	jal	15c8 <puts>
     ee8:	100007b7          	lui	a5,0x10000
     eec:	00078513          	mv	a0,a5
     ef0:	00078413          	mv	s0,a5
     ef4:	59c000ef          	jal	1490 <fflush>
     ef8:	02050c63          	beqz	a0,f30 <solver_main+0x5d8>
     efc:	06012d03          	lw	s10,96(sp)
     f00:	05c12d83          	lw	s11,92(sp)
     f04:	cd5ff06f          	j	bd8 <solver_main+0x280>
     f08:	08812403          	lw	s0,136(sp)
     f0c:	08412483          	lw	s1,132(sp)
     f10:	08012903          	lw	s2,128(sp)
     f14:	07812a03          	lw	s4,120(sp)
     f18:	07412a83          	lw	s5,116(sp)
     f1c:	07012b03          	lw	s6,112(sp)
     f20:	06c12b83          	lw	s7,108(sp)
     f24:	06812c03          	lw	s8,104(sp)
     f28:	06412c83          	lw	s9,100(sp)
     f2c:	d21ff06f          	j	c4c <solver_main+0x2f4>
     f30:	00444503          	lbu	a0,4(s0) # 10000004 <ripes_stdio+0x4>
     f34:	08412483          	lw	s1,132(sp)
     f38:	08812403          	lw	s0,136(sp)
     f3c:	00255513          	srli	a0,a0,0x2
     f40:	08012903          	lw	s2,128(sp)
     f44:	07812a03          	lw	s4,120(sp)
     f48:	07412a83          	lw	s5,116(sp)
     f4c:	07012b03          	lw	s6,112(sp)
     f50:	06c12b83          	lw	s7,108(sp)
     f54:	06812c03          	lw	s8,104(sp)
     f58:	06412c83          	lw	s9,100(sp)
     f5c:	06012d03          	lw	s10,96(sp)
     f60:	05c12d83          	lw	s11,92(sp)
     f64:	00157513          	andi	a0,a0,1
     f68:	d05ff06f          	j	c6c <solver_main+0x314>

00000f6c <__riscv_save_12>:
     f6c:	fc010113          	addi	sp,sp,-64
     f70:	00000313          	li	t1,0
     f74:	01b12623          	sw	s11,12(sp)
     f78:	00c0006f          	j	f84 <__riscv_save_10+0x8>

00000f7c <__riscv_save_10>:
     f7c:	fc010113          	addi	sp,sp,-64
     f80:	ff000313          	li	t1,-16
     f84:	01a12823          	sw	s10,16(sp)
     f88:	01912a23          	sw	s9,20(sp)
     f8c:	01812c23          	sw	s8,24(sp)
     f90:	01712e23          	sw	s7,28(sp)
     f94:	00c0006f          	j	fa0 <__riscv_save_4+0x8>

00000f98 <__riscv_save_4>:
     f98:	fc010113          	addi	sp,sp,-64
     f9c:	fe000313          	li	t1,-32
     fa0:	03612023          	sw	s6,32(sp)
     fa4:	03512223          	sw	s5,36(sp)
     fa8:	03412423          	sw	s4,40(sp)
     fac:	03312623          	sw	s3,44(sp)
     fb0:	03212823          	sw	s2,48(sp)
     fb4:	02912a23          	sw	s1,52(sp)
     fb8:	02812c23          	sw	s0,56(sp)
     fbc:	02112e23          	sw	ra,60(sp)
     fc0:	40610133          	sub	sp,sp,t1
     fc4:	00028067          	jr	t0 # 8000 <stdin+0x38f0>

00000fc8 <__riscv_save_0>:
     fc8:	ff010113          	addi	sp,sp,-16
     fcc:	01212023          	sw	s2,0(sp)
     fd0:	00912223          	sw	s1,4(sp)
     fd4:	00812423          	sw	s0,8(sp)
     fd8:	00112623          	sw	ra,12(sp)
     fdc:	00028067          	jr	t0

00000fe0 <__riscv_restore_12>:
     fe0:	00c12d83          	lw	s11,12(sp)
     fe4:	01010113          	addi	sp,sp,16

00000fe8 <__riscv_restore_10>:
     fe8:	00012d03          	lw	s10,0(sp)
     fec:	00412c83          	lw	s9,4(sp)
     ff0:	00812c03          	lw	s8,8(sp)
     ff4:	00c12b83          	lw	s7,12(sp)
     ff8:	01010113          	addi	sp,sp,16

00000ffc <__riscv_restore_4>:
     ffc:	00012b03          	lw	s6,0(sp)
    1000:	00412a83          	lw	s5,4(sp)
    1004:	00812a03          	lw	s4,8(sp)
    1008:	00c12983          	lw	s3,12(sp)
    100c:	01010113          	addi	sp,sp,16

00001010 <__riscv_restore_0>:
    1010:	00012903          	lw	s2,0(sp)
    1014:	00412483          	lw	s1,4(sp)
    1018:	00812403          	lw	s0,8(sp)
    101c:	00c12083          	lw	ra,12(sp)
    1020:	01010113          	addi	sp,sp,16
    1024:	00008067          	ret

00001028 <__mulsi3>:
    1028:	00050613          	mv	a2,a0
    102c:	00000513          	li	a0,0
    1030:	0015f693          	andi	a3,a1,1
    1034:	00068463          	beqz	a3,103c <__mulsi3+0x14>
    1038:	00c50533          	add	a0,a0,a2
    103c:	0015d593          	srli	a1,a1,0x1
    1040:	00161613          	slli	a2,a2,0x1
    1044:	fe0596e3          	bnez	a1,1030 <__mulsi3+0x8>
    1048:	00008067          	ret

0000104c <__divsi3>:
    104c:	06054063          	bltz	a0,10ac <__umodsi3+0x10>
    1050:	0605c663          	bltz	a1,10bc <__umodsi3+0x20>

00001054 <__hidden___udivsi3>:
    1054:	00058613          	mv	a2,a1
    1058:	00050593          	mv	a1,a0
    105c:	fff00513          	li	a0,-1
    1060:	02060c63          	beqz	a2,1098 <__hidden___udivsi3+0x44>
    1064:	00100693          	li	a3,1
    1068:	00b67a63          	bgeu	a2,a1,107c <__hidden___udivsi3+0x28>
    106c:	00c05863          	blez	a2,107c <__hidden___udivsi3+0x28>
    1070:	00161613          	slli	a2,a2,0x1
    1074:	00169693          	slli	a3,a3,0x1
    1078:	feb66ae3          	bltu	a2,a1,106c <__hidden___udivsi3+0x18>
    107c:	00000513          	li	a0,0
    1080:	00c5e663          	bltu	a1,a2,108c <__hidden___udivsi3+0x38>
    1084:	40c585b3          	sub	a1,a1,a2
    1088:	00d56533          	or	a0,a0,a3
    108c:	0016d693          	srli	a3,a3,0x1
    1090:	00165613          	srli	a2,a2,0x1
    1094:	fe0696e3          	bnez	a3,1080 <__hidden___udivsi3+0x2c>
    1098:	00008067          	ret

0000109c <__umodsi3>:
    109c:	00008293          	mv	t0,ra
    10a0:	fb5ff0ef          	jal	1054 <__hidden___udivsi3>
    10a4:	00058513          	mv	a0,a1
    10a8:	00028067          	jr	t0
    10ac:	40a00533          	neg	a0,a0
    10b0:	00b04863          	bgtz	a1,10c0 <__umodsi3+0x24>
    10b4:	40b005b3          	neg	a1,a1
    10b8:	f9dff06f          	j	1054 <__hidden___udivsi3>
    10bc:	40b005b3          	neg	a1,a1
    10c0:	00008293          	mv	t0,ra
    10c4:	f91ff0ef          	jal	1054 <__hidden___udivsi3>
    10c8:	40a00533          	neg	a0,a0
    10cc:	00028067          	jr	t0

000010d0 <__modsi3>:
    10d0:	00008293          	mv	t0,ra
    10d4:	0005ca63          	bltz	a1,10e8 <__modsi3+0x18>
    10d8:	00054c63          	bltz	a0,10f0 <__modsi3+0x20>
    10dc:	f79ff0ef          	jal	1054 <__hidden___udivsi3>
    10e0:	00058513          	mv	a0,a1
    10e4:	00028067          	jr	t0
    10e8:	40b005b3          	neg	a1,a1
    10ec:	fe0558e3          	bgez	a0,10dc <__modsi3+0xc>
    10f0:	40a00533          	neg	a0,a0
    10f4:	f61ff0ef          	jal	1054 <__hidden___udivsi3>
    10f8:	40b00533          	neg	a0,a1
    10fc:	00028067          	jr	t0

00001100 <memcpy>:
    1100:	00050313          	mv	t1,a0
    1104:	00060e63          	beqz	a2,1120 <memcpy+0x20>
    1108:	00058383          	lb	t2,0(a1)
    110c:	00730023          	sb	t2,0(t1)
    1110:	fff60613          	addi	a2,a2,-1
    1114:	00130313          	addi	t1,t1,1
    1118:	00158593          	addi	a1,a1,1
    111c:	fe0616e3          	bnez	a2,1108 <memcpy+0x8>
    1120:	00008067          	ret

00001124 <memset>:
    1124:	00050313          	mv	t1,a0
    1128:	00060a63          	beqz	a2,113c <memset+0x18>
    112c:	00b30023          	sb	a1,0(t1)
    1130:	fff60613          	addi	a2,a2,-1
    1134:	00130313          	addi	t1,t1,1
    1138:	fe061ae3          	bnez	a2,112c <memset+0x8>
    113c:	00008067          	ret

00001140 <strcmp>:
    1140:	00054603          	lbu	a2,0(a0)
    1144:	0005c683          	lbu	a3,0(a1)
    1148:	00150513          	addi	a0,a0,1
    114c:	00158593          	addi	a1,a1,1
    1150:	00d61463          	bne	a2,a3,1158 <strcmp+0x18>
    1154:	fe0616e3          	bnez	a2,1140 <strcmp>
    1158:	40d60533          	sub	a0,a2,a3
    115c:	00008067          	ret

00001160 <__malloc_free>:
    1160:	08050e63          	beqz	a0,11fc <__malloc_free+0x9c>
    1164:	e65ff2ef          	jal	t0,fc8 <__riscv_save_0>
    1168:	00052023          	sw	zero,0(a0)
    116c:	00050493          	mv	s1,a0
    1170:	ffc50413          	addi	s0,a0,-4
    1174:	81418513          	addi	a0,gp,-2028 # 1000002c <__lock___libc_recursive_mutex>
    1178:	2bc000ef          	jal	1434 <__retarget_lock_acquire_recursive>
    117c:	81018713          	addi	a4,gp,-2032 # 10000028 <__malloc_free_list>
    1180:	00072783          	lw	a5,0(a4)
    1184:	00079863          	bnez	a5,1194 <__malloc_free+0x34>
    1188:	00f4a023          	sw	a5,0(s1)
    118c:	00872023          	sw	s0,0(a4)
    1190:	0280006f          	j	11b8 <__malloc_free+0x58>
    1194:	fef46ae3          	bltu	s0,a5,1188 <__malloc_free+0x28>
    1198:	0007a683          	lw	a3,0(a5) # 10000000 <ripes_stdio>
    119c:	00d78733          	add	a4,a5,a3
    11a0:	02e41e63          	bne	s0,a4,11dc <__malloc_free+0x7c>
    11a4:	ffc4a703          	lw	a4,-4(s1)
    11a8:	00078413          	mv	s0,a5
    11ac:	00d70733          	add	a4,a4,a3
    11b0:	00e7a023          	sw	a4,0(a5)
    11b4:	0047a783          	lw	a5,4(a5)
    11b8:	00042683          	lw	a3,0(s0)
    11bc:	00d40733          	add	a4,s0,a3
    11c0:	02e79463          	bne	a5,a4,11e8 <__malloc_free+0x88>
    11c4:	0007a703          	lw	a4,0(a5)
    11c8:	0047a783          	lw	a5,4(a5)
    11cc:	00d70733          	add	a4,a4,a3
    11d0:	00e42023          	sw	a4,0(s0)
    11d4:	00f42223          	sw	a5,4(s0)
    11d8:	0100006f          	j	11e8 <__malloc_free+0x88>
    11dc:	00879c63          	bne	a5,s0,11f4 <__malloc_free+0x94>
    11e0:	00c00713          	li	a4,12
    11e4:	00e22023          	sw	a4,0(tp) # 0 <_start>
    11e8:	81418513          	addi	a0,gp,-2028 # 1000002c <__lock___libc_recursive_mutex>
    11ec:	24c000ef          	jal	1438 <__retarget_lock_release_recursive>
    11f0:	e21ff06f          	j	1010 <__riscv_restore_0>
    11f4:	00478713          	addi	a4,a5,4
    11f8:	f89ff06f          	j	1180 <__malloc_free+0x20>
    11fc:	00008067          	ret

00001200 <__malloc_sbrk_aligned>:
    1200:	d99ff2ef          	jal	t0,f98 <__riscv_save_4>
    1204:	00055863          	bgez	a0,1214 <__malloc_sbrk_aligned+0x14>
    1208:	fff00913          	li	s2,-1
    120c:	00090513          	mv	a0,s2
    1210:	dedff06f          	j	ffc <__riscv_restore_4>
    1214:	00050413          	mv	s0,a0
    1218:	224000ef          	jal	143c <sbrk>
    121c:	fff00793          	li	a5,-1
    1220:	fef504e3          	beq	a0,a5,1208 <__malloc_sbrk_aligned+0x8>
    1224:	00b50913          	addi	s2,a0,11
    1228:	00850433          	add	s0,a0,s0
    122c:	ff897913          	andi	s2,s2,-8
    1230:	8081a423          	sw	s0,-2040(gp) # 10000020 <__malloc_sbrk_top>
    1234:	ffc90913          	addi	s2,s2,-4
    1238:	01250e63          	beq	a0,s2,1254 <__malloc_sbrk_aligned+0x54>
    123c:	40a904b3          	sub	s1,s2,a0
    1240:	00048513          	mv	a0,s1
    1244:	1f8000ef          	jal	143c <sbrk>
    1248:	fca410e3          	bne	s0,a0,1208 <__malloc_sbrk_aligned+0x8>
    124c:	00940433          	add	s0,s0,s1
    1250:	8081a423          	sw	s0,-2040(gp) # 10000020 <__malloc_sbrk_top>
    1254:	80c1a703          	lw	a4,-2036(gp) # 10000024 <__malloc_sbrk_start>
    1258:	fa071ae3          	bnez	a4,120c <__malloc_sbrk_aligned+0xc>
    125c:	8121a623          	sw	s2,-2036(gp) # 10000024 <__malloc_sbrk_start>
    1260:	fadff06f          	j	120c <__malloc_sbrk_aligned+0xc>

00001264 <__malloc_grow_chunk>:
    1264:	d65ff2ef          	jal	t0,fc8 <__riscv_save_0>
    1268:	00052783          	lw	a5,0(a0)
    126c:	8081a703          	lw	a4,-2040(gp) # 10000020 <__malloc_sbrk_top>
    1270:	00f50933          	add	s2,a0,a5
    1274:	05271663          	bne	a4,s2,12c0 <__malloc_grow_chunk+0x5c>
    1278:	40f58433          	sub	s0,a1,a5
    127c:	00800793          	li	a5,8
    1280:	00050493          	mv	s1,a0
    1284:	00f47463          	bgeu	s0,a5,128c <__malloc_grow_chunk+0x28>
    1288:	00800413          	li	s0,8
    128c:	00040513          	mv	a0,s0
    1290:	f71ff0ef          	jal	1200 <__malloc_sbrk_aligned>
    1294:	01251c63          	bne	a0,s2,12ac <__malloc_grow_chunk+0x48>
    1298:	0004a783          	lw	a5,0(s1)
    129c:	00100513          	li	a0,1
    12a0:	008787b3          	add	a5,a5,s0
    12a4:	00f4a023          	sw	a5,0(s1)
    12a8:	d69ff06f          	j	1010 <__riscv_restore_0>
    12ac:	fff00793          	li	a5,-1
    12b0:	00f50863          	beq	a0,a5,12c0 <__malloc_grow_chunk+0x5c>
    12b4:	00852023          	sw	s0,0(a0)
    12b8:	00450513          	addi	a0,a0,4
    12bc:	ea5ff0ef          	jal	1160 <__malloc_free>
    12c0:	00000513          	li	a0,0
    12c4:	fe5ff06f          	j	12a8 <__malloc_grow_chunk+0x44>

000012c8 <__malloc_malloc>:
    12c8:	cd1ff2ef          	jal	t0,f98 <__riscv_save_4>
    12cc:	feb00793          	li	a5,-21
    12d0:	00a7fc63          	bgeu	a5,a0,12e8 <__malloc_malloc+0x20>
    12d4:	00c00713          	li	a4,12
    12d8:	00e22023          	sw	a4,0(tp) # 0 <_start>
    12dc:	00000413          	li	s0,0
    12e0:	00040513          	mv	a0,s0
    12e4:	d19ff06f          	j	ffc <__riscv_restore_4>
    12e8:	00750513          	addi	a0,a0,7
    12ec:	ff857493          	andi	s1,a0,-8
    12f0:	81418513          	addi	a0,gp,-2028 # 1000002c <__lock___libc_recursive_mutex>
    12f4:	00848913          	addi	s2,s1,8
    12f8:	13c000ef          	jal	1434 <__retarget_lock_acquire_recursive>
    12fc:	81018993          	addi	s3,gp,-2032 # 10000028 <__malloc_free_list>
    1300:	0009a403          	lw	s0,0(s3)
    1304:	02041663          	bnez	s0,1330 <__malloc_malloc+0x68>
    1308:	00090513          	mv	a0,s2
    130c:	ef5ff0ef          	jal	1200 <__malloc_sbrk_aligned>
    1310:	fff00793          	li	a5,-1
    1314:	00050413          	mv	s0,a0
    1318:	04f51063          	bne	a0,a5,1358 <__malloc_malloc+0x90>
    131c:	00c00713          	li	a4,12
    1320:	81418513          	addi	a0,gp,-2028 # 1000002c <__lock___libc_recursive_mutex>
    1324:	00e22023          	sw	a4,0(tp) # 0 <_start>
    1328:	110000ef          	jal	1438 <__retarget_lock_release_recursive>
    132c:	fb1ff06f          	j	12dc <__malloc_malloc+0x14>
    1330:	00042783          	lw	a5,0(s0)
    1334:	00442703          	lw	a4,4(s0)
    1338:	0527e663          	bltu	a5,s2,1384 <__malloc_malloc+0xbc>
    133c:	412787b3          	sub	a5,a5,s2
    1340:	00700693          	li	a3,7
    1344:	00f6fe63          	bgeu	a3,a5,1360 <__malloc_malloc+0x98>
    1348:	012406b3          	add	a3,s0,s2
    134c:	00f6a023          	sw	a5,0(a3) # 10000000 <ripes_stdio>
    1350:	00e6a223          	sw	a4,4(a3)
    1354:	00d9a023          	sw	a3,0(s3)
    1358:	01242023          	sw	s2,0(s0)
    135c:	0080006f          	j	1364 <__malloc_malloc+0x9c>
    1360:	00e9a023          	sw	a4,0(s3)
    1364:	81418513          	addi	a0,gp,-2028 # 1000002c <__lock___libc_recursive_mutex>
    1368:	0d0000ef          	jal	1438 <__retarget_lock_release_recursive>
    136c:	00440413          	addi	s0,s0,4
    1370:	00448613          	addi	a2,s1,4
    1374:	00000593          	li	a1,0
    1378:	00040513          	mv	a0,s0
    137c:	da9ff0ef          	jal	1124 <memset>
    1380:	f61ff06f          	j	12e0 <__malloc_malloc+0x18>
    1384:	02071063          	bnez	a4,13a4 <__malloc_malloc+0xdc>
    1388:	00090593          	mv	a1,s2
    138c:	00040513          	mv	a0,s0
    1390:	ed5ff0ef          	jal	1264 <__malloc_grow_chunk>
    1394:	00050863          	beqz	a0,13a4 <__malloc_malloc+0xdc>
    1398:	00442783          	lw	a5,4(s0)
    139c:	00f9a023          	sw	a5,0(s3)
    13a0:	fc5ff06f          	j	1364 <__malloc_malloc+0x9c>
    13a4:	00440993          	addi	s3,s0,4
    13a8:	f59ff06f          	j	1300 <__malloc_malloc+0x38>

000013ac <__libc_init_array>:
    13ac:	c1dff2ef          	jal	t0,fc8 <__riscv_save_0>
    13b0:	000044b7          	lui	s1,0x4
    13b4:	00004437          	lui	s0,0x4
    13b8:	0e048793          	addi	a5,s1,224 # 40e0 <__init_array_end>
    13bc:	0e040413          	addi	s0,s0,224 # 40e0 <__init_array_end>
    13c0:	40f40433          	sub	s0,s0,a5
    13c4:	40245413          	srai	s0,s0,0x2
    13c8:	0e048493          	addi	s1,s1,224
    13cc:	00000913          	li	s2,0
    13d0:	02891e63          	bne	s2,s0,140c <__libc_init_array+0x60>
    13d4:	00000793          	li	a5,0
    13d8:	00078663          	beqz	a5,13e4 <__libc_init_array+0x38>
    13dc:	00000097          	auipc	ra,0x0
    13e0:	000000e7          	jalr	zero # 0 <_start>
    13e4:	000044b7          	lui	s1,0x4
    13e8:	00004437          	lui	s0,0x4
    13ec:	0e048793          	addi	a5,s1,224 # 40e0 <__init_array_end>
    13f0:	0e040413          	addi	s0,s0,224 # 40e0 <__init_array_end>
    13f4:	40f40433          	sub	s0,s0,a5
    13f8:	40245413          	srai	s0,s0,0x2
    13fc:	0e048493          	addi	s1,s1,224
    1400:	00000913          	li	s2,0
    1404:	00891e63          	bne	s2,s0,1420 <__libc_init_array+0x74>
    1408:	c09ff06f          	j	1010 <__riscv_restore_0>
    140c:	0004a783          	lw	a5,0(s1)
    1410:	00190913          	addi	s2,s2,1
    1414:	00448493          	addi	s1,s1,4
    1418:	000780e7          	jalr	a5
    141c:	fb5ff06f          	j	13d0 <__libc_init_array+0x24>
    1420:	0004a783          	lw	a5,0(s1)
    1424:	00190913          	addi	s2,s2,1
    1428:	00448493          	addi	s1,s1,4
    142c:	000780e7          	jalr	a5
    1430:	fd5ff06f          	j	1404 <__libc_init_array+0x58>

00001434 <__retarget_lock_acquire_recursive>:
    1434:	00008067          	ret

00001438 <__retarget_lock_release_recursive>:
    1438:	00008067          	ret

0000143c <sbrk>:
    143c:	00050793          	mv	a5,a0
    1440:	100006b7          	lui	a3,0x10000
    1444:	0186a503          	lw	a0,24(a3) # 10000018 <brk>
    1448:	0207d263          	bgez	a5,146c <sbrk+0x30>
    144c:	81818713          	addi	a4,gp,-2024 # 10000030 <__bss_end>
    1450:	40e50733          	sub	a4,a0,a4
    1454:	40f00633          	neg	a2,a5
    1458:	02c77263          	bgeu	a4,a2,147c <sbrk+0x40>
    145c:	00c00713          	li	a4,12
    1460:	00e22023          	sw	a4,0(tp) # 0 <_start>
    1464:	fff00513          	li	a0,-1
    1468:	00008067          	ret
    146c:	11ff0737          	lui	a4,0x11ff0
    1470:	00070713          	mv	a4,a4
    1474:	40a70733          	sub	a4,a4,a0
    1478:	fef762e3          	bltu	a4,a5,145c <sbrk+0x20>
    147c:	00f507b3          	add	a5,a0,a5
    1480:	00f6ac23          	sw	a5,24(a3)
    1484:	00008067          	ret

00001488 <_set_tls>:
    1488:	00050213          	mv	tp,a0
    148c:	00008067          	ret

00001490 <fflush>:
    1490:	01052783          	lw	a5,16(a0)
    1494:	00078463          	beqz	a5,149c <fflush+0xc>
    1498:	00078067          	jr	a5
    149c:	00000513          	li	a0,0
    14a0:	00008067          	ret

000014a4 <fprintf>:
    14a4:	fc010113          	addi	sp,sp,-64
    14a8:	02c12423          	sw	a2,40(sp)
    14ac:	02810613          	addi	a2,sp,40
    14b0:	00112e23          	sw	ra,28(sp)
    14b4:	02d12623          	sw	a3,44(sp)
    14b8:	02e12823          	sw	a4,48(sp)
    14bc:	02f12a23          	sw	a5,52(sp)
    14c0:	03012c23          	sw	a6,56(sp)
    14c4:	03112e23          	sw	a7,60(sp)
    14c8:	00c12623          	sw	a2,12(sp)
    14cc:	3a8000ef          	jal	1874 <__d_vfprintf>
    14d0:	01c12083          	lw	ra,28(sp)
    14d4:	04010113          	addi	sp,sp,64
    14d8:	00008067          	ret

000014dc <fputc>:
    14dc:	aedff2ef          	jal	t0,fc8 <__riscv_save_0>
    14e0:	0045c783          	lbu	a5,4(a1)
    14e4:	0027f793          	andi	a5,a5,2
    14e8:	02078663          	beqz	a5,1514 <fputc+0x38>
    14ec:	0085a783          	lw	a5,8(a1)
    14f0:	00050413          	mv	s0,a0
    14f4:	0ff57513          	zext.b	a0,a0
    14f8:	00058493          	mv	s1,a1
    14fc:	000780e7          	jalr	a5
    1500:	0ff47413          	zext.b	s0,s0
    1504:	00055a63          	bgez	a0,1518 <fputc+0x3c>
    1508:	0044c783          	lbu	a5,4(s1)
    150c:	0047e793          	ori	a5,a5,4
    1510:	00f48223          	sb	a5,4(s1)
    1514:	fff00413          	li	s0,-1
    1518:	00040513          	mv	a0,s0
    151c:	af5ff06f          	j	1010 <__riscv_restore_0>

00001520 <fwrite>:
    1520:	a79ff2ef          	jal	t0,f98 <__riscv_save_4>
    1524:	0046c783          	lbu	a5,4(a3)
    1528:	00000493          	li	s1,0
    152c:	0027f793          	andi	a5,a5,2
    1530:	04078463          	beqz	a5,1578 <fwrite+0x58>
    1534:	00058993          	mv	s3,a1
    1538:	00000493          	li	s1,0
    153c:	02058e63          	beqz	a1,1578 <fwrite+0x58>
    1540:	00050413          	mv	s0,a0
    1544:	00060a13          	mv	s4,a2
    1548:	00068913          	mv	s2,a3
    154c:	03448663          	beq	s1,s4,1578 <fwrite+0x58>
    1550:	01340ab3          	add	s5,s0,s3
    1554:	00892783          	lw	a5,8(s2)
    1558:	00044503          	lbu	a0,0(s0)
    155c:	00090593          	mv	a1,s2
    1560:	00140413          	addi	s0,s0,1
    1564:	000780e7          	jalr	a5
    1568:	00054863          	bltz	a0,1578 <fwrite+0x58>
    156c:	fe8a94e3          	bne	s5,s0,1554 <fwrite+0x34>
    1570:	00148493          	addi	s1,s1,1
    1574:	fd9ff06f          	j	154c <fwrite+0x2c>
    1578:	00048513          	mv	a0,s1
    157c:	a81ff06f          	j	ffc <__riscv_restore_4>

00001580 <printf>:
    1580:	fc010113          	addi	sp,sp,-64
    1584:	02f12a23          	sw	a5,52(sp)
    1588:	000047b7          	lui	a5,0x4
    158c:	02b12223          	sw	a1,36(sp)
    1590:	00050593          	mv	a1,a0
    1594:	70c7a503          	lw	a0,1804(a5) # 470c <stdout>
    1598:	02c12423          	sw	a2,40(sp)
    159c:	02410613          	addi	a2,sp,36
    15a0:	00112e23          	sw	ra,28(sp)
    15a4:	02d12623          	sw	a3,44(sp)
    15a8:	02e12823          	sw	a4,48(sp)
    15ac:	03012c23          	sw	a6,56(sp)
    15b0:	03112e23          	sw	a7,60(sp)
    15b4:	00c12623          	sw	a2,12(sp)
    15b8:	2bc000ef          	jal	1874 <__d_vfprintf>
    15bc:	01c12083          	lw	ra,28(sp)
    15c0:	04010113          	addi	sp,sp,64
    15c4:	00008067          	ret

000015c8 <puts>:
    15c8:	a01ff2ef          	jal	t0,fc8 <__riscv_save_0>
    15cc:	000047b7          	lui	a5,0x4
    15d0:	70c7a403          	lw	s0,1804(a5) # 470c <stdout>
    15d4:	00444783          	lbu	a5,4(s0)
    15d8:	0027f793          	andi	a5,a5,2
    15dc:	04078263          	beqz	a5,1620 <puts+0x58>
    15e0:	00842903          	lw	s2,8(s0)
    15e4:	00050493          	mv	s1,a0
    15e8:	0004c503          	lbu	a0,0(s1)
    15ec:	00148493          	addi	s1,s1,1
    15f0:	00040593          	mv	a1,s0
    15f4:	00051c63          	bnez	a0,160c <puts+0x44>
    15f8:	00a00513          	li	a0,10
    15fc:	000900e7          	jalr	s2
    1600:	00054a63          	bltz	a0,1614 <puts+0x4c>
    1604:	00000513          	li	a0,0
    1608:	01c0006f          	j	1624 <puts+0x5c>
    160c:	000900e7          	jalr	s2
    1610:	fc055ce3          	bgez	a0,15e8 <puts+0x20>
    1614:	00444783          	lbu	a5,4(s0)
    1618:	0047e793          	ori	a5,a5,4
    161c:	00f40223          	sb	a5,4(s0)
    1620:	fff00513          	li	a0,-1
    1624:	9edff06f          	j	1010 <__riscv_restore_0>

00001628 <__ultoa_invert>:
    1628:	955ff2ef          	jal	t0,f7c <__riscv_save_10>
    162c:	03700a93          	li	s5,55
    1630:	40da8ab3          	sub	s5,s5,a3
    1634:	00050913          	mv	s2,a0
    1638:	00058993          	mv	s3,a1
    163c:	0ffafa93          	zext.b	s5,s5
    1640:	01f6f493          	andi	s1,a3,31
    1644:	00060a13          	mv	s4,a2
    1648:	00000b13          	li	s6,0
    164c:	00900c93          	li	s9,9
    1650:	00048613          	mv	a2,s1
    1654:	000b0693          	mv	a3,s6
    1658:	00090513          	mv	a0,s2
    165c:	00098593          	mv	a1,s3
    1660:	520020ef          	jal	3b80 <__umoddi3>
    1664:	00098593          	mv	a1,s3
    1668:	0ff57413          	zext.b	s0,a0
    166c:	00048613          	mv	a2,s1
    1670:	00090513          	mv	a0,s2
    1674:	000b0693          	mv	a3,s6
    1678:	745010ef          	jal	35bc <__udivdi3>
    167c:	00090c13          	mv	s8,s2
    1680:	00098b93          	mv	s7,s3
    1684:	00050913          	mv	s2,a0
    1688:	00058993          	mv	s3,a1
    168c:	008cf663          	bgeu	s9,s0,1698 <__ultoa_invert+0x70>
    1690:	008a8433          	add	s0,s5,s0
    1694:	0ff47413          	zext.b	s0,s0
    1698:	001a0a13          	addi	s4,s4,1
    169c:	03040413          	addi	s0,s0,48
    16a0:	fe8a0fa3          	sb	s0,-1(s4)
    16a4:	016be663          	bltu	s7,s6,16b0 <__ultoa_invert+0x88>
    16a8:	fb7b14e3          	bne	s6,s7,1650 <__ultoa_invert+0x28>
    16ac:	fa9c72e3          	bgeu	s8,s1,1650 <__ultoa_invert+0x28>
    16b0:	000a0513          	mv	a0,s4
    16b4:	935ff06f          	j	fe8 <__riscv_restore_10>

000016b8 <skip_to_arg>:
    16b8:	8e1ff2ef          	jal	t0,f98 <__riscv_save_4>
    16bc:	00100313          	li	t1,1
    16c0:	02500f13          	li	t5,37
    16c4:	00050813          	mv	a6,a0
    16c8:	00c34463          	blt	t1,a2,16d0 <skip_to_arg+0x18>
    16cc:	931ff06f          	j	ffc <__riscv_restore_4>
    16d0:	00080793          	mv	a5,a6
    16d4:	00078813          	mv	a6,a5
    16d8:	0007c703          	lbu	a4,0(a5)
    16dc:	00178793          	addi	a5,a5,1
    16e0:	fe0706e3          	beqz	a4,16cc <skip_to_arg+0x14>
    16e4:	ffe718e3          	bne	a4,t5,16d4 <skip_to_arg+0x1c>
    16e8:	0007c703          	lbu	a4,0(a5)
    16ec:	00280813          	addi	a6,a6,2
    16f0:	ffe700e3          	beq	a4,t5,16d0 <skip_to_arg+0x18>
    16f4:	00013eb7          	lui	t4,0x13
    16f8:	00000693          	li	a3,0
    16fc:	00000e13          	li	t3,0
    1700:	00000793          	li	a5,0
    1704:	01f00293          	li	t0,31
    1708:	06c00f93          	li	t6,108
    170c:	07400393          	li	t2,116
    1710:	06800413          	li	s0,104
    1714:	06a00493          	li	s1,106
    1718:	00900913          	li	s2,9
    171c:	02400993          	li	s3,36
    1720:	02a00a13          	li	s4,42
    1724:	07f00a93          	li	s5,127
    1728:	01000b13          	li	s6,16
    172c:	889e8e93          	addi	t4,t4,-1911 # 12889 <__stack_size+0x2889>
    1730:	04f2e263          	bltu	t0,a5,1774 <skip_to_arg+0xbc>
    1734:	fe070893          	addi	a7,a4,-32 # 11feffe0 <__global_pointer$+0x1fef7c8>
    1738:	011b6863          	bltu	s6,a7,1748 <skip_to_arg+0x90>
    173c:	011ed8b3          	srl	a7,t4,a7
    1740:	0018f893          	andi	a7,a7,1
    1744:	0e089063          	bnez	a7,1824 <skip_to_arg+0x16c>
    1748:	fd070893          	addi	a7,a4,-48
    174c:	07196c63          	bltu	s2,a7,17c4 <skip_to_arg+0x10c>
    1750:	00269793          	slli	a5,a3,0x2
    1754:	00d787b3          	add	a5,a5,a3
    1758:	00179793          	slli	a5,a5,0x1
    175c:	011786b3          	add	a3,a5,a7
    1760:	02000793          	li	a5,32
    1764:	00084703          	lbu	a4,0(a6)
    1768:	00180813          	addi	a6,a6,1
    176c:	fc0712e3          	bnez	a4,1730 <skip_to_arg+0x78>
    1770:	0200006f          	j	1790 <skip_to_arg+0xd8>
    1774:	fcfafae3          	bgeu	s5,a5,1748 <skip_to_arg+0x90>
    1778:	07f70e63          	beq	a4,t6,17f4 <skip_to_arg+0x13c>
    177c:	06efe463          	bltu	t6,a4,17e4 <skip_to_arg+0x12c>
    1780:	08870463          	beq	a4,s0,1808 <skip_to_arg+0x150>
    1784:	08970c63          	beq	a4,s1,181c <skip_to_arg+0x164>
    1788:	04c00893          	li	a7,76
    178c:	09170863          	beq	a4,a7,181c <skip_to_arg+0x164>
    1790:	f20e0ee3          	beqz	t3,16cc <skip_to_arg+0x14>
    1794:	f26e1ae3          	bne	t3,t1,16c8 <skip_to_arg+0x10>
    1798:	02076813          	ori	a6,a4,32
    179c:	f9b80e13          	addi	t3,a6,-101
    17a0:	00200893          	li	a7,2
    17a4:	0005a683          	lw	a3,0(a1)
    17a8:	01c8f663          	bgeu	a7,t3,17b4 <skip_to_arg+0xfc>
    17ac:	06100893          	li	a7,97
    17b0:	09181663          	bne	a6,a7,183c <skip_to_arg+0x184>
    17b4:	00768693          	addi	a3,a3,7
    17b8:	ff86f693          	andi	a3,a3,-8
    17bc:	00868713          	addi	a4,a3,8
    17c0:	0880006f          	j	1848 <skip_to_arg+0x190>
    17c4:	01371a63          	bne	a4,s3,17d8 <skip_to_arg+0x120>
    17c8:	060e0263          	beqz	t3,182c <skip_to_arg+0x174>
    17cc:	06668463          	beq	a3,t1,1834 <skip_to_arg+0x17c>
    17d0:	00000693          	li	a3,0
    17d4:	f91ff06f          	j	1764 <skip_to_arg+0xac>
    17d8:	ffb77893          	andi	a7,a4,-5
    17dc:	f9489ee3          	bne	a7,s4,1778 <skip_to_arg+0xc0>
    17e0:	ff1ff06f          	j	17d0 <skip_to_arg+0x118>
    17e4:	f87700e3          	beq	a4,t2,1764 <skip_to_arg+0xac>
    17e8:	07a00893          	li	a7,122
    17ec:	f7170ce3          	beq	a4,a7,1764 <skip_to_arg+0xac>
    17f0:	fa1ff06f          	j	1790 <skip_to_arg+0xd8>
    17f4:	0807f713          	andi	a4,a5,128
    17f8:	00070463          	beqz	a4,1800 <skip_to_arg+0x148>
    17fc:	2007e793          	ori	a5,a5,512
    1800:	0807e793          	ori	a5,a5,128
    1804:	f61ff06f          	j	1764 <skip_to_arg+0xac>
    1808:	1007f713          	andi	a4,a5,256
    180c:	00070463          	beqz	a4,1814 <skip_to_arg+0x15c>
    1810:	2007e793          	ori	a5,a5,512
    1814:	1007e793          	ori	a5,a5,256
    1818:	f4dff06f          	j	1764 <skip_to_arg+0xac>
    181c:	2807e793          	ori	a5,a5,640
    1820:	f45ff06f          	j	1764 <skip_to_arg+0xac>
    1824:	00000793          	li	a5,0
    1828:	f3dff06f          	j	1764 <skip_to_arg+0xac>
    182c:	00068e13          	mv	t3,a3
    1830:	fa1ff06f          	j	17d0 <skip_to_arg+0x118>
    1834:	06300713          	li	a4,99
    1838:	f61ff06f          	j	1798 <skip_to_arg+0xe0>
    183c:	06300813          	li	a6,99
    1840:	01071a63          	bne	a4,a6,1854 <skip_to_arg+0x19c>
    1844:	00468713          	addi	a4,a3,4
    1848:	00e5a023          	sw	a4,0(a1)
    184c:	00130313          	addi	t1,t1,1
    1850:	e75ff06f          	j	16c4 <skip_to_arg+0xc>
    1854:	07300813          	li	a6,115
    1858:	ff0706e3          	beq	a4,a6,1844 <skip_to_arg+0x18c>
    185c:	0807f813          	andi	a6,a5,128
    1860:	00468713          	addi	a4,a3,4
    1864:	fe0802e3          	beqz	a6,1848 <skip_to_arg+0x190>
    1868:	2007f793          	andi	a5,a5,512
    186c:	fc078ee3          	beqz	a5,1848 <skip_to_arg+0x190>
    1870:	f45ff06f          	j	17b4 <skip_to_arg+0xfc>

00001874 <__d_vfprintf>:
    1874:	ef8ff2ef          	jal	t0,f6c <__riscv_save_12>
    1878:	00454783          	lbu	a5,4(a0)
    187c:	fc010113          	addi	sp,sp,-64
    1880:	00a12623          	sw	a0,12(sp)
    1884:	00b12823          	sw	a1,16(sp)
    1888:	00c12a23          	sw	a2,20(sp)
    188c:	0027f793          	andi	a5,a5,2
    1890:	00852a83          	lw	s5,8(a0)
    1894:	04078c63          	beqz	a5,18ec <__d_vfprintf+0x78>
    1898:	02c12223          	sw	a2,36(sp)
    189c:	00058793          	mv	a5,a1
    18a0:	00000413          	li	s0,0
    18a4:	0007c503          	lbu	a0,0(a5)
    18a8:	04050463          	beqz	a0,18f0 <__d_vfprintf+0x7c>
    18ac:	02500713          	li	a4,37
    18b0:	00178d13          	addi	s10,a5,1
    18b4:	00e51a63          	bne	a0,a4,18c8 <__d_vfprintf+0x54>
    18b8:	0017ca03          	lbu	s4,1(a5)
    18bc:	00278d13          	addi	s10,a5,2
    18c0:	02500793          	li	a5,37
    18c4:	02fa1c63          	bne	s4,a5,18fc <__d_vfprintf+0x88>
    18c8:	00c12583          	lw	a1,12(sp)
    18cc:	00140413          	addi	s0,s0,1
    18d0:	000a80e7          	jalr	s5
    18d4:	2a055ce3          	bgez	a0,238c <__d_vfprintf+0xb18>
    18d8:	00c12783          	lw	a5,12(sp)
    18dc:	00c12703          	lw	a4,12(sp)
    18e0:	0047c783          	lbu	a5,4(a5)
    18e4:	0047e793          	ori	a5,a5,4
    18e8:	00f70223          	sb	a5,4(a4)
    18ec:	fff00413          	li	s0,-1
    18f0:	00040513          	mv	a0,s0
    18f4:	04010113          	addi	sp,sp,64
    18f8:	ee8ff06f          	j	fe0 <__riscv_restore_12>
    18fc:	000049b7          	lui	s3,0x4
    1900:	00000493          	li	s1,0
    1904:	00000d93          	li	s11,0
    1908:	00000b13          	li	s6,0
    190c:	00000913          	li	s2,0
    1910:	01f00c13          	li	s8,31
    1914:	06c00b93          	li	s7,108
    1918:	07400c93          	li	s9,116
    191c:	06800713          	li	a4,104
    1920:	06a00693          	li	a3,106
    1924:	00900313          	li	t1,9
    1928:	22c98993          	addi	s3,s3,556 # 422c <move_names+0x24>
    192c:	052c6863          	bltu	s8,s2,197c <__d_vfprintf+0x108>
    1930:	fe0a0793          	addi	a5,s4,-32
    1934:	01000613          	li	a2,16
    1938:	04f66663          	bltu	a2,a5,1984 <__d_vfprintf+0x110>
    193c:	00279793          	slli	a5,a5,0x2
    1940:	013787b3          	add	a5,a5,s3
    1944:	0007a783          	lw	a5,0(a5)
    1948:	00078067          	jr	a5
    194c:	00196913          	ori	s2,s2,1
    1950:	000d4a03          	lbu	s4,0(s10)
    1954:	001d0d13          	addi	s10,s10,1
    1958:	fc0a1ae3          	bnez	s4,192c <__d_vfprintf+0xb8>
    195c:	1380006f          	j	1a94 <__d_vfprintf+0x220>
    1960:	00296913          	ori	s2,s2,2
    1964:	00496913          	ori	s2,s2,4
    1968:	fe9ff06f          	j	1950 <__d_vfprintf+0xdc>
    196c:	00896913          	ori	s2,s2,8
    1970:	fe1ff06f          	j	1950 <__d_vfprintf+0xdc>
    1974:	01096913          	ori	s2,s2,16
    1978:	fd9ff06f          	j	1950 <__d_vfprintf+0xdc>
    197c:	07f00793          	li	a5,127
    1980:	0f27ee63          	bltu	a5,s2,1a7c <__d_vfprintf+0x208>
    1984:	fd0a0613          	addi	a2,s4,-48
    1988:	02c36c63          	bltu	t1,a2,19c0 <__d_vfprintf+0x14c>
    198c:	04097793          	andi	a5,s2,64
    1990:	00078c63          	beqz	a5,19a8 <__d_vfprintf+0x134>
    1994:	002d9793          	slli	a5,s11,0x2
    1998:	01b787b3          	add	a5,a5,s11
    199c:	00179793          	slli	a5,a5,0x1
    19a0:	00c78db3          	add	s11,a5,a2
    19a4:	fadff06f          	j	1950 <__d_vfprintf+0xdc>
    19a8:	002b1793          	slli	a5,s6,0x2
    19ac:	016787b3          	add	a5,a5,s6
    19b0:	00179793          	slli	a5,a5,0x1
    19b4:	00c78b33          	add	s6,a5,a2
    19b8:	02096913          	ori	s2,s2,32
    19bc:	f95ff06f          	j	1950 <__d_vfprintf+0xdc>
    19c0:	02a00793          	li	a5,42
    19c4:	04fa1263          	bne	s4,a5,1a08 <__d_vfprintf+0x194>
    19c8:	f80494e3          	bnez	s1,1950 <__d_vfprintf+0xdc>
    19cc:	02412783          	lw	a5,36(sp)
    19d0:	04097593          	andi	a1,s2,64
    19d4:	00478613          	addi	a2,a5,4
    19d8:	0007a783          	lw	a5,0(a5)
    19dc:	02c12223          	sw	a2,36(sp)
    19e0:	00058663          	beqz	a1,19ec <__d_vfprintf+0x178>
    19e4:	00078d93          	mv	s11,a5
    19e8:	f69ff06f          	j	1950 <__d_vfprintf+0xdc>
    19ec:	0007c863          	bltz	a5,19fc <__d_vfprintf+0x188>
    19f0:	02096913          	ori	s2,s2,32
    19f4:	00078b13          	mv	s6,a5
    19f8:	f59ff06f          	j	1950 <__d_vfprintf+0xdc>
    19fc:	40f00b33          	neg	s6,a5
    1a00:	02896913          	ori	s2,s2,40
    1a04:	f4dff06f          	j	1950 <__d_vfprintf+0xdc>
    1a08:	02e00793          	li	a5,46
    1a0c:	00fa1a63          	bne	s4,a5,1a20 <__d_vfprintf+0x1ac>
    1a10:	04097793          	andi	a5,s2,64
    1a14:	ec079ee3          	bnez	a5,18f0 <__d_vfprintf+0x7c>
    1a18:	04096913          	ori	s2,s2,64
    1a1c:	f35ff06f          	j	1950 <__d_vfprintf+0xdc>
    1a20:	02400793          	li	a5,36
    1a24:	04fa1c63          	bne	s4,a5,1a7c <__d_vfprintf+0x208>
    1a28:	22048663          	beqz	s1,1c54 <__d_vfprintf+0x3e0>
    1a2c:	01412783          	lw	a5,20(sp)
    1a30:	04097a13          	andi	s4,s2,64
    1a34:	000b0613          	mv	a2,s6
    1a38:	02f12223          	sw	a5,36(sp)
    1a3c:	000a0463          	beqz	s4,1a44 <__d_vfprintf+0x1d0>
    1a40:	000d8613          	mv	a2,s11
    1a44:	01012503          	lw	a0,16(sp)
    1a48:	02410593          	addi	a1,sp,36
    1a4c:	c6dff0ef          	jal	16b8 <skip_to_arg>
    1a50:	02412783          	lw	a5,36(sp)
    1a54:	06800713          	li	a4,104
    1a58:	06a00693          	li	a3,106
    1a5c:	00478613          	addi	a2,a5,4
    1a60:	02c12223          	sw	a2,36(sp)
    1a64:	00900313          	li	t1,9
    1a68:	000a0663          	beqz	s4,1a74 <__d_vfprintf+0x200>
    1a6c:	0007ad83          	lw	s11,0(a5)
    1a70:	ee1ff06f          	j	1950 <__d_vfprintf+0xdc>
    1a74:	0007ab03          	lw	s6,0(a5)
    1a78:	ed9ff06f          	j	1950 <__d_vfprintf+0xdc>
    1a7c:	1b7a0463          	beq	s4,s7,1c24 <__d_vfprintf+0x3b0>
    1a80:	194bea63          	bltu	s7,s4,1c14 <__d_vfprintf+0x3a0>
    1a84:	1aea0a63          	beq	s4,a4,1c38 <__d_vfprintf+0x3c4>
    1a88:	1cda0263          	beq	s4,a3,1c4c <__d_vfprintf+0x3d8>
    1a8c:	04c00793          	li	a5,76
    1a90:	1afa0e63          	beq	s4,a5,1c4c <__d_vfprintf+0x3d8>
    1a94:	00048e63          	beqz	s1,1ab0 <__d_vfprintf+0x23c>
    1a98:	01412783          	lw	a5,20(sp)
    1a9c:	01012503          	lw	a0,16(sp)
    1aa0:	00048613          	mv	a2,s1
    1aa4:	02410593          	addi	a1,sp,36
    1aa8:	02f12223          	sw	a5,36(sp)
    1aac:	c0dff0ef          	jal	16b8 <skip_to_arg>
    1ab0:	000dda63          	bgez	s11,1ac4 <__d_vfprintf+0x250>
    1ab4:	fbf97813          	andi	a6,s2,-65
    1ab8:	01081913          	slli	s2,a6,0x10
    1abc:	01095913          	srli	s2,s2,0x10
    1ac0:	00000d93          	li	s11,0
    1ac4:	020a6b93          	ori	s7,s4,32
    1ac8:	f9bb8713          	addi	a4,s7,-101
    1acc:	00200793          	li	a5,2
    1ad0:	00e7f663          	bgeu	a5,a4,1adc <__d_vfprintf+0x268>
    1ad4:	06100793          	li	a5,97
    1ad8:	66fb9463          	bne	s7,a5,2140 <__d_vfprintf+0x8cc>
    1adc:	02412783          	lw	a5,36(sp)
    1ae0:	fffa4a13          	not	s4,s4
    1ae4:	020a7a13          	andi	s4,s4,32
    1ae8:	00778793          	addi	a5,a5,7
    1aec:	ff87f793          	andi	a5,a5,-8
    1af0:	00878713          	addi	a4,a5,8
    1af4:	0007a503          	lw	a0,0(a5)
    1af8:	0047a583          	lw	a1,4(a5)
    1afc:	02e12223          	sw	a4,36(sp)
    1b00:	06100793          	li	a5,97
    1b04:	04097713          	andi	a4,s2,64
    1b08:	16fb9063          	bne	s7,a5,1c68 <__d_vfprintf+0x3f4>
    1b0c:	000027b7          	lui	a5,0x2
    1b10:	80078793          	addi	a5,a5,-2048 # 1800 <skip_to_arg+0x148>
    1b14:	00f96933          	or	s2,s2,a5
    1b18:	00071463          	bnez	a4,1b20 <__d_vfprintf+0x2ac>
    1b1c:	fff00d93          	li	s11,-1
    1b20:	000d8693          	mv	a3,s11
    1b24:	000a0713          	mv	a4,s4
    1b28:	02810613          	addi	a2,sp,40
    1b2c:	02d010ef          	jal	3358 <__dtox_engine>
    1b30:	02812983          	lw	s3,40(sp)
    1b34:	00150c13          	addi	s8,a0,1
    1b38:	00050d93          	mv	s11,a0
    1b3c:	0ffc7c13          	zext.b	s8,s8
    1b40:	00100c93          	li	s9,1
    1b44:	07000b93          	li	s7,112
    1b48:	00998793          	addi	a5,s3,9
    1b4c:	01200713          	li	a4,18
    1b50:	02f77263          	bgeu	a4,a5,1b74 <__d_vfprintf+0x300>
    1b54:	06398793          	addi	a5,s3,99
    1b58:	0c600713          	li	a4,198
    1b5c:	00200c93          	li	s9,2
    1b60:	00f77a63          	bgeu	a4,a5,1b74 <__d_vfprintf+0x300>
    1b64:	3e798c93          	addi	s9,s3,999
    1b68:	7ce00793          	li	a5,1998
    1b6c:	0197bcb3          	sltu	s9,a5,s9
    1b70:	003c8c93          	addi	s9,s9,3
    1b74:	02c14783          	lbu	a5,44(sp)
    1b78:	02d00713          	li	a4,45
    1b7c:	0017f693          	andi	a3,a5,1
    1b80:	00069c63          	bnez	a3,1b98 <__d_vfprintf+0x324>
    1b84:	00297693          	andi	a3,s2,2
    1b88:	02b00713          	li	a4,43
    1b8c:	00069663          	bnez	a3,1b98 <__d_vfprintf+0x324>
    1b90:	00391713          	slli	a4,s2,0x3
    1b94:	02077713          	andi	a4,a4,32
    1b98:	00c7f793          	andi	a5,a5,12
    1b9c:	18078e63          	beqz	a5,1d38 <__d_vfprintf+0x4c4>
    1ba0:	00e034b3          	snez	s1,a4
    1ba4:	00348493          	addi	s1,s1,3
    1ba8:	0364da63          	bge	s1,s6,1bdc <__d_vfprintf+0x368>
    1bac:	00897813          	andi	a6,s2,8
    1bb0:	409b04b3          	sub	s1,s6,s1
    1bb4:	02081663          	bnez	a6,1be0 <__d_vfprintf+0x36c>
    1bb8:	008484b3          	add	s1,s1,s0
    1bbc:	00c12583          	lw	a1,12(sp)
    1bc0:	02000513          	li	a0,32
    1bc4:	00e12c23          	sw	a4,24(sp)
    1bc8:	00140413          	addi	s0,s0,1
    1bcc:	000a80e7          	jalr	s5
    1bd0:	d00544e3          	bltz	a0,18d8 <__d_vfprintf+0x64>
    1bd4:	01812703          	lw	a4,24(sp)
    1bd8:	fe8492e3          	bne	s1,s0,1bbc <__d_vfprintf+0x348>
    1bdc:	00000493          	li	s1,0
    1be0:	00070c63          	beqz	a4,1bf8 <__d_vfprintf+0x384>
    1be4:	00c12583          	lw	a1,12(sp)
    1be8:	00070513          	mv	a0,a4
    1bec:	00140413          	addi	s0,s0,1
    1bf0:	000a80e7          	jalr	s5
    1bf4:	ce0542e3          	bltz	a0,18d8 <__d_vfprintf+0x64>
    1bf8:	02c14783          	lbu	a5,44(sp)
    1bfc:	0087f793          	andi	a5,a5,8
    1c00:	12079663          	bnez	a5,1d2c <__d_vfprintf+0x4b8>
    1c04:	000049b7          	lui	s3,0x4
    1c08:	1bc98993          	addi	s3,s3,444 # 41bc <__init_array_end+0xdc>
    1c0c:	00040b93          	mv	s7,s0
    1c10:	1000006f          	j	1d10 <__d_vfprintf+0x49c>
    1c14:	d39a0ee3          	beq	s4,s9,1950 <__d_vfprintf+0xdc>
    1c18:	07a00793          	li	a5,122
    1c1c:	d2fa0ae3          	beq	s4,a5,1950 <__d_vfprintf+0xdc>
    1c20:	e75ff06f          	j	1a94 <__d_vfprintf+0x220>
    1c24:	08097793          	andi	a5,s2,128
    1c28:	00078463          	beqz	a5,1c30 <__d_vfprintf+0x3bc>
    1c2c:	20096913          	ori	s2,s2,512
    1c30:	08096913          	ori	s2,s2,128
    1c34:	d1dff06f          	j	1950 <__d_vfprintf+0xdc>
    1c38:	10097793          	andi	a5,s2,256
    1c3c:	00078463          	beqz	a5,1c44 <__d_vfprintf+0x3d0>
    1c40:	20096913          	ori	s2,s2,512
    1c44:	10096913          	ori	s2,s2,256
    1c48:	d09ff06f          	j	1950 <__d_vfprintf+0xdc>
    1c4c:	28096913          	ori	s2,s2,640
    1c50:	d01ff06f          	j	1950 <__d_vfprintf+0xdc>
    1c54:	000b0493          	mv	s1,s6
    1c58:	00000d93          	li	s11,0
    1c5c:	00000b13          	li	s6,0
    1c60:	00000913          	li	s2,0
    1c64:	cedff06f          	j	1950 <__d_vfprintf+0xdc>
    1c68:	00071463          	bnez	a4,1c70 <__d_vfprintf+0x3fc>
    1c6c:	00600d93          	li	s11,6
    1c70:	06500793          	li	a5,101
    1c74:	04fb9263          	bne	s7,a5,1cb8 <__d_vfprintf+0x444>
    1c78:	000017b7          	lui	a5,0x1
    1c7c:	001d8613          	addi	a2,s11,1
    1c80:	00f96933          	or	s2,s2,a5
    1c84:	0ff67613          	zext.b	a2,a2
    1c88:	00000713          	li	a4,0
    1c8c:	00000793          	li	a5,0
    1c90:	01100313          	li	t1,17
    1c94:	0ff67693          	zext.b	a3,a2
    1c98:	00c37463          	bgeu	t1,a2,1ca0 <__d_vfprintf+0x42c>
    1c9c:	01100693          	li	a3,17
    1ca0:	02810613          	addi	a2,sp,40
    1ca4:	3bd000ef          	jal	2860 <__dtoa_engine>
    1ca8:	0ff57c13          	zext.b	s8,a0
    1cac:	02812983          	lw	s3,40(sp)
    1cb0:	00200c93          	li	s9,2
    1cb4:	e95ff06f          	j	1b48 <__d_vfprintf+0x2d4>
    1cb8:	06600793          	li	a5,102
    1cbc:	00fb9e63          	bne	s7,a5,1cd8 <__d_vfprintf+0x464>
    1cc0:	000027b7          	lui	a5,0x2
    1cc4:	00f96933          	or	s2,s2,a5
    1cc8:	00100713          	li	a4,1
    1ccc:	000d8793          	mv	a5,s11
    1cd0:	01100613          	li	a2,17
    1cd4:	fbdff06f          	j	1c90 <__d_vfprintf+0x41c>
    1cd8:	0ffdf793          	zext.b	a5,s11
    1cdc:	0ffdf613          	zext.b	a2,s11
    1ce0:	00079463          	bnez	a5,1ce8 <__d_vfprintf+0x474>
    1ce4:	00100613          	li	a2,1
    1ce8:	00000713          	li	a4,0
    1cec:	00000793          	li	a5,0
    1cf0:	06500b93          	li	s7,101
    1cf4:	f9dff06f          	j	1c90 <__d_vfprintf+0x41c>
    1cf8:	00c12583          	lw	a1,12(sp)
    1cfc:	41450533          	sub	a0,a0,s4
    1d00:	0ff57513          	zext.b	a0,a0
    1d04:	001b8b93          	addi	s7,s7,1
    1d08:	000a80e7          	jalr	s5
    1d0c:	bc0546e3          	bltz	a0,18d8 <__d_vfprintf+0x64>
    1d10:	408b87b3          	sub	a5,s7,s0
    1d14:	00f987b3          	add	a5,s3,a5
    1d18:	0007c503          	lbu	a0,0(a5) # 2000 <__d_vfprintf+0x78c>
    1d1c:	fc051ee3          	bnez	a0,1cf8 <__d_vfprintf+0x484>
    1d20:	000b8413          	mv	s0,s7
    1d24:	017484b3          	add	s1,s1,s7
    1d28:	0550006f          	j	257c <__d_vfprintf+0xd08>
    1d2c:	000049b7          	lui	s3,0x4
    1d30:	1c098993          	addi	s3,s3,448 # 41c0 <__init_array_end+0xe0>
    1d34:	ed9ff06f          	j	1c0c <__d_vfprintf+0x398>
    1d38:	00c95793          	srli	a5,s2,0xc
    1d3c:	0037f793          	andi	a5,a5,3
    1d40:	06079263          	bnez	a5,1da4 <__d_vfprintf+0x530>
    1d44:	180d8263          	beqz	s11,1ec8 <__d_vfprintf+0x654>
    1d48:	02810793          	addi	a5,sp,40
    1d4c:	018787b3          	add	a5,a5,s8
    1d50:	03000693          	li	a3,48
    1d54:	00c0006f          	j	1d60 <__d_vfprintf+0x4ec>
    1d58:	fffc0c13          	addi	s8,s8,-1
    1d5c:	0ffc7c13          	zext.b	s8,s8
    1d60:	000c0863          	beqz	s8,1d70 <__d_vfprintf+0x4fc>
    1d64:	0047c603          	lbu	a2,4(a5)
    1d68:	fff78793          	addi	a5,a5,-1
    1d6c:	fed606e3          	beq	a2,a3,1d58 <__d_vfprintf+0x4e4>
    1d70:	01097693          	andi	a3,s2,16
    1d74:	000d8793          	mv	a5,s11
    1d78:	00069463          	bnez	a3,1d80 <__d_vfprintf+0x50c>
    1d7c:	000c0793          	mv	a5,s8
    1d80:	ffc00693          	li	a3,-4
    1d84:	14d9c663          	blt	s3,a3,1ed0 <__d_vfprintf+0x65c>
    1d88:	15b9d463          	bge	s3,s11,1ed0 <__d_vfprintf+0x65c>
    1d8c:	000026b7          	lui	a3,0x2
    1d90:	00d96933          	or	s2,s2,a3
    1d94:	00000d93          	li	s11,0
    1d98:	00f9d663          	bge	s3,a5,1da4 <__d_vfprintf+0x530>
    1d9c:	00198893          	addi	a7,s3,1
    1da0:	41178db3          	sub	s11,a5,a7
    1da4:	000027b7          	lui	a5,0x2
    1da8:	00f977b3          	and	a5,s2,a5
    1dac:	00f12c23          	sw	a5,24(sp)
    1db0:	12078463          	beqz	a5,1ed8 <__d_vfprintf+0x664>
    1db4:	00098793          	mv	a5,s3
    1db8:	0009d463          	bgez	s3,1dc0 <__d_vfprintf+0x54c>
    1dbc:	00000793          	li	a5,0
    1dc0:	00178793          	addi	a5,a5,1 # 2001 <__d_vfprintf+0x78d>
    1dc4:	00070463          	beqz	a4,1dcc <__d_vfprintf+0x558>
    1dc8:	00178793          	addi	a5,a5,1
    1dcc:	120d8263          	beqz	s11,1ef0 <__d_vfprintf+0x67c>
    1dd0:	001d8693          	addi	a3,s11,1
    1dd4:	00d787b3          	add	a5,a5,a3
    1dd8:	00000493          	li	s1,0
    1ddc:	0167d463          	bge	a5,s6,1de4 <__d_vfprintf+0x570>
    1de0:	40fb04b3          	sub	s1,s6,a5
    1de4:	00997793          	andi	a5,s2,9
    1de8:	00079863          	bnez	a5,1df8 <__d_vfprintf+0x584>
    1dec:	008484b3          	add	s1,s1,s0
    1df0:	10941863          	bne	s0,s1,1f00 <__d_vfprintf+0x68c>
    1df4:	00000493          	li	s1,0
    1df8:	00070c63          	beqz	a4,1e10 <__d_vfprintf+0x59c>
    1dfc:	00c12583          	lw	a1,12(sp)
    1e00:	00070513          	mv	a0,a4
    1e04:	00140413          	addi	s0,s0,1
    1e08:	000a80e7          	jalr	s5
    1e0c:	ac0546e3          	bltz	a0,18d8 <__d_vfprintf+0x64>
    1e10:	01491793          	slli	a5,s2,0x14
    1e14:	0207d863          	bgez	a5,1e44 <__d_vfprintf+0x5d0>
    1e18:	00c12583          	lw	a1,12(sp)
    1e1c:	03000513          	li	a0,48
    1e20:	000a80e7          	jalr	s5
    1e24:	aa054ae3          	bltz	a0,18d8 <__d_vfprintf+0x64>
    1e28:	07800513          	li	a0,120
    1e2c:	00c12583          	lw	a1,12(sp)
    1e30:	41450533          	sub	a0,a0,s4
    1e34:	0f857513          	andi	a0,a0,248
    1e38:	00240413          	addi	s0,s0,2
    1e3c:	000a80e7          	jalr	s5
    1e40:	a8054ce3          	bltz	a0,18d8 <__d_vfprintf+0x64>
    1e44:	00897793          	andi	a5,s2,8
    1e48:	00079863          	bnez	a5,1e58 <__d_vfprintf+0x5e4>
    1e4c:	008484b3          	add	s1,s1,s0
    1e50:	0c941863          	bne	s0,s1,1f20 <__d_vfprintf+0x6ac>
    1e54:	00000493          	li	s1,0
    1e58:	01812783          	lw	a5,24(sp)
    1e5c:	12078c63          	beqz	a5,1f94 <__d_vfprintf+0x720>
    1e60:	00098c93          	mv	s9,s3
    1e64:	0009d463          	bgez	s3,1e6c <__d_vfprintf+0x5f8>
    1e68:	00000c93          	li	s9,0
    1e6c:	41998a33          	sub	s4,s3,s9
    1e70:	41b00db3          	neg	s11,s11
    1e74:	fff00b13          	li	s6,-1
    1e78:	03000513          	li	a0,48
    1e7c:	018a7863          	bgeu	s4,s8,1e8c <__d_vfprintf+0x618>
    1e80:	02810793          	addi	a5,sp,40
    1e84:	01478733          	add	a4,a5,s4
    1e88:	00574503          	lbu	a0,5(a4)
    1e8c:	fffc8c93          	addi	s9,s9,-1
    1e90:	00140b93          	addi	s7,s0,1
    1e94:	0bbcc263          	blt	s9,s11,1f38 <__d_vfprintf+0x6c4>
    1e98:	00c12583          	lw	a1,12(sp)
    1e9c:	001a0a13          	addi	s4,s4,1
    1ea0:	000a80e7          	jalr	s5
    1ea4:	a2054ae3          	bltz	a0,18d8 <__d_vfprintf+0x64>
    1ea8:	016c9c63          	bne	s9,s6,1ec0 <__d_vfprintf+0x64c>
    1eac:	00c12583          	lw	a1,12(sp)
    1eb0:	02e00513          	li	a0,46
    1eb4:	000a80e7          	jalr	s5
    1eb8:	a20540e3          	bltz	a0,18d8 <__d_vfprintf+0x64>
    1ebc:	00240b93          	addi	s7,s0,2
    1ec0:	000b8413          	mv	s0,s7
    1ec4:	fb5ff06f          	j	1e78 <__d_vfprintf+0x604>
    1ec8:	00100d93          	li	s11,1
    1ecc:	e7dff06f          	j	1d48 <__d_vfprintf+0x4d4>
    1ed0:	fff78d93          	addi	s11,a5,-1
    1ed4:	ed1ff06f          	j	1da4 <__d_vfprintf+0x530>
    1ed8:	01491693          	slli	a3,s2,0x14
    1edc:	00500793          	li	a5,5
    1ee0:	0006c463          	bltz	a3,1ee8 <__d_vfprintf+0x674>
    1ee4:	00300793          	li	a5,3
    1ee8:	00fc87b3          	add	a5,s9,a5
    1eec:	ed9ff06f          	j	1dc4 <__d_vfprintf+0x550>
    1ef0:	01097693          	andi	a3,s2,16
    1ef4:	ee0682e3          	beqz	a3,1dd8 <__d_vfprintf+0x564>
    1ef8:	00178793          	addi	a5,a5,1
    1efc:	eddff06f          	j	1dd8 <__d_vfprintf+0x564>
    1f00:	00c12583          	lw	a1,12(sp)
    1f04:	02000513          	li	a0,32
    1f08:	00e12e23          	sw	a4,28(sp)
    1f0c:	000a80e7          	jalr	s5
    1f10:	01c12703          	lw	a4,28(sp)
    1f14:	00140413          	addi	s0,s0,1
    1f18:	ec055ce3          	bgez	a0,1df0 <__d_vfprintf+0x57c>
    1f1c:	9bdff06f          	j	18d8 <__d_vfprintf+0x64>
    1f20:	00c12583          	lw	a1,12(sp)
    1f24:	03000513          	li	a0,48
    1f28:	00140413          	addi	s0,s0,1
    1f2c:	000a80e7          	jalr	s5
    1f30:	f20550e3          	bgez	a0,1e50 <__d_vfprintf+0x5dc>
    1f34:	9a5ff06f          	j	18d8 <__d_vfprintf+0x64>
    1f38:	03999063          	bne	s3,s9,1f58 <__d_vfprintf+0x6e4>
    1f3c:	02d14703          	lbu	a4,45(sp)
    1f40:	03500793          	li	a5,53
    1f44:	04e7e463          	bltu	a5,a4,1f8c <__d_vfprintf+0x718>
    1f48:	00f71863          	bne	a4,a5,1f58 <__d_vfprintf+0x6e4>
    1f4c:	02c14783          	lbu	a5,44(sp)
    1f50:	0107f793          	andi	a5,a5,16
    1f54:	02078c63          	beqz	a5,1f8c <__d_vfprintf+0x718>
    1f58:	00c12583          	lw	a1,12(sp)
    1f5c:	000a80e7          	jalr	s5
    1f60:	96054ce3          	bltz	a0,18d8 <__d_vfprintf+0x64>
    1f64:	01097813          	andi	a6,s2,16
    1f68:	da080ce3          	beqz	a6,1d20 <__d_vfprintf+0x4ac>
    1f6c:	fff00793          	li	a5,-1
    1f70:	dafc98e3          	bne	s9,a5,1d20 <__d_vfprintf+0x4ac>
    1f74:	00c12583          	lw	a1,12(sp)
    1f78:	00240b93          	addi	s7,s0,2
    1f7c:	02e00513          	li	a0,46
    1f80:	000a80e7          	jalr	s5
    1f84:	d8055ee3          	bgez	a0,1d20 <__d_vfprintf+0x4ac>
    1f88:	951ff06f          	j	18d8 <__d_vfprintf+0x64>
    1f8c:	03100513          	li	a0,49
    1f90:	fc9ff06f          	j	1f58 <__d_vfprintf+0x6e4>
    1f94:	02d14503          	lbu	a0,45(sp)
    1f98:	03100793          	li	a5,49
    1f9c:	00f50863          	beq	a0,a5,1fac <__d_vfprintf+0x738>
    1fa0:	02c14783          	lbu	a5,44(sp)
    1fa4:	fef7f793          	andi	a5,a5,-17
    1fa8:	02f10623          	sb	a5,44(sp)
    1fac:	00c12583          	lw	a1,12(sp)
    1fb0:	000a80e7          	jalr	s5
    1fb4:	920542e3          	bltz	a0,18d8 <__d_vfprintf+0x64>
    1fb8:	13b05c63          	blez	s11,20f0 <__d_vfprintf+0x87c>
    1fbc:	00c12583          	lw	a1,12(sp)
    1fc0:	02e00513          	li	a0,46
    1fc4:	000a80e7          	jalr	s5
    1fc8:	900548e3          	bltz	a0,18d8 <__d_vfprintf+0x64>
    1fcc:	02810b13          	addi	s6,sp,40
    1fd0:	00100913          	li	s2,1
    1fd4:	03000513          	li	a0,48
    1fd8:	01895463          	bge	s2,s8,1fe0 <__d_vfprintf+0x76c>
    1fdc:	006b4503          	lbu	a0,6(s6)
    1fe0:	00c12583          	lw	a1,12(sp)
    1fe4:	000a80e7          	jalr	s5
    1fe8:	8e0548e3          	bltz	a0,18d8 <__d_vfprintf+0x64>
    1fec:	00190713          	addi	a4,s2,1
    1ff0:	001b0b13          	addi	s6,s6,1
    1ff4:	0eedda63          	bge	s11,a4,20e8 <__d_vfprintf+0x874>
    1ff8:	00240413          	addi	s0,s0,2
    1ffc:	01240433          	add	s0,s0,s2
    2000:	00c12583          	lw	a1,12(sp)
    2004:	414b8533          	sub	a0,s7,s4
    2008:	0ff57513          	zext.b	a0,a0
    200c:	000a80e7          	jalr	s5
    2010:	8c0544e3          	bltz	a0,18d8 <__d_vfprintf+0x64>
    2014:	0009cc63          	bltz	s3,202c <__d_vfprintf+0x7b8>
    2018:	02b00513          	li	a0,43
    201c:	00099c63          	bnez	s3,2034 <__d_vfprintf+0x7c0>
    2020:	02c14783          	lbu	a5,44(sp)
    2024:	0107f793          	andi	a5,a5,16
    2028:	00078663          	beqz	a5,2034 <__d_vfprintf+0x7c0>
    202c:	413009b3          	neg	s3,s3
    2030:	02d00513          	li	a0,45
    2034:	00c12583          	lw	a1,12(sp)
    2038:	000a80e7          	jalr	s5
    203c:	88054ee3          	bltz	a0,18d8 <__d_vfprintf+0x64>
    2040:	00400793          	li	a5,4
    2044:	0cfc9a63          	bne	s9,a5,2118 <__d_vfprintf+0x8a4>
    2048:	3e800593          	li	a1,1000
    204c:	00098513          	mv	a0,s3
    2050:	ffdfe0ef          	jal	104c <__divsi3>
    2054:	00c12583          	lw	a1,12(sp)
    2058:	03050513          	addi	a0,a0,48
    205c:	0ff57513          	zext.b	a0,a0
    2060:	00340413          	addi	s0,s0,3
    2064:	000a80e7          	jalr	s5
    2068:	860548e3          	bltz	a0,18d8 <__d_vfprintf+0x64>
    206c:	00098513          	mv	a0,s3
    2070:	3e800593          	li	a1,1000
    2074:	85cff0ef          	jal	10d0 <__modsi3>
    2078:	00050993          	mv	s3,a0
    207c:	06400593          	li	a1,100
    2080:	00098513          	mv	a0,s3
    2084:	fc9fe0ef          	jal	104c <__divsi3>
    2088:	00c12583          	lw	a1,12(sp)
    208c:	03050513          	addi	a0,a0,48
    2090:	0ff57513          	zext.b	a0,a0
    2094:	00140413          	addi	s0,s0,1
    2098:	000a80e7          	jalr	s5
    209c:	82054ee3          	bltz	a0,18d8 <__d_vfprintf+0x64>
    20a0:	00098513          	mv	a0,s3
    20a4:	06400593          	li	a1,100
    20a8:	828ff0ef          	jal	10d0 <__modsi3>
    20ac:	00050993          	mv	s3,a0
    20b0:	00a00593          	li	a1,10
    20b4:	00098513          	mv	a0,s3
    20b8:	f95fe0ef          	jal	104c <__divsi3>
    20bc:	00c12583          	lw	a1,12(sp)
    20c0:	03050513          	addi	a0,a0,48
    20c4:	0ff57513          	zext.b	a0,a0
    20c8:	00140413          	addi	s0,s0,1
    20cc:	000a80e7          	jalr	s5
    20d0:	800544e3          	bltz	a0,18d8 <__d_vfprintf+0x64>
    20d4:	00098513          	mv	a0,s3
    20d8:	00a00593          	li	a1,10
    20dc:	ff5fe0ef          	jal	10d0 <__modsi3>
    20e0:	00050993          	mv	s3,a0
    20e4:	0480006f          	j	212c <__d_vfprintf+0x8b8>
    20e8:	00070913          	mv	s2,a4
    20ec:	ee9ff06f          	j	1fd4 <__d_vfprintf+0x760>
    20f0:	01097813          	andi	a6,s2,16
    20f4:	00081663          	bnez	a6,2100 <__d_vfprintf+0x88c>
    20f8:	00140413          	addi	s0,s0,1
    20fc:	f05ff06f          	j	2000 <__d_vfprintf+0x78c>
    2100:	00c12583          	lw	a1,12(sp)
    2104:	02e00513          	li	a0,46
    2108:	00240413          	addi	s0,s0,2
    210c:	000a80e7          	jalr	s5
    2110:	ee0558e3          	bgez	a0,2000 <__d_vfprintf+0x78c>
    2114:	fc4ff06f          	j	18d8 <__d_vfprintf+0x64>
    2118:	00300793          	li	a5,3
    211c:	00240413          	addi	s0,s0,2
    2120:	f4fc8ee3          	beq	s9,a5,207c <__d_vfprintf+0x808>
    2124:	00100793          	li	a5,1
    2128:	f8fc94e3          	bne	s9,a5,20b0 <__d_vfprintf+0x83c>
    212c:	03098513          	addi	a0,s3,48
    2130:	00c12583          	lw	a1,12(sp)
    2134:	00140b93          	addi	s7,s0,1
    2138:	0ff57513          	zext.b	a0,a0
    213c:	e45ff06f          	j	1f80 <__d_vfprintf+0x70c>
    2140:	f9da0793          	addi	a5,s4,-99
    2144:	01200713          	li	a4,18
    2148:	20f76663          	bltu	a4,a5,2354 <__d_vfprintf+0xae0>
    214c:	00004737          	lui	a4,0x4
    2150:	00279793          	slli	a5,a5,0x2
    2154:	27070713          	addi	a4,a4,624 # 4270 <move_names+0x68>
    2158:	00e787b3          	add	a5,a5,a4
    215c:	0007a783          	lw	a5,0(a5)
    2160:	00078067          	jr	a5
    2164:	02412783          	lw	a5,36(sp)
    2168:	00100493          	li	s1,1
    216c:	02810993          	addi	s3,sp,40
    2170:	00478713          	addi	a4,a5,4
    2174:	0007a783          	lw	a5,0(a5)
    2178:	02e12223          	sw	a4,36(sp)
    217c:	02f10423          	sb	a5,40(sp)
    2180:	00897813          	andi	a6,s2,8
    2184:	06080e63          	beqz	a6,2200 <__d_vfprintf+0x98c>
    2188:	00000a13          	li	s4,0
    218c:	07449e63          	bne	s1,s4,2208 <__d_vfprintf+0x994>
    2190:	00940bb3          	add	s7,s0,s1
    2194:	409b04b3          	sub	s1,s6,s1
    2198:	b89ff06f          	j	1d20 <__d_vfprintf+0x4ac>
    219c:	02412783          	lw	a5,36(sp)
    21a0:	00478713          	addi	a4,a5,4
    21a4:	02e12223          	sw	a4,36(sp)
    21a8:	0007a983          	lw	s3,0(a5)
    21ac:	00099663          	bnez	s3,21b8 <__d_vfprintf+0x944>
    21b0:	000049b7          	lui	s3,0x4
    21b4:	1c498993          	addi	s3,s3,452 # 41c4 <__init_array_end+0xe4>
    21b8:	04097793          	andi	a5,s2,64
    21bc:	fff00593          	li	a1,-1
    21c0:	00078463          	beqz	a5,21c8 <__d_vfprintf+0x954>
    21c4:	000d8593          	mv	a1,s11
    21c8:	00098513          	mv	a0,s3
    21cc:	168010ef          	jal	3334 <strnlen>
    21d0:	00050493          	mv	s1,a0
    21d4:	fadff06f          	j	2180 <__d_vfprintf+0x90c>
    21d8:	00c12583          	lw	a1,12(sp)
    21dc:	02000513          	li	a0,32
    21e0:	000a80e7          	jalr	s5
    21e4:	ee054a63          	bltz	a0,18d8 <__d_vfprintf+0x64>
    21e8:	fffa0a13          	addi	s4,s4,-1
    21ec:	ff44e6e3          	bltu	s1,s4,21d8 <__d_vfprintf+0x964>
    21f0:	008b0433          	add	s0,s6,s0
    21f4:	41440433          	sub	s0,s0,s4
    21f8:	000a0b13          	mv	s6,s4
    21fc:	f8dff06f          	j	2188 <__d_vfprintf+0x914>
    2200:	000b0a13          	mv	s4,s6
    2204:	fe9ff06f          	j	21ec <__d_vfprintf+0x978>
    2208:	014987b3          	add	a5,s3,s4
    220c:	00c12583          	lw	a1,12(sp)
    2210:	0007c503          	lbu	a0,0(a5)
    2214:	001a0a13          	addi	s4,s4,1
    2218:	000a80e7          	jalr	s5
    221c:	f60558e3          	bgez	a0,218c <__d_vfprintf+0x918>
    2220:	eb8ff06f          	j	18d8 <__d_vfprintf+0x64>
    2224:	08097713          	andi	a4,s2,128
    2228:	02412783          	lw	a5,36(sp)
    222c:	08070663          	beqz	a4,22b8 <__d_vfprintf+0xa44>
    2230:	20097713          	andi	a4,s2,512
    2234:	06070863          	beqz	a4,22a4 <__d_vfprintf+0xa30>
    2238:	00778793          	addi	a5,a5,7
    223c:	ff87f793          	andi	a5,a5,-8
    2240:	0007a503          	lw	a0,0(a5)
    2244:	0047a583          	lw	a1,4(a5)
    2248:	00878713          	addi	a4,a5,8
    224c:	02e12223          	sw	a4,36(sp)
    2250:	0005dc63          	bgez	a1,2268 <__d_vfprintf+0x9f4>
    2254:	00a037b3          	snez	a5,a0
    2258:	40b005b3          	neg	a1,a1
    225c:	40f585b3          	sub	a1,a1,a5
    2260:	40a00533          	neg	a0,a0
    2264:	40096913          	ori	s2,s2,1024
    2268:	fef97b93          	andi	s7,s2,-17
    226c:	010b9b93          	slli	s7,s7,0x10
    2270:	00b567b3          	or	a5,a0,a1
    2274:	010bdb93          	srli	s7,s7,0x10
    2278:	00079a63          	bnez	a5,228c <__d_vfprintf+0xa18>
    227c:	04097813          	andi	a6,s2,64
    2280:	00080663          	beqz	a6,228c <__d_vfprintf+0xa18>
    2284:	00000993          	li	s3,0
    2288:	160d8c63          	beqz	s11,2400 <__d_vfprintf+0xb8c>
    228c:	02810993          	addi	s3,sp,40
    2290:	00a00693          	li	a3,10
    2294:	00098613          	mv	a2,s3
    2298:	b90ff0ef          	jal	1628 <__ultoa_invert>
    229c:	413509b3          	sub	s3,a0,s3
    22a0:	1600006f          	j	2400 <__d_vfprintf+0xb8c>
    22a4:	0007a503          	lw	a0,0(a5)
    22a8:	00478713          	addi	a4,a5,4
    22ac:	02e12223          	sw	a4,36(sp)
    22b0:	41f55593          	srai	a1,a0,0x1f
    22b4:	f9dff06f          	j	2250 <__d_vfprintf+0x9dc>
    22b8:	00478713          	addi	a4,a5,4
    22bc:	0007a503          	lw	a0,0(a5)
    22c0:	02e12223          	sw	a4,36(sp)
    22c4:	10097793          	andi	a5,s2,256
    22c8:	fe0784e3          	beqz	a5,22b0 <__d_vfprintf+0xa3c>
    22cc:	20097793          	andi	a5,s2,512
    22d0:	00078863          	beqz	a5,22e0 <__d_vfprintf+0xa6c>
    22d4:	01851513          	slli	a0,a0,0x18
    22d8:	41855513          	srai	a0,a0,0x18
    22dc:	fd5ff06f          	j	22b0 <__d_vfprintf+0xa3c>
    22e0:	01051513          	slli	a0,a0,0x10
    22e4:	41055513          	srai	a0,a0,0x10
    22e8:	fc9ff06f          	j	22b0 <__d_vfprintf+0xa3c>
    22ec:	fef97813          	andi	a6,s2,-17
    22f0:	01081913          	slli	s2,a6,0x10
    22f4:	01095913          	srli	s2,s2,0x10
    22f8:	00a00693          	li	a3,10
    22fc:	08097713          	andi	a4,s2,128
    2300:	02412783          	lw	a5,36(sp)
    2304:	0a070863          	beqz	a4,23b4 <__d_vfprintf+0xb40>
    2308:	20097713          	andi	a4,s2,512
    230c:	08070a63          	beqz	a4,23a0 <__d_vfprintf+0xb2c>
    2310:	00778793          	addi	a5,a5,7
    2314:	ff87f793          	andi	a5,a5,-8
    2318:	0007a503          	lw	a0,0(a5)
    231c:	0047a583          	lw	a1,4(a5)
    2320:	00878713          	addi	a4,a5,8
    2324:	02e12223          	sw	a4,36(sp)
    2328:	00b567b3          	or	a5,a0,a1
    232c:	0a078c63          	beqz	a5,23e4 <__d_vfprintf+0xb70>
    2330:	ff997b93          	andi	s7,s2,-7
    2334:	010b9b93          	slli	s7,s7,0x10
    2338:	010bdb93          	srli	s7,s7,0x10
    233c:	02810993          	addi	s3,sp,40
    2340:	f55ff06f          	j	2294 <__d_vfprintf+0xa20>
    2344:	01096913          	ori	s2,s2,16
    2348:	01000693          	li	a3,16
    234c:	07800a13          	li	s4,120
    2350:	fadff06f          	j	22fc <__d_vfprintf+0xa88>
    2354:	07800793          	li	a5,120
    2358:	00fb9863          	bne	s7,a5,2368 <__d_vfprintf+0xaf4>
    235c:	414b8bb3          	sub	s7,s7,s4
    2360:	010be693          	ori	a3,s7,16
    2364:	f99ff06f          	j	22fc <__d_vfprintf+0xa88>
    2368:	00c12583          	lw	a1,12(sp)
    236c:	02500513          	li	a0,37
    2370:	000a80e7          	jalr	s5
    2374:	d6054263          	bltz	a0,18d8 <__d_vfprintf+0x64>
    2378:	00c12583          	lw	a1,12(sp)
    237c:	000a0513          	mv	a0,s4
    2380:	000a80e7          	jalr	s5
    2384:	d4054a63          	bltz	a0,18d8 <__d_vfprintf+0x64>
    2388:	00240413          	addi	s0,s0,2
    238c:	000d0793          	mv	a5,s10
    2390:	d14ff06f          	j	18a4 <__d_vfprintf+0x30>
    2394:	00800693          	li	a3,8
    2398:	00000a13          	li	s4,0
    239c:	f61ff06f          	j	22fc <__d_vfprintf+0xa88>
    23a0:	0007a503          	lw	a0,0(a5)
    23a4:	00478713          	addi	a4,a5,4
    23a8:	02e12223          	sw	a4,36(sp)
    23ac:	00000593          	li	a1,0
    23b0:	f79ff06f          	j	2328 <__d_vfprintf+0xab4>
    23b4:	00478713          	addi	a4,a5,4
    23b8:	0007a503          	lw	a0,0(a5)
    23bc:	02e12223          	sw	a4,36(sp)
    23c0:	10097793          	andi	a5,s2,256
    23c4:	fe0784e3          	beqz	a5,23ac <__d_vfprintf+0xb38>
    23c8:	20097793          	andi	a5,s2,512
    23cc:	00078663          	beqz	a5,23d8 <__d_vfprintf+0xb64>
    23d0:	0ff57513          	zext.b	a0,a0
    23d4:	fd9ff06f          	j	23ac <__d_vfprintf+0xb38>
    23d8:	01051513          	slli	a0,a0,0x10
    23dc:	01055513          	srli	a0,a0,0x10
    23e0:	fcdff06f          	j	23ac <__d_vfprintf+0xb38>
    23e4:	fe997b93          	andi	s7,s2,-23
    23e8:	010b9b93          	slli	s7,s7,0x10
    23ec:	04097813          	andi	a6,s2,64
    23f0:	010bdb93          	srli	s7,s7,0x10
    23f4:	f40804e3          	beqz	a6,233c <__d_vfprintf+0xac8>
    23f8:	00000993          	li	s3,0
    23fc:	f40d90e3          	bnez	s11,233c <__d_vfprintf+0xac8>
    2400:	040bf793          	andi	a5,s7,64
    2404:	04078063          	beqz	a5,2444 <__d_vfprintf+0xbd0>
    2408:	ffebf793          	andi	a5,s7,-2
    240c:	01079c13          	slli	s8,a5,0x10
    2410:	010c5c13          	srli	s8,s8,0x10
    2414:	00098493          	mv	s1,s3
    2418:	01b9dc63          	bge	s3,s11,2430 <__d_vfprintf+0xbbc>
    241c:	000d8493          	mv	s1,s11
    2420:	000a1863          	bnez	s4,2430 <__d_vfprintf+0xbbc>
    2424:	feebf793          	andi	a5,s7,-18
    2428:	01079c13          	slli	s8,a5,0x10
    242c:	010c5c13          	srli	s8,s8,0x10
    2430:	010c7c93          	andi	s9,s8,16
    2434:	040c8663          	beqz	s9,2480 <__d_vfprintf+0xc0c>
    2438:	000a1c63          	bnez	s4,2450 <__d_vfprintf+0xbdc>
    243c:	00148493          	addi	s1,s1,1
    2440:	0140006f          	j	2454 <__d_vfprintf+0xbe0>
    2444:	00098493          	mv	s1,s3
    2448:	000b8c13          	mv	s8,s7
    244c:	fe5ff06f          	j	2430 <__d_vfprintf+0xbbc>
    2450:	00248493          	addi	s1,s1,2
    2454:	008c7793          	andi	a5,s8,8
    2458:	04079c63          	bnez	a5,24b0 <__d_vfprintf+0xc3c>
    245c:	001c7793          	andi	a5,s8,1
    2460:	00078c63          	beqz	a5,2478 <__d_vfprintf+0xc04>
    2464:	00098d93          	mv	s11,s3
    2468:	0164d863          	bge	s1,s6,2478 <__d_vfprintf+0xc04>
    246c:	409b04b3          	sub	s1,s6,s1
    2470:	01348db3          	add	s11,s1,s3
    2474:	000b0493          	mv	s1,s6
    2478:	00048b93          	mv	s7,s1
    247c:	0240006f          	j	24a0 <__d_vfprintf+0xc2c>
    2480:	406c7793          	andi	a5,s8,1030
    2484:	fc0788e3          	beqz	a5,2454 <__d_vfprintf+0xbe0>
    2488:	fb5ff06f          	j	243c <__d_vfprintf+0xbc8>
    248c:	00c12583          	lw	a1,12(sp)
    2490:	02000513          	li	a0,32
    2494:	000a80e7          	jalr	s5
    2498:	c4054063          	bltz	a0,18d8 <__d_vfprintf+0x64>
    249c:	001b8b93          	addi	s7,s7,1
    24a0:	ff6bc6e3          	blt	s7,s6,248c <__d_vfprintf+0xc18>
    24a4:	409404b3          	sub	s1,s0,s1
    24a8:	01748433          	add	s0,s1,s7
    24ac:	000b8493          	mv	s1,s7
    24b0:	020c8a63          	beqz	s9,24e4 <__d_vfprintf+0xc70>
    24b4:	00c12583          	lw	a1,12(sp)
    24b8:	03000513          	li	a0,48
    24bc:	000a80e7          	jalr	s5
    24c0:	c0054c63          	bltz	a0,18d8 <__d_vfprintf+0x64>
    24c4:	060a0e63          	beqz	s4,2540 <__d_vfprintf+0xccc>
    24c8:	00c12583          	lw	a1,12(sp)
    24cc:	00240413          	addi	s0,s0,2
    24d0:	000a0513          	mv	a0,s4
    24d4:	000a80e7          	jalr	s5
    24d8:	c0054063          	bltz	a0,18d8 <__d_vfprintf+0x64>
    24dc:	01b40a33          	add	s4,s0,s11
    24e0:	0480006f          	j	2528 <__d_vfprintf+0xcb4>
    24e4:	406c7793          	andi	a5,s8,1030
    24e8:	fe078ae3          	beqz	a5,24dc <__d_vfprintf+0xc68>
    24ec:	002c7713          	andi	a4,s8,2
    24f0:	02b00513          	li	a0,43
    24f4:	00071463          	bnez	a4,24fc <__d_vfprintf+0xc88>
    24f8:	02000513          	li	a0,32
    24fc:	400c7793          	andi	a5,s8,1024
    2500:	00078463          	beqz	a5,2508 <__d_vfprintf+0xc94>
    2504:	02d00513          	li	a0,45
    2508:	00c12583          	lw	a1,12(sp)
    250c:	00140413          	addi	s0,s0,1
    2510:	fc5ff06f          	j	24d4 <__d_vfprintf+0xc60>
    2514:	00c12583          	lw	a1,12(sp)
    2518:	03000513          	li	a0,48
    251c:	00140413          	addi	s0,s0,1
    2520:	000a80e7          	jalr	s5
    2524:	ba054a63          	bltz	a0,18d8 <__d_vfprintf+0x64>
    2528:	408a07b3          	sub	a5,s4,s0
    252c:	fef9c4e3          	blt	s3,a5,2514 <__d_vfprintf+0xca0>
    2530:	00098a13          	mv	s4,s3
    2534:	000a1a63          	bnez	s4,2548 <__d_vfprintf+0xcd4>
    2538:	00898bb3          	add	s7,s3,s0
    253c:	c59ff06f          	j	2194 <__d_vfprintf+0x920>
    2540:	00140413          	addi	s0,s0,1
    2544:	f99ff06f          	j	24dc <__d_vfprintf+0xc68>
    2548:	fffa0a13          	addi	s4,s4,-1
    254c:	02810793          	addi	a5,sp,40
    2550:	014787b3          	add	a5,a5,s4
    2554:	00c12583          	lw	a1,12(sp)
    2558:	0007c503          	lbu	a0,0(a5)
    255c:	000a80e7          	jalr	s5
    2560:	fc055ae3          	bgez	a0,2534 <__d_vfprintf+0xcc0>
    2564:	b74ff06f          	j	18d8 <__d_vfprintf+0x64>
    2568:	00c12583          	lw	a1,12(sp)
    256c:	02000513          	li	a0,32
    2570:	00140413          	addi	s0,s0,1
    2574:	000a80e7          	jalr	s5
    2578:	b6054063          	bltz	a0,18d8 <__d_vfprintf+0x64>
    257c:	408487b3          	sub	a5,s1,s0
    2580:	fef044e3          	bgtz	a5,2568 <__d_vfprintf+0xcf4>
    2584:	e09ff06f          	j	238c <__d_vfprintf+0xb18>

00002588 <mulShiftAll64>:
    2588:	9f5fe2ef          	jal	t0,f7c <__riscv_save_10>
    258c:	00060493          	mv	s1,a2
    2590:	00159913          	slli	s2,a1,0x1
    2594:	00062603          	lw	a2,0(a2)
    2598:	00068a93          	mv	s5,a3
    259c:	00078993          	mv	s3,a5
    25a0:	0044a683          	lw	a3,4(s1)
    25a4:	01f55793          	srli	a5,a0,0x1f
    25a8:	ff010113          	addi	sp,sp,-16
    25ac:	0127e933          	or	s2,a5,s2
    25b0:	00151413          	slli	s0,a0,0x1
    25b4:	00040513          	mv	a0,s0
    25b8:	00090593          	mv	a1,s2
    25bc:	00070b93          	mv	s7,a4
    25c0:	00010713          	mv	a4,sp
    25c4:	00080b13          	mv	s6,a6
    25c8:	479000ef          	jal	3240 <__umul128>
    25cc:	00c4a683          	lw	a3,12(s1)
    25d0:	0084a603          	lw	a2,8(s1)
    25d4:	00810713          	addi	a4,sp,8
    25d8:	00050c93          	mv	s9,a0
    25dc:	00058c13          	mv	s8,a1
    25e0:	00040513          	mv	a0,s0
    25e4:	00090593          	mv	a1,s2
    25e8:	459000ef          	jal	3240 <__umul128>
    25ec:	00012683          	lw	a3,0(sp)
    25f0:	00412703          	lw	a4,4(sp)
    25f4:	00100793          	li	a5,1
    25f8:	00d50933          	add	s2,a0,a3
    25fc:	00a93533          	sltu	a0,s2,a0
    2600:	00e585b3          	add	a1,a1,a4
    2604:	00b50433          	add	s0,a0,a1
    2608:	00e46863          	bltu	s0,a4,2618 <mulShiftAll64+0x90>
    260c:	00871463          	bne	a4,s0,2614 <mulShiftAll64+0x8c>
    2610:	00d96463          	bltu	s2,a3,2618 <mulShiftAll64+0x90>
    2614:	00000793          	li	a5,0
    2618:	00812603          	lw	a2,8(sp)
    261c:	00c12703          	lw	a4,12(sp)
    2620:	00c78633          	add	a2,a5,a2
    2624:	00f637b3          	sltu	a5,a2,a5
    2628:	00e786b3          	add	a3,a5,a4
    262c:	0004a703          	lw	a4,0(s1)
    2630:	0044a783          	lw	a5,4(s1)
    2634:	00c12423          	sw	a2,8(sp)
    2638:	00ec8733          	add	a4,s9,a4
    263c:	00fc07b3          	add	a5,s8,a5
    2640:	019735b3          	sltu	a1,a4,s9
    2644:	00f585b3          	add	a1,a1,a5
    2648:	00d12623          	sw	a3,12(sp)
    264c:	00100793          	li	a5,1
    2650:	0185e863          	bltu	a1,s8,2660 <mulShiftAll64+0xd8>
    2654:	00bc1463          	bne	s8,a1,265c <mulShiftAll64+0xd4>
    2658:	01976463          	bltu	a4,s9,2660 <mulShiftAll64+0xd8>
    265c:	00000793          	li	a5,0
    2660:	0084a703          	lw	a4,8(s1)
    2664:	00c4a503          	lw	a0,12(s1)
    2668:	fbfa8a13          	addi	s4,s5,-65
    266c:	00e90733          	add	a4,s2,a4
    2670:	00a40533          	add	a0,s0,a0
    2674:	012735b3          	sltu	a1,a4,s2
    2678:	00a585b3          	add	a1,a1,a0
    267c:	00e78533          	add	a0,a5,a4
    2680:	00f537b3          	sltu	a5,a0,a5
    2684:	00b785b3          	add	a1,a5,a1
    2688:	00100793          	li	a5,1
    268c:	0085e863          	bltu	a1,s0,269c <mulShiftAll64+0x114>
    2690:	00b41463          	bne	s0,a1,2698 <mulShiftAll64+0x110>
    2694:	01256463          	bltu	a0,s2,269c <mulShiftAll64+0x114>
    2698:	00000793          	li	a5,0
    269c:	00c78633          	add	a2,a5,a2
    26a0:	00f637b3          	sltu	a5,a2,a5
    26a4:	000a0713          	mv	a4,s4
    26a8:	00d786b3          	add	a3,a5,a3
    26ac:	441000ef          	jal	32ec <__shiftright128>
    26b0:	00aba023          	sw	a0,0(s7)
    26b4:	00bba223          	sw	a1,4(s7)
    26b8:	00100793          	li	a5,1
    26bc:	00812883          	lw	a7,8(sp)
    26c0:	00c12803          	lw	a6,12(sp)
    26c4:	0044a583          	lw	a1,4(s1)
    26c8:	0084a503          	lw	a0,8(s1)
    26cc:	00c4a703          	lw	a4,12(s1)
    26d0:	08fb1463          	bne	s6,a5,2758 <mulShiftAll64+0x1d0>
    26d4:	40a906b3          	sub	a3,s2,a0
    26d8:	00d93633          	sltu	a2,s2,a3
    26dc:	40e407b3          	sub	a5,s0,a4
    26e0:	40c787b3          	sub	a5,a5,a2
    26e4:	00100513          	li	a0,1
    26e8:	00bc6a63          	bltu	s8,a1,26fc <mulShiftAll64+0x174>
    26ec:	01859663          	bne	a1,s8,26f8 <mulShiftAll64+0x170>
    26f0:	0004a703          	lw	a4,0(s1)
    26f4:	00ece463          	bltu	s9,a4,26fc <mulShiftAll64+0x174>
    26f8:	00000513          	li	a0,0
    26fc:	40a68533          	sub	a0,a3,a0
    2700:	00a6b6b3          	sltu	a3,a3,a0
    2704:	40d785b3          	sub	a1,a5,a3
    2708:	00100613          	li	a2,1
    270c:	00b46863          	bltu	s0,a1,271c <mulShiftAll64+0x194>
    2710:	00859463          	bne	a1,s0,2718 <mulShiftAll64+0x190>
    2714:	00a96463          	bltu	s2,a0,271c <mulShiftAll64+0x194>
    2718:	00000613          	li	a2,0
    271c:	40c88633          	sub	a2,a7,a2
    2720:	00c8b6b3          	sltu	a3,a7,a2
    2724:	000a0713          	mv	a4,s4
    2728:	40d806b3          	sub	a3,a6,a3
    272c:	3c1000ef          	jal	32ec <__shiftright128>
    2730:	00812603          	lw	a2,8(sp)
    2734:	00c12683          	lw	a3,12(sp)
    2738:	00a9a023          	sw	a0,0(s3)
    273c:	00b9a223          	sw	a1,4(s3)
    2740:	000a0713          	mv	a4,s4
    2744:	00090513          	mv	a0,s2
    2748:	00040593          	mv	a1,s0
    274c:	3a1000ef          	jal	32ec <__shiftright128>
    2750:	01010113          	addi	sp,sp,16
    2754:	895fe06f          	j	fe8 <__riscv_restore_10>
    2758:	01fcd793          	srli	a5,s9,0x1f
    275c:	001c1613          	slli	a2,s8,0x1
    2760:	00c7e633          	or	a2,a5,a2
    2764:	01f95693          	srli	a3,s2,0x1f
    2768:	00141793          	slli	a5,s0,0x1
    276c:	001c9e93          	slli	t4,s9,0x1
    2770:	00f6e7b3          	or	a5,a3,a5
    2774:	00191313          	slli	t1,s2,0x1
    2778:	00100e13          	li	t3,1
    277c:	01866863          	bltu	a2,s8,278c <mulShiftAll64+0x204>
    2780:	00cc1463          	bne	s8,a2,2788 <mulShiftAll64+0x200>
    2784:	019ee463          	bltu	t4,s9,278c <mulShiftAll64+0x204>
    2788:	00000e13          	li	t3,0
    278c:	01c30e33          	add	t3,t1,t3
    2790:	006e3333          	sltu	t1,t3,t1
    2794:	00f30333          	add	t1,t1,a5
    2798:	00100793          	li	a5,1
    279c:	00b66a63          	bltu	a2,a1,27b0 <mulShiftAll64+0x228>
    27a0:	00c59663          	bne	a1,a2,27ac <mulShiftAll64+0x224>
    27a4:	0004a683          	lw	a3,0(s1)
    27a8:	00dee463          	bltu	t4,a3,27b0 <mulShiftAll64+0x228>
    27ac:	00000793          	li	a5,0
    27b0:	40fe07b3          	sub	a5,t3,a5
    27b4:	00fe35b3          	sltu	a1,t3,a5
    27b8:	40b305b3          	sub	a1,t1,a1
    27bc:	40a78533          	sub	a0,a5,a0
    27c0:	00a7b7b3          	sltu	a5,a5,a0
    27c4:	40e585b3          	sub	a1,a1,a4
    27c8:	01f8d693          	srli	a3,a7,0x1f
    27cc:	40f585b3          	sub	a1,a1,a5
    27d0:	00181793          	slli	a5,a6,0x1
    27d4:	00f6e7b3          	or	a5,a3,a5
    27d8:	fc0a8713          	addi	a4,s5,-64
    27dc:	00189893          	slli	a7,a7,0x1
    27e0:	00100693          	li	a3,1
    27e4:	00836863          	bltu	t1,s0,27f4 <mulShiftAll64+0x26c>
    27e8:	00641463          	bne	s0,t1,27f0 <mulShiftAll64+0x268>
    27ec:	012e6463          	bltu	t3,s2,27f4 <mulShiftAll64+0x26c>
    27f0:	00000693          	li	a3,0
    27f4:	00d886b3          	add	a3,a7,a3
    27f8:	0116b8b3          	sltu	a7,a3,a7
    27fc:	00f888b3          	add	a7,a7,a5
    2800:	00100613          	li	a2,1
    2804:	00b36863          	bltu	t1,a1,2814 <mulShiftAll64+0x28c>
    2808:	00659463          	bne	a1,t1,2810 <mulShiftAll64+0x288>
    280c:	00ae6463          	bltu	t3,a0,2814 <mulShiftAll64+0x28c>
    2810:	00000613          	li	a2,0
    2814:	40c68633          	sub	a2,a3,a2
    2818:	00c6b6b3          	sltu	a3,a3,a2
    281c:	40d886b3          	sub	a3,a7,a3
    2820:	f0dff06f          	j	272c <mulShiftAll64+0x1a4>

00002824 <div10>:
    2824:	fa4fe2ef          	jal	t0,fc8 <__riscv_save_0>
    2828:	000047b7          	lui	a5,0x4
    282c:	7007a603          	lw	a2,1792(a5) # 4700 <__clz_tab+0x104>
    2830:	7047a683          	lw	a3,1796(a5)
    2834:	ff010113          	addi	sp,sp,-16
    2838:	00810713          	addi	a4,sp,8
    283c:	205000ef          	jal	3240 <__umul128>
    2840:	00c12583          	lw	a1,12(sp)
    2844:	00812783          	lw	a5,8(sp)
    2848:	01d59513          	slli	a0,a1,0x1d
    284c:	0037d793          	srli	a5,a5,0x3
    2850:	00f56533          	or	a0,a0,a5
    2854:	0035d593          	srli	a1,a1,0x3
    2858:	01010113          	addi	sp,sp,16
    285c:	fb4fe06f          	j	1010 <__riscv_restore_0>

00002860 <__dtoa_engine>:
    2860:	f0cfe2ef          	jal	t0,f6c <__riscv_save_12>
    2864:	fa010113          	addi	sp,sp,-96
    2868:	00068c13          	mv	s8,a3
    286c:	001006b7          	lui	a3,0x100
    2870:	00f12c23          	sw	a5,24(sp)
    2874:	fff68993          	addi	s3,a3,-1 # fffff <__stack_size+0xeffff>
    2878:	0145d793          	srli	a5,a1,0x14
    287c:	00e12a23          	sw	a4,20(sp)
    2880:	00b9f9b3          	and	s3,s3,a1
    2884:	7ff7f913          	andi	s2,a5,2047
    2888:	00050c93          	mv	s9,a0
    288c:	00060b93          	mv	s7,a2
    2890:	01f5da93          	srli	s5,a1,0x1f
    2894:	00a9e733          	or	a4,s3,a0
    2898:	02091663          	bnez	s2,28c4 <__dtoa_engine+0x64>
    289c:	14071263          	bnez	a4,29e0 <__dtoa_engine+0x180>
    28a0:	03000793          	li	a5,48
    28a4:	002aea93          	ori	s5,s5,2
    28a8:	00f602a3          	sb	a5,5(a2)
    28ac:	01560223          	sb	s5,4(a2)
    28b0:	00062023          	sw	zero,0(a2)
    28b4:	00100413          	li	s0,1
    28b8:	00040513          	mv	a0,s0
    28bc:	06010113          	addi	sp,sp,96
    28c0:	f20fe06f          	j	fe0 <__riscv_restore_12>
    28c4:	7ff00613          	li	a2,2047
    28c8:	00c91e63          	bne	s2,a2,28e4 <__dtoa_engine+0x84>
    28cc:	004ae793          	ori	a5,s5,4
    28d0:	00070463          	beqz	a4,28d8 <__dtoa_engine+0x78>
    28d4:	008ae793          	ori	a5,s5,8
    28d8:	00fb8223          	sb	a5,4(s7)
    28dc:	00000413          	li	s0,0
    28e0:	fd9ff06f          	j	28b8 <__dtoa_engine+0x58>
    28e4:	bcb90913          	addi	s2,s2,-1077
    28e8:	0136e9b3          	or	s3,a3,s3
    28ec:	001cf693          	andi	a3,s9,1
    28f0:	00d12823          	sw	a3,16(sp)
    28f4:	00299a13          	slli	s4,s3,0x2
    28f8:	01ecd693          	srli	a3,s9,0x1e
    28fc:	0146ea33          	or	s4,a3,s4
    2900:	002c9493          	slli	s1,s9,0x2
    2904:	00100d13          	li	s10,1
    2908:	00071663          	bnez	a4,2914 <__dtoa_engine+0xb4>
    290c:	7fe7f793          	andi	a5,a5,2046
    2910:	0017bd13          	seqz	s10,a5
    2914:	14094463          	bltz	s2,2a5c <__dtoa_engine+0x1fc>
    2918:	00090513          	mv	a0,s2
    291c:	574000ef          	jal	2e90 <__log10Pow2>
    2920:	00492793          	slti	a5,s2,4
    2924:	0017b793          	seqz	a5,a5
    2928:	40f50b33          	sub	s6,a0,a5
    292c:	000b0513          	mv	a0,s6
    2930:	590000ef          	jal	2ec0 <__pow5bits>
    2934:	07c50693          	addi	a3,a0,124
    2938:	412b0933          	sub	s2,s6,s2
    293c:	012686b3          	add	a3,a3,s2
    2940:	05010593          	addi	a1,sp,80
    2944:	000b0513          	mv	a0,s6
    2948:	00d12623          	sw	a3,12(sp)
    294c:	75c000ef          	jal	30a8 <__double_computeInvPow5>
    2950:	00c12683          	lw	a3,12(sp)
    2954:	04010793          	addi	a5,sp,64
    2958:	00098593          	mv	a1,s3
    295c:	000d0813          	mv	a6,s10
    2960:	03810713          	addi	a4,sp,56
    2964:	05010613          	addi	a2,sp,80
    2968:	000c8513          	mv	a0,s9
    296c:	c1dff0ef          	jal	2588 <mulShiftAll64>
    2970:	01500793          	li	a5,21
    2974:	00050913          	mv	s2,a0
    2978:	00058993          	mv	s3,a1
    297c:	0d67ec63          	bltu	a5,s6,2a54 <__dtoa_engine+0x1f4>
    2980:	000047b7          	lui	a5,0x4
    2984:	7007a603          	lw	a2,1792(a5) # 4700 <__clz_tab+0x104>
    2988:	7047a683          	lw	a3,1796(a5)
    298c:	04810713          	addi	a4,sp,72
    2990:	00048513          	mv	a0,s1
    2994:	000a0593          	mv	a1,s4
    2998:	0a9000ef          	jal	3240 <__umul128>
    299c:	04c12703          	lw	a4,76(sp)
    29a0:	04812783          	lw	a5,72(sp)
    29a4:	03812c83          	lw	s9,56(sp)
    29a8:	01e71713          	slli	a4,a4,0x1e
    29ac:	0027d793          	srli	a5,a5,0x2
    29b0:	00f767b3          	or	a5,a4,a5
    29b4:	00279713          	slli	a4,a5,0x2
    29b8:	00f70733          	add	a4,a4,a5
    29bc:	03c12d83          	lw	s11,60(sp)
    29c0:	02971463          	bne	a4,s1,29e8 <__dtoa_engine+0x188>
    29c4:	00048513          	mv	a0,s1
    29c8:	000a0593          	mv	a1,s4
    29cc:	510000ef          	jal	2edc <__pow5Factor>
    29d0:	016537b3          	sltu	a5,a0,s6
    29d4:	0017cd93          	xori	s11,a5,1
    29d8:	00000d13          	li	s10,0
    29dc:	03c0006f          	j	2a18 <__dtoa_engine+0x1b8>
    29e0:	bcc00913          	li	s2,-1076
    29e4:	f09ff06f          	j	28ec <__dtoa_engine+0x8c>
    29e8:	01012783          	lw	a5,16(sp)
    29ec:	02079e63          	bnez	a5,2a28 <__dtoa_engine+0x1c8>
    29f0:	fff48793          	addi	a5,s1,-1
    29f4:	41a78533          	sub	a0,a5,s10
    29f8:	0014b593          	seqz	a1,s1
    29fc:	00a7b7b3          	sltu	a5,a5,a0
    2a00:	40ba05b3          	sub	a1,s4,a1
    2a04:	40f585b3          	sub	a1,a1,a5
    2a08:	4d4000ef          	jal	2edc <__pow5Factor>
    2a0c:	01653833          	sltu	a6,a0,s6
    2a10:	00184d13          	xori	s10,a6,1
    2a14:	00000d93          	li	s11,0
    2a18:	01412783          	lw	a5,20(sp)
    2a1c:	20079463          	bnez	a5,2c24 <__dtoa_engine+0x3c4>
    2a20:	000c0413          	mv	s0,s8
    2a24:	13c0006f          	j	2b60 <__dtoa_engine+0x300>
    2a28:	00248513          	addi	a0,s1,2
    2a2c:	009535b3          	sltu	a1,a0,s1
    2a30:	014585b3          	add	a1,a1,s4
    2a34:	4a8000ef          	jal	2edc <__pow5Factor>
    2a38:	01653533          	sltu	a0,a0,s6
    2a3c:	00153513          	seqz	a0,a0
    2a40:	40ac8533          	sub	a0,s9,a0
    2a44:	00acbcb3          	sltu	s9,s9,a0
    2a48:	419d87b3          	sub	a5,s11,s9
    2a4c:	02a12c23          	sw	a0,56(sp)
    2a50:	02f12e23          	sw	a5,60(sp)
    2a54:	00000d93          	li	s11,0
    2a58:	f81ff06f          	j	29d8 <__dtoa_engine+0x178>
    2a5c:	41200433          	neg	s0,s2
    2a60:	00040513          	mv	a0,s0
    2a64:	444000ef          	jal	2ea8 <__log10Pow5>
    2a68:	fff92713          	slti	a4,s2,-1
    2a6c:	40e50db3          	sub	s11,a0,a4
    2a70:	01b90b33          	add	s6,s2,s11
    2a74:	41b40933          	sub	s2,s0,s11
    2a78:	00090513          	mv	a0,s2
    2a7c:	444000ef          	jal	2ec0 <__pow5bits>
    2a80:	f8350693          	addi	a3,a0,-125
    2a84:	40dd86b3          	sub	a3,s11,a3
    2a88:	00090513          	mv	a0,s2
    2a8c:	05010593          	addi	a1,sp,80
    2a90:	00d12623          	sw	a3,12(sp)
    2a94:	48c000ef          	jal	2f20 <__double_computePow5>
    2a98:	00c12683          	lw	a3,12(sp)
    2a9c:	04010793          	addi	a5,sp,64
    2aa0:	00098593          	mv	a1,s3
    2aa4:	000d0813          	mv	a6,s10
    2aa8:	03810713          	addi	a4,sp,56
    2aac:	05010613          	addi	a2,sp,80
    2ab0:	000c8513          	mv	a0,s9
    2ab4:	ad5ff0ef          	jal	2588 <mulShiftAll64>
    2ab8:	00100793          	li	a5,1
    2abc:	00050913          	mv	s2,a0
    2ac0:	00058993          	mv	s3,a1
    2ac4:	03b7ea63          	bltu	a5,s11,2af8 <__dtoa_engine+0x298>
    2ac8:	01012783          	lw	a5,16(sp)
    2acc:	00100d93          	li	s11,1
    2ad0:	f40784e3          	beqz	a5,2a18 <__dtoa_engine+0x1b8>
    2ad4:	03812783          	lw	a5,56(sp)
    2ad8:	03c12703          	lw	a4,60(sp)
    2adc:	00100d93          	li	s11,1
    2ae0:	fff78693          	addi	a3,a5,-1
    2ae4:	0017b793          	seqz	a5,a5
    2ae8:	40f707b3          	sub	a5,a4,a5
    2aec:	02d12c23          	sw	a3,56(sp)
    2af0:	02f12e23          	sw	a5,60(sp)
    2af4:	ee5ff06f          	j	29d8 <__dtoa_engine+0x178>
    2af8:	03e00793          	li	a5,62
    2afc:	f5b7ece3          	bltu	a5,s11,2a54 <__dtoa_engine+0x1f4>
    2b00:	000d8613          	mv	a2,s11
    2b04:	fff00513          	li	a0,-1
    2b08:	fff00593          	li	a1,-1
    2b0c:	241000ef          	jal	354c <__ashldi3>
    2b10:	fff54513          	not	a0,a0
    2b14:	fff5c593          	not	a1,a1
    2b18:	00957533          	and	a0,a0,s1
    2b1c:	0145f5b3          	and	a1,a1,s4
    2b20:	00b567b3          	or	a5,a0,a1
    2b24:	0017bd93          	seqz	s11,a5
    2b28:	eb1ff06f          	j	29d8 <__dtoa_engine+0x178>
    2b2c:	00a00613          	li	a2,10
    2b30:	00000693          	li	a3,0
    2b34:	00140413          	addi	s0,s0,1
    2b38:	518010ef          	jal	4050 <__muldi3>
    2b3c:	00b9e663          	bltu	s3,a1,2b48 <__dtoa_engine+0x2e8>
    2b40:	ff3596e3          	bne	a1,s3,2b2c <__dtoa_engine+0x2cc>
    2b44:	fea974e3          	bgeu	s2,a0,2b2c <__dtoa_engine+0x2cc>
    2b48:	01812783          	lw	a5,24(sp)
    2b4c:	01640433          	add	s0,s0,s6
    2b50:	00878433          	add	s0,a5,s0
    2b54:	00804463          	bgtz	s0,2b5c <__dtoa_engine+0x2fc>
    2b58:	00100413          	li	s0,1
    2b5c:	ec8c42e3          	blt	s8,s0,2a20 <__dtoa_engine+0x1c0>
    2b60:	00000493          	li	s1,0
    2b64:	00000a13          	li	s4,0
    2b68:	00012623          	sw	zero,12(sp)
    2b6c:	03812503          	lw	a0,56(sp)
    2b70:	03c12583          	lw	a1,60(sp)
    2b74:	cb1ff0ef          	jal	2824 <div10>
    2b78:	04012783          	lw	a5,64(sp)
    2b7c:	00058c93          	mv	s9,a1
    2b80:	04412583          	lw	a1,68(sp)
    2b84:	00a12e23          	sw	a0,28(sp)
    2b88:	00078513          	mv	a0,a5
    2b8c:	02f12023          	sw	a5,32(sp)
    2b90:	c95ff0ef          	jal	2824 <div10>
    2b94:	00050893          	mv	a7,a0
    2b98:	00058313          	mv	t1,a1
    2b9c:	0195e863          	bltu	a1,s9,2bac <__dtoa_engine+0x34c>
    2ba0:	0ebc9263          	bne	s9,a1,2c84 <__dtoa_engine+0x424>
    2ba4:	01c12783          	lw	a5,28(sp)
    2ba8:	0cf57e63          	bgeu	a0,a5,2c84 <__dtoa_engine+0x424>
    2bac:	00090513          	mv	a0,s2
    2bb0:	00098593          	mv	a1,s3
    2bb4:	02612423          	sw	t1,40(sp)
    2bb8:	03112223          	sw	a7,36(sp)
    2bbc:	c69ff0ef          	jal	2824 <div10>
    2bc0:	02412883          	lw	a7,36(sp)
    2bc4:	02012783          	lw	a5,32(sp)
    2bc8:	0014b493          	seqz	s1,s1
    2bcc:	00289713          	slli	a4,a7,0x2
    2bd0:	01170733          	add	a4,a4,a7
    2bd4:	00171713          	slli	a4,a4,0x1
    2bd8:	009dfdb3          	and	s11,s11,s1
    2bdc:	00251493          	slli	s1,a0,0x2
    2be0:	40f70733          	sub	a4,a4,a5
    2be4:	02812303          	lw	t1,40(sp)
    2be8:	01c12783          	lw	a5,28(sp)
    2bec:	00a484b3          	add	s1,s1,a0
    2bf0:	00149493          	slli	s1,s1,0x1
    2bf4:	409904b3          	sub	s1,s2,s1
    2bf8:	00173713          	seqz	a4,a4
    2bfc:	00ed7d33          	and	s10,s10,a4
    2c00:	0ff4f493          	zext.b	s1,s1
    2c04:	02f12c23          	sw	a5,56(sp)
    2c08:	03912e23          	sw	s9,60(sp)
    2c0c:	05112023          	sw	a7,64(sp)
    2c10:	04612223          	sw	t1,68(sp)
    2c14:	001a0a13          	addi	s4,s4,1
    2c18:	00050913          	mv	s2,a0
    2c1c:	00058993          	mv	s3,a1
    2c20:	f4dff06f          	j	2b6c <__dtoa_engine+0x30c>
    2c24:	00a00513          	li	a0,10
    2c28:	00000593          	li	a1,0
    2c2c:	00100413          	li	s0,1
    2c30:	f0dff06f          	j	2b3c <__dtoa_engine+0x2dc>
    2c34:	00170713          	addi	a4,a4,1
    2c38:	00a00613          	li	a2,10
    2c3c:	00000693          	li	a3,0
    2c40:	02612623          	sw	t1,44(sp)
    2c44:	03112423          	sw	a7,40(sp)
    2c48:	02e12223          	sw	a4,36(sp)
    2c4c:	404010ef          	jal	4050 <__muldi3>
    2c50:	02412703          	lw	a4,36(sp)
    2c54:	02812883          	lw	a7,40(sp)
    2c58:	02c12303          	lw	t1,44(sp)
    2c5c:	00b9e663          	bltu	s3,a1,2c68 <__dtoa_engine+0x408>
    2c60:	fd359ae3          	bne	a1,s3,2c34 <__dtoa_engine+0x3d4>
    2c64:	fca978e3          	bgeu	s2,a0,2c34 <__dtoa_engine+0x3d4>
    2c68:	02e45663          	bge	s0,a4,2c94 <__dtoa_engine+0x434>
    2c6c:	00041663          	bnez	s0,2c78 <__dtoa_engine+0x418>
    2c70:	01396733          	or	a4,s2,s3
    2c74:	02070063          	beqz	a4,2c94 <__dtoa_engine+0x434>
    2c78:	00100793          	li	a5,1
    2c7c:	00f12623          	sw	a5,12(sp)
    2c80:	f2dff06f          	j	2bac <__dtoa_engine+0x34c>
    2c84:	00a00513          	li	a0,10
    2c88:	00000593          	li	a1,0
    2c8c:	00100713          	li	a4,1
    2c90:	fcdff06f          	j	2c5c <__dtoa_engine+0x3fc>
    2c94:	080d0e63          	beqz	s10,2d30 <__dtoa_engine+0x4d0>
    2c98:	04012603          	lw	a2,64(sp)
    2c9c:	04412583          	lw	a1,68(sp)
    2ca0:	00060513          	mv	a0,a2
    2ca4:	00c12e23          	sw	a2,28(sp)
    2ca8:	b7dff0ef          	jal	2824 <div10>
    2cac:	00251713          	slli	a4,a0,0x2
    2cb0:	01c12603          	lw	a2,28(sp)
    2cb4:	00a70733          	add	a4,a4,a0
    2cb8:	02b12223          	sw	a1,36(sp)
    2cbc:	00171713          	slli	a4,a4,0x1
    2cc0:	00050c93          	mv	s9,a0
    2cc4:	06c71663          	bne	a4,a2,2d30 <__dtoa_engine+0x4d0>
    2cc8:	03812503          	lw	a0,56(sp)
    2ccc:	03c12583          	lw	a1,60(sp)
    2cd0:	0014b493          	seqz	s1,s1
    2cd4:	009dfdb3          	and	s11,s11,s1
    2cd8:	b4dff0ef          	jal	2824 <div10>
    2cdc:	02a12023          	sw	a0,32(sp)
    2ce0:	00b12e23          	sw	a1,28(sp)
    2ce4:	00090513          	mv	a0,s2
    2ce8:	00098593          	mv	a1,s3
    2cec:	b39ff0ef          	jal	2824 <div10>
    2cf0:	00251493          	slli	s1,a0,0x2
    2cf4:	02012603          	lw	a2,32(sp)
    2cf8:	01c12703          	lw	a4,28(sp)
    2cfc:	02412683          	lw	a3,36(sp)
    2d00:	00a484b3          	add	s1,s1,a0
    2d04:	00149493          	slli	s1,s1,0x1
    2d08:	409904b3          	sub	s1,s2,s1
    2d0c:	0ff4f493          	zext.b	s1,s1
    2d10:	02c12c23          	sw	a2,56(sp)
    2d14:	02e12e23          	sw	a4,60(sp)
    2d18:	05912023          	sw	s9,64(sp)
    2d1c:	04d12223          	sw	a3,68(sp)
    2d20:	001a0a13          	addi	s4,s4,1
    2d24:	00050913          	mv	s2,a0
    2d28:	00058993          	mv	s3,a1
    2d2c:	f6dff06f          	j	2c98 <__dtoa_engine+0x438>
    2d30:	000d8a63          	beqz	s11,2d44 <__dtoa_engine+0x4e4>
    2d34:	00500793          	li	a5,5
    2d38:	00f49663          	bne	s1,a5,2d44 <__dtoa_engine+0x4e4>
    2d3c:	00197493          	andi	s1,s2,1
    2d40:	00448493          	addi	s1,s1,4
    2d44:	00c12783          	lw	a5,12(sp)
    2d48:	014b0a33          	add	s4,s6,s4
    2d4c:	02079263          	bnez	a5,2d70 <__dtoa_engine+0x510>
    2d50:	04012783          	lw	a5,64(sp)
    2d54:	01279e63          	bne	a5,s2,2d70 <__dtoa_engine+0x510>
    2d58:	04412783          	lw	a5,68(sp)
    2d5c:	01379a63          	bne	a5,s3,2d70 <__dtoa_engine+0x510>
    2d60:	01012783          	lw	a5,16(sp)
    2d64:	00100d93          	li	s11,1
    2d68:	00079863          	bnez	a5,2d78 <__dtoa_engine+0x518>
    2d6c:	000d0663          	beqz	s10,2d78 <__dtoa_engine+0x518>
    2d70:	0054b493          	sltiu	s1,s1,5
    2d74:	0014bd93          	seqz	s11,s1
    2d78:	012d8933          	add	s2,s11,s2
    2d7c:	01b934b3          	sltu	s1,s2,s11
    2d80:	013484b3          	add	s1,s1,s3
    2d84:	00048b13          	mv	s6,s1
    2d88:	00090993          	mv	s3,s2
    2d8c:	00a00513          	li	a0,10
    2d90:	00000593          	li	a1,0
    2d94:	00100c93          	li	s9,1
    2d98:	00b4e663          	bltu	s1,a1,2da4 <__dtoa_engine+0x544>
    2d9c:	0a959063          	bne	a1,s1,2e3c <__dtoa_engine+0x5dc>
    2da0:	08a97e63          	bgeu	s2,a0,2e3c <__dtoa_engine+0x5dc>
    2da4:	040d8e63          	beqz	s11,2e00 <__dtoa_engine+0x5a0>
    2da8:	05945c63          	bge	s0,s9,2e00 <__dtoa_engine+0x5a0>
    2dac:	01412783          	lw	a5,20(sp)
    2db0:	02078463          	beqz	a5,2dd8 <__dtoa_engine+0x578>
    2db4:	01812703          	lw	a4,24(sp)
    2db8:	019a07b3          	add	a5,s4,s9
    2dbc:	00f707b3          	add	a5,a4,a5
    2dc0:	0007d463          	bgez	a5,2dc8 <__dtoa_engine+0x568>
    2dc4:	00000793          	li	a5,0
    2dc8:	00078413          	mv	s0,a5
    2dcc:	00fc5463          	bge	s8,a5,2dd4 <__dtoa_engine+0x574>
    2dd0:	000c0413          	mv	s0,s8
    2dd4:	03945663          	bge	s0,s9,2e00 <__dtoa_engine+0x5a0>
    2dd8:	00590513          	addi	a0,s2,5
    2ddc:	01253933          	sltu	s2,a0,s2
    2de0:	00a00613          	li	a2,10
    2de4:	00000693          	li	a3,0
    2de8:	009905b3          	add	a1,s2,s1
    2dec:	7d0000ef          	jal	35bc <__udivdi3>
    2df0:	00050993          	mv	s3,a0
    2df4:	00058b13          	mv	s6,a1
    2df8:	001a0a13          	addi	s4,s4,1
    2dfc:	fffc8c93          	addi	s9,s9,-1
    2e00:	008cd463          	bge	s9,s0,2e08 <__dtoa_engine+0x5a8>
    2e04:	000c8413          	mv	s0,s9
    2e08:	01041413          	slli	s0,s0,0x10
    2e0c:	010a1a13          	slli	s4,s4,0x10
    2e10:	41045413          	srai	s0,s0,0x10
    2e14:	410a5a13          	srai	s4,s4,0x10
    2e18:	008a0a33          	add	s4,s4,s0
    2e1c:	fffa0a13          	addi	s4,s4,-1
    2e20:	008b8933          	add	s2,s7,s0
    2e24:	00000493          	li	s1,0
    2e28:	fff90913          	addi	s2,s2,-1
    2e2c:	0284c263          	blt	s1,s0,2e50 <__dtoa_engine+0x5f0>
    2e30:	014ba023          	sw	s4,0(s7)
    2e34:	015b8223          	sb	s5,4(s7)
    2e38:	a81ff06f          	j	28b8 <__dtoa_engine+0x58>
    2e3c:	00a00613          	li	a2,10
    2e40:	00000693          	li	a3,0
    2e44:	001c8c93          	addi	s9,s9,1
    2e48:	208010ef          	jal	4050 <__muldi3>
    2e4c:	f4dff06f          	j	2d98 <__dtoa_engine+0x538>
    2e50:	00a00613          	li	a2,10
    2e54:	00000693          	li	a3,0
    2e58:	00098513          	mv	a0,s3
    2e5c:	000b0593          	mv	a1,s6
    2e60:	521000ef          	jal	3b80 <__umoddi3>
    2e64:	03050513          	addi	a0,a0,48
    2e68:	00a902a3          	sb	a0,5(s2)
    2e6c:	000b0593          	mv	a1,s6
    2e70:	00098513          	mv	a0,s3
    2e74:	00a00613          	li	a2,10
    2e78:	00000693          	li	a3,0
    2e7c:	740000ef          	jal	35bc <__udivdi3>
    2e80:	00050993          	mv	s3,a0
    2e84:	00058b13          	mv	s6,a1
    2e88:	00148493          	addi	s1,s1,1
    2e8c:	f9dff06f          	j	2e28 <__dtoa_engine+0x5c8>

00002e90 <__log10Pow2>:
    2e90:	938fe2ef          	jal	t0,fc8 <__riscv_save_0>
    2e94:	000135b7          	lui	a1,0x13
    2e98:	44158593          	addi	a1,a1,1089 # 13441 <__stack_size+0x3441>
    2e9c:	98cfe0ef          	jal	1028 <__mulsi3>
    2ea0:	01255513          	srli	a0,a0,0x12
    2ea4:	96cfe06f          	j	1010 <__riscv_restore_0>

00002ea8 <__log10Pow5>:
    2ea8:	920fe2ef          	jal	t0,fc8 <__riscv_save_0>
    2eac:	000b35b7          	lui	a1,0xb3
    2eb0:	efb58593          	addi	a1,a1,-261 # b2efb <__stack_size+0xa2efb>
    2eb4:	974fe0ef          	jal	1028 <__mulsi3>
    2eb8:	01455513          	srli	a0,a0,0x14
    2ebc:	954fe06f          	j	1010 <__riscv_restore_0>

00002ec0 <__pow5bits>:
    2ec0:	908fe2ef          	jal	t0,fc8 <__riscv_save_0>
    2ec4:	001295b7          	lui	a1,0x129
    2ec8:	34f58593          	addi	a1,a1,847 # 12934f <__flash_size+0x2934f>
    2ecc:	95cfe0ef          	jal	1028 <__mulsi3>
    2ed0:	01355513          	srli	a0,a0,0x13
    2ed4:	00150513          	addi	a0,a0,1
    2ed8:	938fe06f          	j	1010 <__riscv_restore_0>

00002edc <__pow5Factor>:
    2edc:	8bcfe2ef          	jal	t0,f98 <__riscv_save_4>
    2ee0:	000047b7          	lui	a5,0x4
    2ee4:	7007a403          	lw	s0,1792(a5) # 4700 <__clz_tab+0x104>
    2ee8:	7047a483          	lw	s1,1796(a5)
    2eec:	33333937          	lui	s2,0x33333
    2ef0:	00000993          	li	s3,0
    2ef4:	33390913          	addi	s2,s2,819 # 33333333 <__stack+0x21333333>
    2ef8:	00040613          	mv	a2,s0
    2efc:	00048693          	mv	a3,s1
    2f00:	150010ef          	jal	4050 <__muldi3>
    2f04:	00b96a63          	bltu	s2,a1,2f18 <__pow5Factor+0x3c>
    2f08:	01259463          	bne	a1,s2,2f10 <__pow5Factor+0x34>
    2f0c:	00a5e663          	bltu	a1,a0,2f18 <__pow5Factor+0x3c>
    2f10:	00198993          	addi	s3,s3,1
    2f14:	fe5ff06f          	j	2ef8 <__pow5Factor+0x1c>
    2f18:	00098513          	mv	a0,s3
    2f1c:	8e0fe06f          	j	ffc <__riscv_restore_4>

00002f20 <__double_computePow5>:
    2f20:	85cfe2ef          	jal	t0,f7c <__riscv_save_10>
    2f24:	fe010113          	addi	sp,sp,-32
    2f28:	00058913          	mv	s2,a1
    2f2c:	01a00593          	li	a1,26
    2f30:	00050413          	mv	s0,a0
    2f34:	920fe0ef          	jal	1054 <__hidden___udivsi3>
    2f38:	00050b13          	mv	s6,a0
    2f3c:	01a00593          	li	a1,26
    2f40:	00040513          	mv	a0,s0
    2f44:	958fe0ef          	jal	109c <__umodsi3>
    2f48:	000049b7          	lui	s3,0x4
    2f4c:	2c098b93          	addi	s7,s3,704 # 42c0 <DOUBLE_POW5_SPLIT2>
    2f50:	004b1793          	slli	a5,s6,0x4
    2f54:	00fb8bb3          	add	s7,s7,a5
    2f58:	02051663          	bnez	a0,2f84 <__double_computePow5+0x64>
    2f5c:	000ba703          	lw	a4,0(s7)
    2f60:	004ba783          	lw	a5,4(s7)
    2f64:	00e92023          	sw	a4,0(s2)
    2f68:	00f92223          	sw	a5,4(s2)
    2f6c:	008ba503          	lw	a0,8(s7)
    2f70:	00cba583          	lw	a1,12(s7)
    2f74:	00a92423          	sw	a0,8(s2)
    2f78:	00b92623          	sw	a1,12(s2)
    2f7c:	02010113          	addi	sp,sp,32
    2f80:	868fe06f          	j	fe8 <__riscv_restore_10>
    2f84:	00351793          	slli	a5,a0,0x3
    2f88:	2c098993          	addi	s3,s3,704
    2f8c:	00f987b3          	add	a5,s3,a5
    2f90:	0d07aa03          	lw	s4,208(a5)
    2f94:	0d47aa83          	lw	s5,212(a5)
    2f98:	008ba603          	lw	a2,8(s7)
    2f9c:	00cba683          	lw	a3,12(s7)
    2fa0:	01010713          	addi	a4,sp,16
    2fa4:	000a0513          	mv	a0,s4
    2fa8:	000a8593          	mv	a1,s5
    2fac:	294000ef          	jal	3240 <__umul128>
    2fb0:	000ba603          	lw	a2,0(s7)
    2fb4:	004ba683          	lw	a3,4(s7)
    2fb8:	00050493          	mv	s1,a0
    2fbc:	00058c13          	mv	s8,a1
    2fc0:	01810713          	addi	a4,sp,24
    2fc4:	000a0513          	mv	a0,s4
    2fc8:	000a8593          	mv	a1,s5
    2fcc:	274000ef          	jal	3240 <__umul128>
    2fd0:	01812783          	lw	a5,24(sp)
    2fd4:	01c12703          	lw	a4,28(sp)
    2fd8:	00050a93          	mv	s5,a0
    2fdc:	009784b3          	add	s1,a5,s1
    2fe0:	00f4ba33          	sltu	s4,s1,a5
    2fe4:	01870c33          	add	s8,a4,s8
    2fe8:	018a0a33          	add	s4,s4,s8
    2fec:	00ea6663          	bltu	s4,a4,2ff8 <__double_computePow5+0xd8>
    2ff0:	03471263          	bne	a4,s4,3014 <__double_computePow5+0xf4>
    2ff4:	02f4f063          	bgeu	s1,a5,3014 <__double_computePow5+0xf4>
    2ff8:	01012783          	lw	a5,16(sp)
    2ffc:	01412683          	lw	a3,20(sp)
    3000:	00178713          	addi	a4,a5,1
    3004:	00f737b3          	sltu	a5,a4,a5
    3008:	00d787b3          	add	a5,a5,a3
    300c:	00e12823          	sw	a4,16(sp)
    3010:	00f12a23          	sw	a5,20(sp)
    3014:	00040513          	mv	a0,s0
    3018:	00b12623          	sw	a1,12(sp)
    301c:	ea5ff0ef          	jal	2ec0 <__pow5bits>
    3020:	001b1793          	slli	a5,s6,0x1
    3024:	016787b3          	add	a5,a5,s6
    3028:	00279793          	slli	a5,a5,0x2
    302c:	016787b3          	add	a5,a5,s6
    3030:	00050b93          	mv	s7,a0
    3034:	00179513          	slli	a0,a5,0x1
    3038:	e89ff0ef          	jal	2ec0 <__pow5bits>
    303c:	00c12583          	lw	a1,12(sp)
    3040:	40ab8733          	sub	a4,s7,a0
    3044:	00048613          	mv	a2,s1
    3048:	000a0693          	mv	a3,s4
    304c:	000a8513          	mv	a0,s5
    3050:	00e12423          	sw	a4,8(sp)
    3054:	298000ef          	jal	32ec <__shiftright128>
    3058:	00445793          	srli	a5,s0,0x4
    305c:	00279793          	slli	a5,a5,0x2
    3060:	00f989b3          	add	s3,s3,a5
    3064:	1a09a783          	lw	a5,416(s3)
    3068:	00141413          	slli	s0,s0,0x1
    306c:	01e47413          	andi	s0,s0,30
    3070:	0087d7b3          	srl	a5,a5,s0
    3074:	0037f793          	andi	a5,a5,3
    3078:	00a78533          	add	a0,a5,a0
    307c:	00f537b3          	sltu	a5,a0,a5
    3080:	00812703          	lw	a4,8(sp)
    3084:	01012603          	lw	a2,16(sp)
    3088:	01412683          	lw	a3,20(sp)
    308c:	00b787b3          	add	a5,a5,a1
    3090:	00a92023          	sw	a0,0(s2)
    3094:	00f92223          	sw	a5,4(s2)
    3098:	00048513          	mv	a0,s1
    309c:	000a0593          	mv	a1,s4
    30a0:	24c000ef          	jal	32ec <__shiftright128>
    30a4:	ed1ff06f          	j	2f74 <__double_computePow5+0x54>

000030a8 <__double_computeInvPow5>:
    30a8:	ed5fd2ef          	jal	t0,f7c <__riscv_save_10>
    30ac:	00050413          	mv	s0,a0
    30b0:	fe010113          	addi	sp,sp,-32
    30b4:	00058a13          	mv	s4,a1
    30b8:	01950513          	addi	a0,a0,25
    30bc:	01a00593          	li	a1,26
    30c0:	f95fd0ef          	jal	1054 <__hidden___udivsi3>
    30c4:	00151493          	slli	s1,a0,0x1
    30c8:	00a484b3          	add	s1,s1,a0
    30cc:	00249493          	slli	s1,s1,0x2
    30d0:	00004b37          	lui	s6,0x4
    30d4:	00a484b3          	add	s1,s1,a0
    30d8:	2c0b0a93          	addi	s5,s6,704 # 42c0 <DOUBLE_POW5_SPLIT2>
    30dc:	00149493          	slli	s1,s1,0x1
    30e0:	1f8a8a93          	addi	s5,s5,504
    30e4:	00451513          	slli	a0,a0,0x4
    30e8:	408487b3          	sub	a5,s1,s0
    30ec:	00aa8ab3          	add	s5,s5,a0
    30f0:	02849663          	bne	s1,s0,311c <__double_computeInvPow5+0x74>
    30f4:	000aa703          	lw	a4,0(s5)
    30f8:	004aa783          	lw	a5,4(s5)
    30fc:	00ea2023          	sw	a4,0(s4)
    3100:	00fa2223          	sw	a5,4(s4)
    3104:	008aa503          	lw	a0,8(s5)
    3108:	00caa583          	lw	a1,12(s5)
    310c:	00aa2423          	sw	a0,8(s4)
    3110:	00ba2623          	sw	a1,12(s4)
    3114:	02010113          	addi	sp,sp,32
    3118:	ed1fd06f          	j	fe8 <__riscv_restore_10>
    311c:	2c0b0b13          	addi	s6,s6,704
    3120:	00379793          	slli	a5,a5,0x3
    3124:	00fb07b3          	add	a5,s6,a5
    3128:	0d47a983          	lw	s3,212(a5)
    312c:	0d07a903          	lw	s2,208(a5)
    3130:	008aa603          	lw	a2,8(s5)
    3134:	00caa683          	lw	a3,12(s5)
    3138:	01010713          	addi	a4,sp,16
    313c:	00098593          	mv	a1,s3
    3140:	00090513          	mv	a0,s2
    3144:	0fc000ef          	jal	3240 <__umul128>
    3148:	000aa603          	lw	a2,0(s5)
    314c:	004aa683          	lw	a3,4(s5)
    3150:	00050c13          	mv	s8,a0
    3154:	00163793          	seqz	a5,a2
    3158:	00058b93          	mv	s7,a1
    315c:	01810713          	addi	a4,sp,24
    3160:	40f686b3          	sub	a3,a3,a5
    3164:	00098593          	mv	a1,s3
    3168:	fff60613          	addi	a2,a2,-1
    316c:	00090513          	mv	a0,s2
    3170:	0d0000ef          	jal	3240 <__umul128>
    3174:	01812783          	lw	a5,24(sp)
    3178:	01c12703          	lw	a4,28(sp)
    317c:	00050a93          	mv	s5,a0
    3180:	01878c33          	add	s8,a5,s8
    3184:	00fc39b3          	sltu	s3,s8,a5
    3188:	01770bb3          	add	s7,a4,s7
    318c:	017989b3          	add	s3,s3,s7
    3190:	00e9e663          	bltu	s3,a4,319c <__double_computeInvPow5+0xf4>
    3194:	03371263          	bne	a4,s3,31b8 <__double_computeInvPow5+0x110>
    3198:	02fc7063          	bgeu	s8,a5,31b8 <__double_computeInvPow5+0x110>
    319c:	01012783          	lw	a5,16(sp)
    31a0:	01412683          	lw	a3,20(sp)
    31a4:	00178713          	addi	a4,a5,1
    31a8:	00f737b3          	sltu	a5,a4,a5
    31ac:	00d787b3          	add	a5,a5,a3
    31b0:	00e12823          	sw	a4,16(sp)
    31b4:	00f12a23          	sw	a5,20(sp)
    31b8:	00048513          	mv	a0,s1
    31bc:	00b12623          	sw	a1,12(sp)
    31c0:	d01ff0ef          	jal	2ec0 <__pow5bits>
    31c4:	00050493          	mv	s1,a0
    31c8:	00040513          	mv	a0,s0
    31cc:	cf5ff0ef          	jal	2ec0 <__pow5bits>
    31d0:	00c12583          	lw	a1,12(sp)
    31d4:	40a48733          	sub	a4,s1,a0
    31d8:	000c0613          	mv	a2,s8
    31dc:	00098693          	mv	a3,s3
    31e0:	000a8513          	mv	a0,s5
    31e4:	00e12423          	sw	a4,8(sp)
    31e8:	104000ef          	jal	32ec <__shiftright128>
    31ec:	00445793          	srli	a5,s0,0x4
    31f0:	00279793          	slli	a5,a5,0x2
    31f4:	00fb0b33          	add	s6,s6,a5
    31f8:	2e8b2783          	lw	a5,744(s6)
    31fc:	00141413          	slli	s0,s0,0x1
    3200:	01e47413          	andi	s0,s0,30
    3204:	0087d7b3          	srl	a5,a5,s0
    3208:	0037f793          	andi	a5,a5,3
    320c:	00178793          	addi	a5,a5,1
    3210:	00a78533          	add	a0,a5,a0
    3214:	00f537b3          	sltu	a5,a0,a5
    3218:	00812703          	lw	a4,8(sp)
    321c:	01012603          	lw	a2,16(sp)
    3220:	01412683          	lw	a3,20(sp)
    3224:	00b787b3          	add	a5,a5,a1
    3228:	00aa2023          	sw	a0,0(s4)
    322c:	00fa2223          	sw	a5,4(s4)
    3230:	000c0513          	mv	a0,s8
    3234:	00098593          	mv	a1,s3
    3238:	0b4000ef          	jal	32ec <__shiftright128>
    323c:	ed1ff06f          	j	310c <__double_computeInvPow5+0x64>

00003240 <__umul128>:
    3240:	d59fd2ef          	jal	t0,f98 <__riscv_save_4>
    3244:	00058a13          	mv	s4,a1
    3248:	00068a93          	mv	s5,a3
    324c:	00000593          	li	a1,0
    3250:	00000693          	li	a3,0
    3254:	00070b13          	mv	s6,a4
    3258:	00050493          	mv	s1,a0
    325c:	00060993          	mv	s3,a2
    3260:	5f1000ef          	jal	4050 <__muldi3>
    3264:	00050913          	mv	s2,a0
    3268:	00058413          	mv	s0,a1
    326c:	00098613          	mv	a2,s3
    3270:	00000693          	li	a3,0
    3274:	000a0513          	mv	a0,s4
    3278:	00000593          	li	a1,0
    327c:	5d5000ef          	jal	4050 <__muldi3>
    3280:	008509b3          	add	s3,a0,s0
    3284:	0089b433          	sltu	s0,s3,s0
    3288:	00b40433          	add	s0,s0,a1
    328c:	00048613          	mv	a2,s1
    3290:	00000693          	li	a3,0
    3294:	000a8513          	mv	a0,s5
    3298:	00000593          	li	a1,0
    329c:	5b5000ef          	jal	4050 <__muldi3>
    32a0:	013509b3          	add	s3,a0,s3
    32a4:	00a9b4b3          	sltu	s1,s3,a0
    32a8:	00b484b3          	add	s1,s1,a1
    32ac:	000a8613          	mv	a2,s5
    32b0:	00000693          	li	a3,0
    32b4:	000a0513          	mv	a0,s4
    32b8:	00000593          	li	a1,0
    32bc:	595000ef          	jal	4050 <__muldi3>
    32c0:	00a40533          	add	a0,s0,a0
    32c4:	00853433          	sltu	s0,a0,s0
    32c8:	00b40433          	add	s0,s0,a1
    32cc:	009505b3          	add	a1,a0,s1
    32d0:	00a5b533          	sltu	a0,a1,a0
    32d4:	00850533          	add	a0,a0,s0
    32d8:	00bb2023          	sw	a1,0(s6)
    32dc:	00ab2223          	sw	a0,4(s6)
    32e0:	00098593          	mv	a1,s3
    32e4:	00090513          	mv	a0,s2
    32e8:	d15fd06f          	j	ffc <__riscv_restore_4>

000032ec <__shiftright128>:
    32ec:	cadfd2ef          	jal	t0,f98 <__riscv_save_4>
    32f0:	00050a13          	mv	s4,a0
    32f4:	00060513          	mv	a0,a2
    32f8:	04000613          	li	a2,64
    32fc:	40e60633          	sub	a2,a2,a4
    3300:	00058993          	mv	s3,a1
    3304:	00068593          	mv	a1,a3
    3308:	00070413          	mv	s0,a4
    330c:	240000ef          	jal	354c <__ashldi3>
    3310:	00050913          	mv	s2,a0
    3314:	00058493          	mv	s1,a1
    3318:	00040613          	mv	a2,s0
    331c:	000a0513          	mv	a0,s4
    3320:	00098593          	mv	a1,s3
    3324:	1f0000ef          	jal	3514 <__lshrdi3>
    3328:	00a96533          	or	a0,s2,a0
    332c:	00b4e5b3          	or	a1,s1,a1
    3330:	ccdfd06f          	j	ffc <__riscv_restore_4>

00003334 <strnlen>:
    3334:	00b505b3          	add	a1,a0,a1
    3338:	00050793          	mv	a5,a0
    333c:	00b78663          	beq	a5,a1,3348 <strnlen+0x14>
    3340:	0007c703          	lbu	a4,0(a5)
    3344:	00071663          	bnez	a4,3350 <strnlen+0x1c>
    3348:	40a78533          	sub	a0,a5,a0
    334c:	00008067          	ret
    3350:	00178793          	addi	a5,a5,1
    3354:	fe9ff06f          	j	333c <strnlen+0x8>

00003358 <__dtox_engine>:
    3358:	c15fd2ef          	jal	t0,f6c <__riscv_save_12>
    335c:	4145d793          	srai	a5,a1,0x14
    3360:	00070b13          	mv	s6,a4
    3364:	7ff7f793          	andi	a5,a5,2047
    3368:	00c59713          	slli	a4,a1,0xc
    336c:	00068413          	mv	s0,a3
    3370:	00c75913          	srli	s2,a4,0xc
    3374:	00a7e6b3          	or	a3,a5,a0
    3378:	0126e733          	or	a4,a3,s2
    337c:	ff010113          	addi	sp,sp,-16
    3380:	00050d13          	mv	s10,a0
    3384:	00060993          	mv	s3,a2
    3388:	00050493          	mv	s1,a0
    338c:	10071c63          	bnez	a4,34a4 <__dtox_engine+0x14c>
    3390:	03000793          	li	a5,48
    3394:	00f602a3          	sb	a5,5(a2)
    3398:	00000c93          	li	s9,0
    339c:	01f5da13          	srli	s4,a1,0x1f
    33a0:	01498223          	sb	s4,4(s3)
    33a4:	10044e63          	bltz	s0,34c0 <__dtox_engine+0x168>
    33a8:	00c00793          	li	a5,12
    33ac:	1087ce63          	blt	a5,s0,34c8 <__dtox_engine+0x170>
    33b0:	00d00c13          	li	s8,13
    33b4:	408c0c33          	sub	s8,s8,s0
    33b8:	002c1c13          	slli	s8,s8,0x2
    33bc:	fffc0613          	addi	a2,s8,-1
    33c0:	00100513          	li	a0,1
    33c4:	00000593          	li	a1,0
    33c8:	184000ef          	jal	354c <__ashldi3>
    33cc:	01f55713          	srli	a4,a0,0x1f
    33d0:	00159793          	slli	a5,a1,0x1
    33d4:	00f767b3          	or	a5,a4,a5
    33d8:	00151713          	slli	a4,a0,0x1
    33dc:	00e03633          	snez	a2,a4
    33e0:	40f00db3          	neg	s11,a5
    33e4:	40e006b3          	neg	a3,a4
    33e8:	40cd8db3          	sub	s11,s11,a2
    33ec:	fff70613          	addi	a2,a4,-1
    33f0:	00173713          	seqz	a4,a4
    33f4:	40e787b3          	sub	a5,a5,a4
    33f8:	0127f7b3          	and	a5,a5,s2
    33fc:	00050a93          	mv	s5,a0
    3400:	00058b93          	mv	s7,a1
    3404:	01a67733          	and	a4,a2,s10
    3408:	02f5c663          	blt	a1,a5,3434 <__dtox_engine+0xdc>
    340c:	00b79463          	bne	a5,a1,3414 <__dtox_engine+0xbc>
    3410:	02e56263          	bltu	a0,a4,3434 <__dtox_engine+0xdc>
    3414:	000c0613          	mv	a2,s8
    3418:	000d0513          	mv	a0,s10
    341c:	00090593          	mv	a1,s2
    3420:	00d12623          	sw	a3,12(sp)
    3424:	160000ef          	jal	3584 <__ashrdi3>
    3428:	00157513          	andi	a0,a0,1
    342c:	00c12683          	lw	a3,12(sp)
    3430:	02050663          	beqz	a0,345c <__dtox_engine+0x104>
    3434:	01aa8ab3          	add	s5,s5,s10
    3438:	01aab533          	sltu	a0,s5,s10
    343c:	01790bb3          	add	s7,s2,s7
    3440:	01750933          	add	s2,a0,s7
    3444:	001007b7          	lui	a5,0x100
    3448:	000a8493          	mv	s1,s5
    344c:	00f94863          	blt	s2,a5,345c <__dtox_engine+0x104>
    3450:	0059c783          	lbu	a5,5(s3)
    3454:	00178793          	addi	a5,a5,1 # 100001 <__flash_size+0x1>
    3458:	00f982a3          	sb	a5,5(s3)
    345c:	00d4f4b3          	and	s1,s1,a3
    3460:	01b97933          	and	s2,s2,s11
    3464:	40000713          	li	a4,1024
    3468:	00d00793          	li	a5,13
    346c:	06ec8263          	beq	s9,a4,34d0 <__dtox_engine+0x178>
    3470:	05700693          	li	a3,87
    3474:	00900593          	li	a1,9
    3478:	416686b3          	sub	a3,a3,s6
    347c:	01c91613          	slli	a2,s2,0x1c
    3480:	00f4f713          	andi	a4,s1,15
    3484:	0044d493          	srli	s1,s1,0x4
    3488:	009664b3          	or	s1,a2,s1
    348c:	40495913          	srai	s2,s2,0x4
    3490:	06071263          	bnez	a4,34f4 <__dtox_engine+0x19c>
    3494:	06f45463          	bge	s0,a5,34fc <__dtox_engine+0x1a4>
    3498:	fff78793          	addi	a5,a5,-1
    349c:	fe0790e3          	bnez	a5,347c <__dtox_engine+0x124>
    34a0:	0440006f          	j	34e4 <__dtox_engine+0x18c>
    34a4:	03100713          	li	a4,49
    34a8:	00079663          	bnez	a5,34b4 <__dtox_engine+0x15c>
    34ac:	03000713          	li	a4,48
    34b0:	00100793          	li	a5,1
    34b4:	00e982a3          	sb	a4,5(s3)
    34b8:	c0178c93          	addi	s9,a5,-1023
    34bc:	ee1ff06f          	j	339c <__dtox_engine+0x44>
    34c0:	00000413          	li	s0,0
    34c4:	fa1ff06f          	j	3464 <__dtox_engine+0x10c>
    34c8:	00d00413          	li	s0,13
    34cc:	f99ff06f          	j	3464 <__dtox_engine+0x10c>
    34d0:	0124e4b3          	or	s1,s1,s2
    34d4:	004a6793          	ori	a5,s4,4
    34d8:	00048463          	beqz	s1,34e0 <__dtox_engine+0x188>
    34dc:	008a6793          	ori	a5,s4,8
    34e0:	00f98223          	sb	a5,4(s3)
    34e4:	0199a023          	sw	s9,0(s3)
    34e8:	00040513          	mv	a0,s0
    34ec:	01010113          	addi	sp,sp,16
    34f0:	af1fd06f          	j	fe0 <__riscv_restore_12>
    34f4:	00e68633          	add	a2,a3,a4
    34f8:	00e5c463          	blt	a1,a4,3500 <__dtox_engine+0x1a8>
    34fc:	03070613          	addi	a2,a4,48
    3500:	00f98733          	add	a4,s3,a5
    3504:	00c702a3          	sb	a2,5(a4)
    3508:	f8f458e3          	bge	s0,a5,3498 <__dtox_engine+0x140>
    350c:	00078413          	mv	s0,a5
    3510:	f89ff06f          	j	3498 <__dtox_engine+0x140>

00003514 <__lshrdi3>:
    3514:	02060063          	beqz	a2,3534 <__lshrdi3+0x20>
    3518:	02000793          	li	a5,32
    351c:	40c787b3          	sub	a5,a5,a2
    3520:	00f04c63          	bgtz	a5,3538 <__lshrdi3+0x24>
    3524:	fe060613          	addi	a2,a2,-32
    3528:	00c5d533          	srl	a0,a1,a2
    352c:	00000713          	li	a4,0
    3530:	00070593          	mv	a1,a4
    3534:	00008067          	ret
    3538:	00c5d733          	srl	a4,a1,a2
    353c:	00c55533          	srl	a0,a0,a2
    3540:	00f595b3          	sll	a1,a1,a5
    3544:	00b56533          	or	a0,a0,a1
    3548:	fe9ff06f          	j	3530 <__lshrdi3+0x1c>

0000354c <__ashldi3>:
    354c:	02060063          	beqz	a2,356c <__ashldi3+0x20>
    3550:	02000793          	li	a5,32
    3554:	40c787b3          	sub	a5,a5,a2
    3558:	00f04c63          	bgtz	a5,3570 <__ashldi3+0x24>
    355c:	fe060613          	addi	a2,a2,-32
    3560:	00c515b3          	sll	a1,a0,a2
    3564:	00000713          	li	a4,0
    3568:	00070513          	mv	a0,a4
    356c:	00008067          	ret
    3570:	00c51733          	sll	a4,a0,a2
    3574:	00c595b3          	sll	a1,a1,a2
    3578:	00f55533          	srl	a0,a0,a5
    357c:	00a5e5b3          	or	a1,a1,a0
    3580:	fe9ff06f          	j	3568 <__ashldi3+0x1c>

00003584 <__ashrdi3>:
    3584:	02060063          	beqz	a2,35a4 <__ashrdi3+0x20>
    3588:	02000793          	li	a5,32
    358c:	40c787b3          	sub	a5,a5,a2
    3590:	00f04c63          	bgtz	a5,35a8 <__ashrdi3+0x24>
    3594:	fe060613          	addi	a2,a2,-32
    3598:	41f5d713          	srai	a4,a1,0x1f
    359c:	40c5d533          	sra	a0,a1,a2
    35a0:	00070593          	mv	a1,a4
    35a4:	00008067          	ret
    35a8:	40c5d733          	sra	a4,a1,a2
    35ac:	00c55533          	srl	a0,a0,a2
    35b0:	00f595b3          	sll	a1,a1,a5
    35b4:	00b56533          	or	a0,a0,a1
    35b8:	fe9ff06f          	j	35a0 <__ashrdi3+0x1c>

000035bc <__udivdi3>:
    35bc:	fd010113          	addi	sp,sp,-48
    35c0:	01412c23          	sw	s4,24(sp)
    35c4:	02112623          	sw	ra,44(sp)
    35c8:	02812423          	sw	s0,40(sp)
    35cc:	02912223          	sw	s1,36(sp)
    35d0:	03212023          	sw	s2,32(sp)
    35d4:	01312e23          	sw	s3,28(sp)
    35d8:	01512a23          	sw	s5,20(sp)
    35dc:	01612823          	sw	s6,16(sp)
    35e0:	01712623          	sw	s7,12(sp)
    35e4:	01812423          	sw	s8,8(sp)
    35e8:	01912223          	sw	s9,4(sp)
    35ec:	00050a13          	mv	s4,a0
    35f0:	38069463          	bnez	a3,3978 <__udivdi3+0x3bc>
    35f4:	00060993          	mv	s3,a2
    35f8:	00050493          	mv	s1,a0
    35fc:	00001797          	auipc	a5,0x1
    3600:	00078793          	mv	a5,a5
    3604:	12c5f863          	bgeu	a1,a2,3734 <__udivdi3+0x178>
    3608:	00010737          	lui	a4,0x10
    360c:	00058913          	mv	s2,a1
    3610:	10e67863          	bgeu	a2,a4,3720 <__udivdi3+0x164>
    3614:	10063713          	sltiu	a4,a2,256
    3618:	00173713          	seqz	a4,a4
    361c:	00371713          	slli	a4,a4,0x3
    3620:	00e656b3          	srl	a3,a2,a4
    3624:	00d787b3          	add	a5,a5,a3
    3628:	0007c683          	lbu	a3,0(a5) # 45fc <__clz_tab>
    362c:	00e68733          	add	a4,a3,a4
    3630:	02000693          	li	a3,32
    3634:	40e687b3          	sub	a5,a3,a4
    3638:	00e68c63          	beq	a3,a4,3650 <__udivdi3+0x94>
    363c:	00f59933          	sll	s2,a1,a5
    3640:	00ea5733          	srl	a4,s4,a4
    3644:	00f619b3          	sll	s3,a2,a5
    3648:	01276933          	or	s2,a4,s2
    364c:	00fa14b3          	sll	s1,s4,a5
    3650:	0109da93          	srli	s5,s3,0x10
    3654:	000a8593          	mv	a1,s5
    3658:	00090513          	mv	a0,s2
    365c:	01099b13          	slli	s6,s3,0x10
    3660:	9f5fd0ef          	jal	1054 <__hidden___udivsi3>
    3664:	010b5b13          	srli	s6,s6,0x10
    3668:	00050593          	mv	a1,a0
    366c:	00050a13          	mv	s4,a0
    3670:	000b0513          	mv	a0,s6
    3674:	9b5fd0ef          	jal	1028 <__mulsi3>
    3678:	00050413          	mv	s0,a0
    367c:	000a8593          	mv	a1,s5
    3680:	00090513          	mv	a0,s2
    3684:	a19fd0ef          	jal	109c <__umodsi3>
    3688:	01051513          	slli	a0,a0,0x10
    368c:	0104d713          	srli	a4,s1,0x10
    3690:	00a76733          	or	a4,a4,a0
    3694:	000a0913          	mv	s2,s4
    3698:	00877e63          	bgeu	a4,s0,36b4 <__udivdi3+0xf8>
    369c:	00e98733          	add	a4,s3,a4
    36a0:	fffa0913          	addi	s2,s4,-1
    36a4:	01376863          	bltu	a4,s3,36b4 <__udivdi3+0xf8>
    36a8:	00877663          	bgeu	a4,s0,36b4 <__udivdi3+0xf8>
    36ac:	ffea0913          	addi	s2,s4,-2
    36b0:	01370733          	add	a4,a4,s3
    36b4:	40870433          	sub	s0,a4,s0
    36b8:	000a8593          	mv	a1,s5
    36bc:	00040513          	mv	a0,s0
    36c0:	995fd0ef          	jal	1054 <__hidden___udivsi3>
    36c4:	00050593          	mv	a1,a0
    36c8:	00050a13          	mv	s4,a0
    36cc:	000b0513          	mv	a0,s6
    36d0:	959fd0ef          	jal	1028 <__mulsi3>
    36d4:	00050b13          	mv	s6,a0
    36d8:	000a8593          	mv	a1,s5
    36dc:	00040513          	mv	a0,s0
    36e0:	9bdfd0ef          	jal	109c <__umodsi3>
    36e4:	01049493          	slli	s1,s1,0x10
    36e8:	01051513          	slli	a0,a0,0x10
    36ec:	0104d493          	srli	s1,s1,0x10
    36f0:	00a4e4b3          	or	s1,s1,a0
    36f4:	000a0713          	mv	a4,s4
    36f8:	0164fc63          	bgeu	s1,s6,3710 <__udivdi3+0x154>
    36fc:	009984b3          	add	s1,s3,s1
    3700:	fffa0713          	addi	a4,s4,-1
    3704:	0134e663          	bltu	s1,s3,3710 <__udivdi3+0x154>
    3708:	0164f463          	bgeu	s1,s6,3710 <__udivdi3+0x154>
    370c:	ffea0713          	addi	a4,s4,-2
    3710:	01091793          	slli	a5,s2,0x10
    3714:	00e7e7b3          	or	a5,a5,a4
    3718:	00000913          	li	s2,0
    371c:	1200006f          	j	383c <__udivdi3+0x280>
    3720:	010006b7          	lui	a3,0x1000
    3724:	01800713          	li	a4,24
    3728:	eed67ce3          	bgeu	a2,a3,3620 <__udivdi3+0x64>
    372c:	01000713          	li	a4,16
    3730:	ef1ff06f          	j	3620 <__udivdi3+0x64>
    3734:	00000713          	li	a4,0
    3738:	00060c63          	beqz	a2,3750 <__udivdi3+0x194>
    373c:	00010737          	lui	a4,0x10
    3740:	12e67c63          	bgeu	a2,a4,3878 <__udivdi3+0x2bc>
    3744:	10063713          	sltiu	a4,a2,256
    3748:	00173713          	seqz	a4,a4
    374c:	00371713          	slli	a4,a4,0x3
    3750:	00e656b3          	srl	a3,a2,a4
    3754:	00d787b3          	add	a5,a5,a3
    3758:	0007c783          	lbu	a5,0(a5)
    375c:	02000693          	li	a3,32
    3760:	00e787b3          	add	a5,a5,a4
    3764:	40f68733          	sub	a4,a3,a5
    3768:	12f69263          	bne	a3,a5,388c <__udivdi3+0x2d0>
    376c:	40c58a33          	sub	s4,a1,a2
    3770:	00100913          	li	s2,1
    3774:	0109db13          	srli	s6,s3,0x10
    3778:	000b0593          	mv	a1,s6
    377c:	000a0513          	mv	a0,s4
    3780:	01099b93          	slli	s7,s3,0x10
    3784:	8d1fd0ef          	jal	1054 <__hidden___udivsi3>
    3788:	010bdb93          	srli	s7,s7,0x10
    378c:	00050593          	mv	a1,a0
    3790:	00050c13          	mv	s8,a0
    3794:	000b8513          	mv	a0,s7
    3798:	891fd0ef          	jal	1028 <__mulsi3>
    379c:	00050a93          	mv	s5,a0
    37a0:	000b0593          	mv	a1,s6
    37a4:	000a0513          	mv	a0,s4
    37a8:	8f5fd0ef          	jal	109c <__umodsi3>
    37ac:	01051513          	slli	a0,a0,0x10
    37b0:	0104d713          	srli	a4,s1,0x10
    37b4:	00a76733          	or	a4,a4,a0
    37b8:	000c0a13          	mv	s4,s8
    37bc:	01577e63          	bgeu	a4,s5,37d8 <__udivdi3+0x21c>
    37c0:	00e98733          	add	a4,s3,a4
    37c4:	fffc0a13          	addi	s4,s8,-1
    37c8:	01376863          	bltu	a4,s3,37d8 <__udivdi3+0x21c>
    37cc:	01577663          	bgeu	a4,s5,37d8 <__udivdi3+0x21c>
    37d0:	ffec0a13          	addi	s4,s8,-2
    37d4:	01370733          	add	a4,a4,s3
    37d8:	41570433          	sub	s0,a4,s5
    37dc:	000b0593          	mv	a1,s6
    37e0:	00040513          	mv	a0,s0
    37e4:	871fd0ef          	jal	1054 <__hidden___udivsi3>
    37e8:	00050593          	mv	a1,a0
    37ec:	00050a93          	mv	s5,a0
    37f0:	000b8513          	mv	a0,s7
    37f4:	835fd0ef          	jal	1028 <__mulsi3>
    37f8:	00050b93          	mv	s7,a0
    37fc:	000b0593          	mv	a1,s6
    3800:	00040513          	mv	a0,s0
    3804:	899fd0ef          	jal	109c <__umodsi3>
    3808:	01049493          	slli	s1,s1,0x10
    380c:	01051513          	slli	a0,a0,0x10
    3810:	0104d493          	srli	s1,s1,0x10
    3814:	00a4e4b3          	or	s1,s1,a0
    3818:	000a8713          	mv	a4,s5
    381c:	0174fc63          	bgeu	s1,s7,3834 <__udivdi3+0x278>
    3820:	009984b3          	add	s1,s3,s1
    3824:	fffa8713          	addi	a4,s5,-1
    3828:	0134e663          	bltu	s1,s3,3834 <__udivdi3+0x278>
    382c:	0174f463          	bgeu	s1,s7,3834 <__udivdi3+0x278>
    3830:	ffea8713          	addi	a4,s5,-2
    3834:	010a1793          	slli	a5,s4,0x10
    3838:	00e7e7b3          	or	a5,a5,a4
    383c:	02c12083          	lw	ra,44(sp)
    3840:	02812403          	lw	s0,40(sp)
    3844:	02412483          	lw	s1,36(sp)
    3848:	01c12983          	lw	s3,28(sp)
    384c:	01812a03          	lw	s4,24(sp)
    3850:	01412a83          	lw	s5,20(sp)
    3854:	01012b03          	lw	s6,16(sp)
    3858:	00c12b83          	lw	s7,12(sp)
    385c:	00812c03          	lw	s8,8(sp)
    3860:	00412c83          	lw	s9,4(sp)
    3864:	00090593          	mv	a1,s2
    3868:	00078513          	mv	a0,a5
    386c:	02012903          	lw	s2,32(sp)
    3870:	03010113          	addi	sp,sp,48
    3874:	00008067          	ret
    3878:	010006b7          	lui	a3,0x1000
    387c:	01800713          	li	a4,24
    3880:	ecd678e3          	bgeu	a2,a3,3750 <__udivdi3+0x194>
    3884:	01000713          	li	a4,16
    3888:	ec9ff06f          	j	3750 <__udivdi3+0x194>
    388c:	00e619b3          	sll	s3,a2,a4
    3890:	00f5d933          	srl	s2,a1,a5
    3894:	0109db93          	srli	s7,s3,0x10
    3898:	00e595b3          	sll	a1,a1,a4
    389c:	00fa57b3          	srl	a5,s4,a5
    38a0:	00b7eab3          	or	s5,a5,a1
    38a4:	00ea14b3          	sll	s1,s4,a4
    38a8:	000b8593          	mv	a1,s7
    38ac:	00090513          	mv	a0,s2
    38b0:	01099a13          	slli	s4,s3,0x10
    38b4:	fa0fd0ef          	jal	1054 <__hidden___udivsi3>
    38b8:	010a5a13          	srli	s4,s4,0x10
    38bc:	00050593          	mv	a1,a0
    38c0:	00050b13          	mv	s6,a0
    38c4:	000a0513          	mv	a0,s4
    38c8:	f60fd0ef          	jal	1028 <__mulsi3>
    38cc:	00050413          	mv	s0,a0
    38d0:	000b8593          	mv	a1,s7
    38d4:	00090513          	mv	a0,s2
    38d8:	fc4fd0ef          	jal	109c <__umodsi3>
    38dc:	01051513          	slli	a0,a0,0x10
    38e0:	010ad713          	srli	a4,s5,0x10
    38e4:	00a76733          	or	a4,a4,a0
    38e8:	000b0913          	mv	s2,s6
    38ec:	00877e63          	bgeu	a4,s0,3908 <__udivdi3+0x34c>
    38f0:	00e98733          	add	a4,s3,a4
    38f4:	fffb0913          	addi	s2,s6,-1
    38f8:	01376863          	bltu	a4,s3,3908 <__udivdi3+0x34c>
    38fc:	00877663          	bgeu	a4,s0,3908 <__udivdi3+0x34c>
    3900:	ffeb0913          	addi	s2,s6,-2
    3904:	01370733          	add	a4,a4,s3
    3908:	40870433          	sub	s0,a4,s0
    390c:	000b8593          	mv	a1,s7
    3910:	00040513          	mv	a0,s0
    3914:	f40fd0ef          	jal	1054 <__hidden___udivsi3>
    3918:	00050593          	mv	a1,a0
    391c:	00050b13          	mv	s6,a0
    3920:	000a0513          	mv	a0,s4
    3924:	f04fd0ef          	jal	1028 <__mulsi3>
    3928:	00050a13          	mv	s4,a0
    392c:	000b8593          	mv	a1,s7
    3930:	00040513          	mv	a0,s0
    3934:	f68fd0ef          	jal	109c <__umodsi3>
    3938:	010a9793          	slli	a5,s5,0x10
    393c:	01051513          	slli	a0,a0,0x10
    3940:	0107d793          	srli	a5,a5,0x10
    3944:	00a7e7b3          	or	a5,a5,a0
    3948:	000b0713          	mv	a4,s6
    394c:	0147fe63          	bgeu	a5,s4,3968 <__udivdi3+0x3ac>
    3950:	00f987b3          	add	a5,s3,a5
    3954:	fffb0713          	addi	a4,s6,-1
    3958:	0137e863          	bltu	a5,s3,3968 <__udivdi3+0x3ac>
    395c:	0147f663          	bgeu	a5,s4,3968 <__udivdi3+0x3ac>
    3960:	ffeb0713          	addi	a4,s6,-2
    3964:	013787b3          	add	a5,a5,s3
    3968:	01091913          	slli	s2,s2,0x10
    396c:	41478a33          	sub	s4,a5,s4
    3970:	00e96933          	or	s2,s2,a4
    3974:	e01ff06f          	j	3774 <__udivdi3+0x1b8>
    3978:	1ed5ee63          	bltu	a1,a3,3b74 <__udivdi3+0x5b8>
    397c:	000107b7          	lui	a5,0x10
    3980:	04f6f463          	bgeu	a3,a5,39c8 <__udivdi3+0x40c>
    3984:	1006b713          	sltiu	a4,a3,256
    3988:	00173713          	seqz	a4,a4
    398c:	00371713          	slli	a4,a4,0x3
    3990:	00e6d533          	srl	a0,a3,a4
    3994:	00001797          	auipc	a5,0x1
    3998:	c6878793          	addi	a5,a5,-920 # 45fc <__clz_tab>
    399c:	00a787b3          	add	a5,a5,a0
    39a0:	0007c803          	lbu	a6,0(a5)
    39a4:	02000793          	li	a5,32
    39a8:	00e80833          	add	a6,a6,a4
    39ac:	41078933          	sub	s2,a5,a6
    39b0:	03079663          	bne	a5,a6,39dc <__udivdi3+0x420>
    39b4:	00100793          	li	a5,1
    39b8:	e8b6e2e3          	bltu	a3,a1,383c <__udivdi3+0x280>
    39bc:	00ca37b3          	sltu	a5,s4,a2
    39c0:	0017b793          	seqz	a5,a5
    39c4:	e79ff06f          	j	383c <__udivdi3+0x280>
    39c8:	010007b7          	lui	a5,0x1000
    39cc:	01800713          	li	a4,24
    39d0:	fcf6f0e3          	bgeu	a3,a5,3990 <__udivdi3+0x3d4>
    39d4:	01000713          	li	a4,16
    39d8:	fb9ff06f          	j	3990 <__udivdi3+0x3d4>
    39dc:	012696b3          	sll	a3,a3,s2
    39e0:	01065b33          	srl	s6,a2,a6
    39e4:	00db6b33          	or	s6,s6,a3
    39e8:	0105d4b3          	srl	s1,a1,a6
    39ec:	010b5c13          	srli	s8,s6,0x10
    39f0:	010a5833          	srl	a6,s4,a6
    39f4:	012595b3          	sll	a1,a1,s2
    39f8:	00b869b3          	or	s3,a6,a1
    39fc:	00048513          	mv	a0,s1
    3a00:	000c0593          	mv	a1,s8
    3a04:	010b1b93          	slli	s7,s6,0x10
    3a08:	01261433          	sll	s0,a2,s2
    3a0c:	010bdb93          	srli	s7,s7,0x10
    3a10:	e44fd0ef          	jal	1054 <__hidden___udivsi3>
    3a14:	00050593          	mv	a1,a0
    3a18:	00050c93          	mv	s9,a0
    3a1c:	000b8513          	mv	a0,s7
    3a20:	e08fd0ef          	jal	1028 <__mulsi3>
    3a24:	00050a93          	mv	s5,a0
    3a28:	000c0593          	mv	a1,s8
    3a2c:	00048513          	mv	a0,s1
    3a30:	e6cfd0ef          	jal	109c <__umodsi3>
    3a34:	01051513          	slli	a0,a0,0x10
    3a38:	0109d693          	srli	a3,s3,0x10
    3a3c:	00a6e6b3          	or	a3,a3,a0
    3a40:	000c8493          	mv	s1,s9
    3a44:	0156fe63          	bgeu	a3,s5,3a60 <__udivdi3+0x4a4>
    3a48:	00db06b3          	add	a3,s6,a3
    3a4c:	fffc8493          	addi	s1,s9,-1
    3a50:	0166e863          	bltu	a3,s6,3a60 <__udivdi3+0x4a4>
    3a54:	0156f663          	bgeu	a3,s5,3a60 <__udivdi3+0x4a4>
    3a58:	ffec8493          	addi	s1,s9,-2
    3a5c:	016686b3          	add	a3,a3,s6
    3a60:	41568ab3          	sub	s5,a3,s5
    3a64:	000c0593          	mv	a1,s8
    3a68:	000a8513          	mv	a0,s5
    3a6c:	de8fd0ef          	jal	1054 <__hidden___udivsi3>
    3a70:	00050593          	mv	a1,a0
    3a74:	00050c93          	mv	s9,a0
    3a78:	000b8513          	mv	a0,s7
    3a7c:	dacfd0ef          	jal	1028 <__mulsi3>
    3a80:	00050b93          	mv	s7,a0
    3a84:	000c0593          	mv	a1,s8
    3a88:	000a8513          	mv	a0,s5
    3a8c:	e10fd0ef          	jal	109c <__umodsi3>
    3a90:	01099713          	slli	a4,s3,0x10
    3a94:	01051513          	slli	a0,a0,0x10
    3a98:	01075713          	srli	a4,a4,0x10
    3a9c:	00a76733          	or	a4,a4,a0
    3aa0:	000c8693          	mv	a3,s9
    3aa4:	01777e63          	bgeu	a4,s7,3ac0 <__udivdi3+0x504>
    3aa8:	00eb0733          	add	a4,s6,a4
    3aac:	fffc8693          	addi	a3,s9,-1
    3ab0:	01676863          	bltu	a4,s6,3ac0 <__udivdi3+0x504>
    3ab4:	01777663          	bgeu	a4,s7,3ac0 <__udivdi3+0x504>
    3ab8:	ffec8693          	addi	a3,s9,-2
    3abc:	01670733          	add	a4,a4,s6
    3ac0:	01049793          	slli	a5,s1,0x10
    3ac4:	00010e37          	lui	t3,0x10
    3ac8:	00d7e7b3          	or	a5,a5,a3
    3acc:	fffe0313          	addi	t1,t3,-1 # ffff <stdin+0xb8ef>
    3ad0:	0067f8b3          	and	a7,a5,t1
    3ad4:	00647333          	and	t1,s0,t1
    3ad8:	41770733          	sub	a4,a4,s7
    3adc:	0107de93          	srli	t4,a5,0x10
    3ae0:	01045413          	srli	s0,s0,0x10
    3ae4:	00088513          	mv	a0,a7
    3ae8:	00030593          	mv	a1,t1
    3aec:	d3cfd0ef          	jal	1028 <__mulsi3>
    3af0:	00050813          	mv	a6,a0
    3af4:	00040593          	mv	a1,s0
    3af8:	00088513          	mv	a0,a7
    3afc:	d2cfd0ef          	jal	1028 <__mulsi3>
    3b00:	00050893          	mv	a7,a0
    3b04:	00030593          	mv	a1,t1
    3b08:	000e8513          	mv	a0,t4
    3b0c:	d1cfd0ef          	jal	1028 <__mulsi3>
    3b10:	00050313          	mv	t1,a0
    3b14:	00040593          	mv	a1,s0
    3b18:	000e8513          	mv	a0,t4
    3b1c:	d0cfd0ef          	jal	1028 <__mulsi3>
    3b20:	01085693          	srli	a3,a6,0x10
    3b24:	006888b3          	add	a7,a7,t1
    3b28:	011686b3          	add	a3,a3,a7
    3b2c:	00050613          	mv	a2,a0
    3b30:	0066f463          	bgeu	a3,t1,3b38 <__udivdi3+0x57c>
    3b34:	01c50633          	add	a2,a0,t3
    3b38:	0106d593          	srli	a1,a3,0x10
    3b3c:	00c58633          	add	a2,a1,a2
    3b40:	02c76663          	bltu	a4,a2,3b6c <__udivdi3+0x5b0>
    3b44:	bcc71ae3          	bne	a4,a2,3718 <__udivdi3+0x15c>
    3b48:	00010637          	lui	a2,0x10
    3b4c:	fff60613          	addi	a2,a2,-1 # ffff <stdin+0xb8ef>
    3b50:	00c6f6b3          	and	a3,a3,a2
    3b54:	01069693          	slli	a3,a3,0x10
    3b58:	00c87833          	and	a6,a6,a2
    3b5c:	012a1733          	sll	a4,s4,s2
    3b60:	010686b3          	add	a3,a3,a6
    3b64:	00000913          	li	s2,0
    3b68:	ccd77ae3          	bgeu	a4,a3,383c <__udivdi3+0x280>
    3b6c:	fff78793          	addi	a5,a5,-1 # ffffff <__flash_size+0xefffff>
    3b70:	ba9ff06f          	j	3718 <__udivdi3+0x15c>
    3b74:	00000913          	li	s2,0
    3b78:	00000793          	li	a5,0
    3b7c:	cc1ff06f          	j	383c <__udivdi3+0x280>

00003b80 <__umoddi3>:
    3b80:	fd010113          	addi	sp,sp,-48
    3b84:	02812423          	sw	s0,40(sp)
    3b88:	02912223          	sw	s1,36(sp)
    3b8c:	02112623          	sw	ra,44(sp)
    3b90:	03212023          	sw	s2,32(sp)
    3b94:	01312e23          	sw	s3,28(sp)
    3b98:	01412c23          	sw	s4,24(sp)
    3b9c:	01512a23          	sw	s5,20(sp)
    3ba0:	01612823          	sw	s6,16(sp)
    3ba4:	01712623          	sw	s7,12(sp)
    3ba8:	01812423          	sw	s8,8(sp)
    3bac:	01912223          	sw	s9,4(sp)
    3bb0:	01a12023          	sw	s10,0(sp)
    3bb4:	00050413          	mv	s0,a0
    3bb8:	00058493          	mv	s1,a1
    3bbc:	24069c63          	bnez	a3,3e14 <__umoddi3+0x294>
    3bc0:	00060993          	mv	s3,a2
    3bc4:	00001697          	auipc	a3,0x1
    3bc8:	a3868693          	addi	a3,a3,-1480 # 45fc <__clz_tab>
    3bcc:	12c5fe63          	bgeu	a1,a2,3d08 <__umoddi3+0x188>
    3bd0:	000107b7          	lui	a5,0x10
    3bd4:	12f67063          	bgeu	a2,a5,3cf4 <__umoddi3+0x174>
    3bd8:	10063793          	sltiu	a5,a2,256
    3bdc:	0017b793          	seqz	a5,a5
    3be0:	00379793          	slli	a5,a5,0x3
    3be4:	00f65733          	srl	a4,a2,a5
    3be8:	00e686b3          	add	a3,a3,a4
    3bec:	0006c703          	lbu	a4,0(a3)
    3bf0:	00f707b3          	add	a5,a4,a5
    3bf4:	02000713          	li	a4,32
    3bf8:	40f70933          	sub	s2,a4,a5
    3bfc:	00f70c63          	beq	a4,a5,3c14 <__umoddi3+0x94>
    3c00:	012594b3          	sll	s1,a1,s2
    3c04:	00f557b3          	srl	a5,a0,a5
    3c08:	012619b3          	sll	s3,a2,s2
    3c0c:	0097e4b3          	or	s1,a5,s1
    3c10:	01251433          	sll	s0,a0,s2
    3c14:	0109da93          	srli	s5,s3,0x10
    3c18:	000a8593          	mv	a1,s5
    3c1c:	01099b13          	slli	s6,s3,0x10
    3c20:	00048513          	mv	a0,s1
    3c24:	c30fd0ef          	jal	1054 <__hidden___udivsi3>
    3c28:	010b5b13          	srli	s6,s6,0x10
    3c2c:	000b0593          	mv	a1,s6
    3c30:	bf8fd0ef          	jal	1028 <__mulsi3>
    3c34:	00050a13          	mv	s4,a0
    3c38:	000a8593          	mv	a1,s5
    3c3c:	00048513          	mv	a0,s1
    3c40:	c5cfd0ef          	jal	109c <__umodsi3>
    3c44:	01051513          	slli	a0,a0,0x10
    3c48:	01045793          	srli	a5,s0,0x10
    3c4c:	00a7e7b3          	or	a5,a5,a0
    3c50:	0147fa63          	bgeu	a5,s4,3c64 <__umoddi3+0xe4>
    3c54:	00f987b3          	add	a5,s3,a5
    3c58:	0137e663          	bltu	a5,s3,3c64 <__umoddi3+0xe4>
    3c5c:	0147f463          	bgeu	a5,s4,3c64 <__umoddi3+0xe4>
    3c60:	013787b3          	add	a5,a5,s3
    3c64:	414784b3          	sub	s1,a5,s4
    3c68:	000a8593          	mv	a1,s5
    3c6c:	00048513          	mv	a0,s1
    3c70:	be4fd0ef          	jal	1054 <__hidden___udivsi3>
    3c74:	000b0593          	mv	a1,s6
    3c78:	bb0fd0ef          	jal	1028 <__mulsi3>
    3c7c:	00050a13          	mv	s4,a0
    3c80:	000a8593          	mv	a1,s5
    3c84:	00048513          	mv	a0,s1
    3c88:	c14fd0ef          	jal	109c <__umodsi3>
    3c8c:	01041413          	slli	s0,s0,0x10
    3c90:	01051513          	slli	a0,a0,0x10
    3c94:	01045413          	srli	s0,s0,0x10
    3c98:	00a46433          	or	s0,s0,a0
    3c9c:	01447a63          	bgeu	s0,s4,3cb0 <__umoddi3+0x130>
    3ca0:	00898433          	add	s0,s3,s0
    3ca4:	01346663          	bltu	s0,s3,3cb0 <__umoddi3+0x130>
    3ca8:	01447463          	bgeu	s0,s4,3cb0 <__umoddi3+0x130>
    3cac:	01340433          	add	s0,s0,s3
    3cb0:	41440433          	sub	s0,s0,s4
    3cb4:	01245533          	srl	a0,s0,s2
    3cb8:	00000593          	li	a1,0
    3cbc:	02c12083          	lw	ra,44(sp)
    3cc0:	02812403          	lw	s0,40(sp)
    3cc4:	02412483          	lw	s1,36(sp)
    3cc8:	02012903          	lw	s2,32(sp)
    3ccc:	01c12983          	lw	s3,28(sp)
    3cd0:	01812a03          	lw	s4,24(sp)
    3cd4:	01412a83          	lw	s5,20(sp)
    3cd8:	01012b03          	lw	s6,16(sp)
    3cdc:	00c12b83          	lw	s7,12(sp)
    3ce0:	00812c03          	lw	s8,8(sp)
    3ce4:	00412c83          	lw	s9,4(sp)
    3ce8:	00012d03          	lw	s10,0(sp)
    3cec:	03010113          	addi	sp,sp,48
    3cf0:	00008067          	ret
    3cf4:	01000737          	lui	a4,0x1000
    3cf8:	01800793          	li	a5,24
    3cfc:	eee674e3          	bgeu	a2,a4,3be4 <__umoddi3+0x64>
    3d00:	01000793          	li	a5,16
    3d04:	ee1ff06f          	j	3be4 <__umoddi3+0x64>
    3d08:	00000713          	li	a4,0
    3d0c:	00060c63          	beqz	a2,3d24 <__umoddi3+0x1a4>
    3d10:	000107b7          	lui	a5,0x10
    3d14:	0ef67663          	bgeu	a2,a5,3e00 <__umoddi3+0x280>
    3d18:	10063713          	sltiu	a4,a2,256
    3d1c:	00173713          	seqz	a4,a4
    3d20:	00371713          	slli	a4,a4,0x3
    3d24:	00e657b3          	srl	a5,a2,a4
    3d28:	00f686b3          	add	a3,a3,a5
    3d2c:	0006c783          	lbu	a5,0(a3)
    3d30:	40c584b3          	sub	s1,a1,a2
    3d34:	00e787b3          	add	a5,a5,a4
    3d38:	02000713          	li	a4,32
    3d3c:	40f70933          	sub	s2,a4,a5
    3d40:	ecf70ae3          	beq	a4,a5,3c14 <__umoddi3+0x94>
    3d44:	012619b3          	sll	s3,a2,s2
    3d48:	00f5dbb3          	srl	s7,a1,a5
    3d4c:	0109db13          	srli	s6,s3,0x10
    3d50:	00f557b3          	srl	a5,a0,a5
    3d54:	012595b3          	sll	a1,a1,s2
    3d58:	00b7ea33          	or	s4,a5,a1
    3d5c:	01251433          	sll	s0,a0,s2
    3d60:	000b0593          	mv	a1,s6
    3d64:	01099a93          	slli	s5,s3,0x10
    3d68:	000b8513          	mv	a0,s7
    3d6c:	ae8fd0ef          	jal	1054 <__hidden___udivsi3>
    3d70:	010ada93          	srli	s5,s5,0x10
    3d74:	000a8593          	mv	a1,s5
    3d78:	ab0fd0ef          	jal	1028 <__mulsi3>
    3d7c:	00050493          	mv	s1,a0
    3d80:	000b0593          	mv	a1,s6
    3d84:	000b8513          	mv	a0,s7
    3d88:	b14fd0ef          	jal	109c <__umodsi3>
    3d8c:	01051513          	slli	a0,a0,0x10
    3d90:	010a5713          	srli	a4,s4,0x10
    3d94:	00a76733          	or	a4,a4,a0
    3d98:	00977a63          	bgeu	a4,s1,3dac <__umoddi3+0x22c>
    3d9c:	00e98733          	add	a4,s3,a4
    3da0:	01376663          	bltu	a4,s3,3dac <__umoddi3+0x22c>
    3da4:	00977463          	bgeu	a4,s1,3dac <__umoddi3+0x22c>
    3da8:	01370733          	add	a4,a4,s3
    3dac:	409704b3          	sub	s1,a4,s1
    3db0:	000b0593          	mv	a1,s6
    3db4:	00048513          	mv	a0,s1
    3db8:	a9cfd0ef          	jal	1054 <__hidden___udivsi3>
    3dbc:	000a8593          	mv	a1,s5
    3dc0:	a68fd0ef          	jal	1028 <__mulsi3>
    3dc4:	00050a93          	mv	s5,a0
    3dc8:	000b0593          	mv	a1,s6
    3dcc:	00048513          	mv	a0,s1
    3dd0:	accfd0ef          	jal	109c <__umodsi3>
    3dd4:	010a1793          	slli	a5,s4,0x10
    3dd8:	01051513          	slli	a0,a0,0x10
    3ddc:	0107d793          	srli	a5,a5,0x10
    3de0:	00a7e7b3          	or	a5,a5,a0
    3de4:	0157fa63          	bgeu	a5,s5,3df8 <__umoddi3+0x278>
    3de8:	00f987b3          	add	a5,s3,a5
    3dec:	0137e663          	bltu	a5,s3,3df8 <__umoddi3+0x278>
    3df0:	0157f463          	bgeu	a5,s5,3df8 <__umoddi3+0x278>
    3df4:	013787b3          	add	a5,a5,s3
    3df8:	415784b3          	sub	s1,a5,s5
    3dfc:	e19ff06f          	j	3c14 <__umoddi3+0x94>
    3e00:	010007b7          	lui	a5,0x1000
    3e04:	01800713          	li	a4,24
    3e08:	f0f67ee3          	bgeu	a2,a5,3d24 <__umoddi3+0x1a4>
    3e0c:	01000713          	li	a4,16
    3e10:	f15ff06f          	j	3d24 <__umoddi3+0x1a4>
    3e14:	ead5e4e3          	bltu	a1,a3,3cbc <__umoddi3+0x13c>
    3e18:	000107b7          	lui	a5,0x10
    3e1c:	04f6fe63          	bgeu	a3,a5,3e78 <__umoddi3+0x2f8>
    3e20:	1006b793          	sltiu	a5,a3,256
    3e24:	0017b793          	seqz	a5,a5
    3e28:	00379793          	slli	a5,a5,0x3
    3e2c:	00f6d833          	srl	a6,a3,a5
    3e30:	00000717          	auipc	a4,0x0
    3e34:	7cc70713          	addi	a4,a4,1996 # 45fc <__clz_tab>
    3e38:	01070733          	add	a4,a4,a6
    3e3c:	00074a83          	lbu	s5,0(a4)
    3e40:	00fa8ab3          	add	s5,s5,a5
    3e44:	02000793          	li	a5,32
    3e48:	41578a33          	sub	s4,a5,s5
    3e4c:	05579063          	bne	a5,s5,3e8c <__umoddi3+0x30c>
    3e50:	00b6e463          	bltu	a3,a1,3e58 <__umoddi3+0x2d8>
    3e54:	00c56c63          	bltu	a0,a2,3e6c <__umoddi3+0x2ec>
    3e58:	40c50933          	sub	s2,a0,a2
    3e5c:	40d586b3          	sub	a3,a1,a3
    3e60:	012534b3          	sltu	s1,a0,s2
    3e64:	00090413          	mv	s0,s2
    3e68:	409684b3          	sub	s1,a3,s1
    3e6c:	00040513          	mv	a0,s0
    3e70:	00048593          	mv	a1,s1
    3e74:	e49ff06f          	j	3cbc <__umoddi3+0x13c>
    3e78:	01000737          	lui	a4,0x1000
    3e7c:	01800793          	li	a5,24
    3e80:	fae6f6e3          	bgeu	a3,a4,3e2c <__umoddi3+0x2ac>
    3e84:	01000793          	li	a5,16
    3e88:	fa5ff06f          	j	3e2c <__umoddi3+0x2ac>
    3e8c:	014696b3          	sll	a3,a3,s4
    3e90:	01565bb3          	srl	s7,a2,s5
    3e94:	00dbebb3          	or	s7,s7,a3
    3e98:	0155d9b3          	srl	s3,a1,s5
    3e9c:	01555433          	srl	s0,a0,s5
    3ea0:	014595b3          	sll	a1,a1,s4
    3ea4:	010bd493          	srli	s1,s7,0x10
    3ea8:	00b46433          	or	s0,s0,a1
    3eac:	01451b33          	sll	s6,a0,s4
    3eb0:	00048593          	mv	a1,s1
    3eb4:	00098513          	mv	a0,s3
    3eb8:	010b9c13          	slli	s8,s7,0x10
    3ebc:	01461933          	sll	s2,a2,s4
    3ec0:	010c5c13          	srli	s8,s8,0x10
    3ec4:	990fd0ef          	jal	1054 <__hidden___udivsi3>
    3ec8:	00050593          	mv	a1,a0
    3ecc:	00050d13          	mv	s10,a0
    3ed0:	000c0513          	mv	a0,s8
    3ed4:	954fd0ef          	jal	1028 <__mulsi3>
    3ed8:	00050c93          	mv	s9,a0
    3edc:	00048593          	mv	a1,s1
    3ee0:	00098513          	mv	a0,s3
    3ee4:	9b8fd0ef          	jal	109c <__umodsi3>
    3ee8:	01051513          	slli	a0,a0,0x10
    3eec:	01045793          	srli	a5,s0,0x10
    3ef0:	00a7e7b3          	or	a5,a5,a0
    3ef4:	000d0993          	mv	s3,s10
    3ef8:	0197fe63          	bgeu	a5,s9,3f14 <__umoddi3+0x394>
    3efc:	00fb87b3          	add	a5,s7,a5
    3f00:	fffd0993          	addi	s3,s10,-1
    3f04:	0177e863          	bltu	a5,s7,3f14 <__umoddi3+0x394>
    3f08:	0197f663          	bgeu	a5,s9,3f14 <__umoddi3+0x394>
    3f0c:	ffed0993          	addi	s3,s10,-2
    3f10:	017787b3          	add	a5,a5,s7
    3f14:	41978cb3          	sub	s9,a5,s9
    3f18:	00048593          	mv	a1,s1
    3f1c:	000c8513          	mv	a0,s9
    3f20:	934fd0ef          	jal	1054 <__hidden___udivsi3>
    3f24:	00050593          	mv	a1,a0
    3f28:	00050d13          	mv	s10,a0
    3f2c:	000c0513          	mv	a0,s8
    3f30:	8f8fd0ef          	jal	1028 <__mulsi3>
    3f34:	00048593          	mv	a1,s1
    3f38:	00050c13          	mv	s8,a0
    3f3c:	000c8513          	mv	a0,s9
    3f40:	95cfd0ef          	jal	109c <__umodsi3>
    3f44:	01041593          	slli	a1,s0,0x10
    3f48:	01051513          	slli	a0,a0,0x10
    3f4c:	0105d593          	srli	a1,a1,0x10
    3f50:	00a5e5b3          	or	a1,a1,a0
    3f54:	000d0793          	mv	a5,s10
    3f58:	0185fe63          	bgeu	a1,s8,3f74 <__umoddi3+0x3f4>
    3f5c:	00bb85b3          	add	a1,s7,a1
    3f60:	fffd0793          	addi	a5,s10,-1
    3f64:	0175e863          	bltu	a1,s7,3f74 <__umoddi3+0x3f4>
    3f68:	0185f663          	bgeu	a1,s8,3f74 <__umoddi3+0x3f4>
    3f6c:	ffed0793          	addi	a5,s10,-2
    3f70:	017585b3          	add	a1,a1,s7
    3f74:	00010e37          	lui	t3,0x10
    3f78:	01099993          	slli	s3,s3,0x10
    3f7c:	00f9e9b3          	or	s3,s3,a5
    3f80:	fffe0793          	addi	a5,t3,-1 # ffff <stdin+0xb8ef>
    3f84:	00f9f733          	and	a4,s3,a5
    3f88:	00f977b3          	and	a5,s2,a5
    3f8c:	418584b3          	sub	s1,a1,s8
    3f90:	0109d993          	srli	s3,s3,0x10
    3f94:	01095313          	srli	t1,s2,0x10
    3f98:	00070513          	mv	a0,a4
    3f9c:	00078593          	mv	a1,a5
    3fa0:	888fd0ef          	jal	1028 <__mulsi3>
    3fa4:	00050813          	mv	a6,a0
    3fa8:	00030593          	mv	a1,t1
    3fac:	00070513          	mv	a0,a4
    3fb0:	878fd0ef          	jal	1028 <__mulsi3>
    3fb4:	00050713          	mv	a4,a0
    3fb8:	00078593          	mv	a1,a5
    3fbc:	00098513          	mv	a0,s3
    3fc0:	868fd0ef          	jal	1028 <__mulsi3>
    3fc4:	00050893          	mv	a7,a0
    3fc8:	00030593          	mv	a1,t1
    3fcc:	00098513          	mv	a0,s3
    3fd0:	858fd0ef          	jal	1028 <__mulsi3>
    3fd4:	01085793          	srli	a5,a6,0x10
    3fd8:	01170733          	add	a4,a4,a7
    3fdc:	00e787b3          	add	a5,a5,a4
    3fe0:	00050693          	mv	a3,a0
    3fe4:	0117f463          	bgeu	a5,a7,3fec <__umoddi3+0x46c>
    3fe8:	01c506b3          	add	a3,a0,t3
    3fec:	0107d713          	srli	a4,a5,0x10
    3ff0:	00d70733          	add	a4,a4,a3
    3ff4:	000106b7          	lui	a3,0x10
    3ff8:	fff68693          	addi	a3,a3,-1 # ffff <stdin+0xb8ef>
    3ffc:	00d7f7b3          	and	a5,a5,a3
    4000:	01079793          	slli	a5,a5,0x10
    4004:	00d87833          	and	a6,a6,a3
    4008:	010787b3          	add	a5,a5,a6
    400c:	00e4e663          	bltu	s1,a4,4018 <__umoddi3+0x498>
    4010:	00e49e63          	bne	s1,a4,402c <__umoddi3+0x4ac>
    4014:	00fb7c63          	bgeu	s6,a5,402c <__umoddi3+0x4ac>
    4018:	41278933          	sub	s2,a5,s2
    401c:	0127b6b3          	sltu	a3,a5,s2
    4020:	017686b3          	add	a3,a3,s7
    4024:	00090793          	mv	a5,s2
    4028:	40d70733          	sub	a4,a4,a3
    402c:	40fb07b3          	sub	a5,s6,a5
    4030:	00fb3b33          	sltu	s6,s6,a5
    4034:	40e485b3          	sub	a1,s1,a4
    4038:	416585b3          	sub	a1,a1,s6
    403c:	01559ab3          	sll	s5,a1,s5
    4040:	0147d7b3          	srl	a5,a5,s4
    4044:	00fae533          	or	a0,s5,a5
    4048:	0145d5b3          	srl	a1,a1,s4
    404c:	c71ff06f          	j	3cbc <__umoddi3+0x13c>

00004050 <__muldi3>:
    4050:	00050e13          	mv	t3,a0
    4054:	ff010113          	addi	sp,sp,-16
    4058:	00068313          	mv	t1,a3
    405c:	00112623          	sw	ra,12(sp)
    4060:	00060513          	mv	a0,a2
    4064:	000e0893          	mv	a7,t3
    4068:	00060693          	mv	a3,a2
    406c:	00000713          	li	a4,0
    4070:	00000793          	li	a5,0
    4074:	00000813          	li	a6,0
    4078:	0016fe93          	andi	t4,a3,1
    407c:	00171613          	slli	a2,a4,0x1
    4080:	000e8a63          	beqz	t4,4094 <__muldi3+0x44>
    4084:	01088833          	add	a6,a7,a6
    4088:	00e787b3          	add	a5,a5,a4
    408c:	01183733          	sltu	a4,a6,a7
    4090:	00f707b3          	add	a5,a4,a5
    4094:	01f8d713          	srli	a4,a7,0x1f
    4098:	0016d693          	srli	a3,a3,0x1
    409c:	00e66733          	or	a4,a2,a4
    40a0:	00189893          	slli	a7,a7,0x1
    40a4:	fc069ae3          	bnez	a3,4078 <__muldi3+0x28>
    40a8:	00058663          	beqz	a1,40b4 <__muldi3+0x64>
    40ac:	f7dfc0ef          	jal	1028 <__mulsi3>
    40b0:	00a787b3          	add	a5,a5,a0
    40b4:	00030a63          	beqz	t1,40c8 <__muldi3+0x78>
    40b8:	000e0513          	mv	a0,t3
    40bc:	00030593          	mv	a1,t1
    40c0:	f69fc0ef          	jal	1028 <__mulsi3>
    40c4:	00f507b3          	add	a5,a0,a5
    40c8:	00c12083          	lw	ra,12(sp)
    40cc:	00080513          	mv	a0,a6
    40d0:	00078593          	mv	a1,a5
    40d4:	01010113          	addi	sp,sp,16
    40d8:	00008067          	ret

000040dc <__text_end>:
    40dc:	0000                	.insn	2, 0x
	...
